ts_ms,query_id,source,node_id,seq,size
1789314507046,0,10da3fc00cf414367e2cd761b9c2ecf3c5f3c8cb33d70279eac04f81df9ee2e6,3385b16c727f9c25edafd107e83ab00a79339958b8c2c24730f6f40a31f8646f,1779445898780,165
1789314507046,0,10da3fc00cf414367e2cd761b9c2ecf3c5f3c8cb33d70279eac04f81df9ee2e6,372ea860496a93f30382c5bd4b5c5c3cf8ebdd7fc94bf1f6fcf7a1d8dad8351c,1789045698564,283
1789314507046,0,10da3fc00cf414367e2cd761b9c2ecf3c5f3c8cb33d70279eac04f81df9ee2e6,3bb0db4a56a4e86d82178c5d0fbb36eb39e504c2ae3445b6bf73288d6f694f3d,4,269
1789314507046,0,10da3fc00cf414367e2cd761b9c2ecf3c5f3c8cb33d70279eac04f81df9ee2e6,259ec34ae89b39695c77f29a927338f55f121827916bbc97151dd7433770e584,67,193
1789314507046,0,10da3fc00cf414367e2cd761b9c2ecf3c5f3c8cb33d70279eac04f81df9ee2e6,2b86f723fb359ed42573883d5dd5a5b20c56737175a16f839fc5fcafafe4cbad,3,193
1789314507046,0,10da3fc00cf414367e2cd761b9c2ecf3c5f3c8cb33d70279eac04f81df9ee2e6,73e681cb35d709b862058223612012c218700af6e5f8e37ea73d889b87e80636,1787573407476,291
1789314507046,0,10da3fc00cf414367e2cd761b9c2ecf3c5f3c8cb33d70279eac04f81df9ee2e6,75de8c884dc99bfb5428289a24edfe24f587fa940b710a60860b73981e1955f2,1789087232580,165
1789314507046,0,10da3fc00cf414367e2cd761b9c2ecf3c5f3c8cb33d70279eac04f81df9ee2e6,76de530fe673461e4e9bcd9c3c75007bb702bb7a833e66df792680edb4e57ccc,1788864239539,165
1789314507046,0,10da3fc00cf414367e2cd761b9c2ecf3c5f3c8cb33d70279eac04f81df9ee2e6,7842c8cb303b6a0504aca97b711b7f0676890599e60def6224d83c383481bc43,3,289
1789314507046,0,10da3fc00cf414367e2cd761b9c2ecf3c5f3c8cb33d70279eac04f81df9ee2e6,604e81b0c67d61f607a646ae9f6bffa4c19b166b37909159ab8e3ffc2b29d728,62,248
1789314507046,0,10da3fc00cf414367e2cd761b9c2ecf3c5f3c8cb33d70279eac04f81df9ee2e6,622408ea7c5bee83b2f66b614d0d094d1f9a702ec73ac396b30453f867f9bb28,1787573198097,173
1789314507046,0,10da3fc00cf414367e2cd761b9c2ecf3c5f3c8cb33d70279eac04f81df9ee2e6,6fc5f636a0da291946a40bf7e073b685c8e152bf51c889fd937b218f79cba703,1789130874796,283
1789314507046,0,10da3fc00cf414367e2cd761b9c2ecf3c5f3c8cb33d70279eac04f81df9ee2e6,4cbc6a592c5f8b8fab323b8d83394db5b8be11a007546392d04ad738f458ea37,1786651559075,283
1789314507685,0,2b86f723fb359ed42573883d5dd5a5b20c56737175a16f839fc5fcafafe4cbad,26b3ae9ec36f90f0d8187b56ab18375bcd88e1c38c4b205b3fe7f02410a65f11,2,187
1789314507685,0,2b86f723fb359ed42573883d5dd5a5b20c56737175a16f839fc5fcafafe4cbad,259ec34ae89b39695c77f29a927338f55f121827916bbc97151dd7433770e584,67,193
1789314508132,0,259ec34ae89b39695c77f29a927338f55f121827916bbc97151dd7433770e584,2b86f723fb359ed42573883d5dd5a5b20c56737175a16f839fc5fcafafe4cbad,3,193
1789314508132,0,259ec34ae89b39695c77f29a927338f55f121827916bbc97151dd7433770e584,3bb0db4a56a4e86d82178c5d0fbb36eb39e504c2ae3445b6bf73288d6f694f3d,4,269
1789314508132,0,259ec34ae89b39695c77f29a927338f55f121827916bbc97151dd7433770e584,372ea860496a93f30382c5bd4b5c5c3cf8ebdd7fc94bf1f6fcf7a1d8dad8351c,1789045698564,283
1789314508418,0,3bb0db4a56a4e86d82178c5d0fbb36eb39e504c2ae3445b6bf73288d6f694f3d,2b86f723fb359ed42573883d5dd5a5b20c56737175a16f839fc5fcafafe4cbad,3,193
1789314508418,0,3bb0db4a56a4e86d82178c5d0fbb36eb39e504c2ae3445b6bf73288d6f694f3d,26b3ae9ec36f90f0d8187b56ab18375bcd88e1c38c4b205b3fe7f02410a65f11,2,187
1789314508418,0,3bb0db4a56a4e86d82178c5d0fbb36eb39e504c2ae3445b6bf73288d6f694f3d,259ec34ae89b39695c77f29a927338f55f121827916bbc97151dd7433770e584,67,193
1789314508418,0,3bb0db4a56a4e86d82178c5d0fbb36eb39e504c2ae3445b6bf73288d6f694f3d,372ea860496a93f30382c5bd4b5c5c3cf8ebdd7fc94bf1f6fcf7a1d8dad8351c,1789045698564,283
1789314508418,0,3bb0db4a56a4e86d82178c5d0fbb36eb39e504c2ae3445b6bf73288d6f694f3d,1eeeb2d98e45c2b9fb81b871893df0379f1a8647544b1c8bd6b2e70181c141d7,4,193
1789314508418,0,3bb0db4a56a4e86d82178c5d0fbb36eb39e504c2ae3445b6bf73288d6f694f3d,10da3fc00cf414367e2cd761b9c2ecf3c5f3c8cb33d70279eac04f81df9ee2e6,4,277
1789314509193,0,ebaf6272d70329e5e6331ad683d8239a03f580ec903a9ad75774642e67148ebe,6fc5f636a0da291946a40bf7e073b685c8e152bf51c889fd937b218f79cba703,1789130874793,165
1789314509193,0,ebaf6272d70329e5e6331ad683d8239a03f580ec903a9ad75774642e67148ebe,622408ea7c5bee83b2f66b614d0d094d1f9a702ec73ac396b30453f867f9bb28,1787573198097,173
1789314509193,0,ebaf6272d70329e5e6331ad683d8239a03f580ec903a9ad75774642e67148ebe,604e81b0c67d61f607a646ae9f6bffa4c19b166b37909159ab8e3ffc2b29d728,62,248
1789314509193,0,ebaf6272d70329e5e6331ad683d8239a03f580ec903a9ad75774642e67148ebe,7842c8cb303b6a0504aca97b711b7f0676890599e60def6224d83c383481bc43,3,289
1789314509193,0,ebaf6272d70329e5e6331ad683d8239a03f580ec903a9ad75774642e67148ebe,73e681cb35d709b862058223612012c218700af6e5f8e37ea73d889b87e80636,1787573407476,291
1789314509193,0,ebaf6272d70329e5e6331ad683d8239a03f580ec903a9ad75774642e67148ebe,76de530fe673461e4e9bcd9c3c75007bb702bb7a833e66df792680edb4e57ccc,1788864239539,165
1789314509193,0,ebaf6272d70329e5e6331ad683d8239a03f580ec903a9ad75774642e67148ebe,75de8c884dc99bfb5428289a24edfe24f587fa940b710a60860b73981e1955f2,1789087232580,165
1789314509193,0,ebaf6272d70329e5e6331ad683d8239a03f580ec903a9ad75774642e67148ebe,4cbc6a592c5f8b8fab323b8d83394db5b8be11a007546392d04ad738f458ea37,1786651559075,283
1789314509193,0,ebaf6272d70329e5e6331ad683d8239a03f580ec903a9ad75774642e67148ebe,2b86f723fb359ed42573883d5dd5a5b20c56737175a16f839fc5fcafafe4cbad,3,193
1789314509193,0,ebaf6272d70329e5e6331ad683d8239a03f580ec903a9ad75774642e67148ebe,26b3ae9ec36f90f0d8187b56ab18375bcd88e1c38c4b205b3fe7f02410a65f11,2,187
1789314509193,0,ebaf6272d70329e5e6331ad683d8239a03f580ec903a9ad75774642e67148ebe,259ec34ae89b39695c77f29a927338f55f121827916bbc97151dd7433770e584,67,193
1789314509193,0,ebaf6272d70329e5e6331ad683d8239a03f580ec903a9ad75774642e67148ebe,3bb0db4a56a4e86d82178c5d0fbb36eb39e504c2ae3445b6bf73288d6f694f3d,4,269
1789314509193,0,ebaf6272d70329e5e6331ad683d8239a03f580ec903a9ad75774642e67148ebe,3385b16c727f9c25edafd107e83ab00a79339958b8c2c24730f6f40a31f8646f,1779445898780,165
1789314509193,0,ebaf6272d70329e5e6331ad683d8239a03f580ec903a9ad75774642e67148ebe,372ea860496a93f30382c5bd4b5c5c3cf8ebdd7fc94bf1f6fcf7a1d8dad8351c,1789045698564,283
1789314509193,0,ebaf6272d70329e5e6331ad683d8239a03f580ec903a9ad75774642e67148ebe,0472d0c18cda4fbd60bcc270448a0b5282506012e64232e7793a50ab729fd1fd,1788435511904,283
1789314509193,0,ebaf6272d70329e5e6331ad683d8239a03f580ec903a9ad75774642e67148ebe,10da3fc00cf414367e2cd761b9c2ecf3c5f3c8cb33d70279eac04f81df9ee2e6,4,277
1789314509295,0,a798f63d959239179e3935afe024715f80266149007a59143b8ba205c4d5d0e4,26b3ae9ec36f90f0d8187b56ab18375bcd88e1c38c4b205b3fe7f02410a65f11,2,187
1789314509295,0,a798f63d959239179e3935afe024715f80266149007a59143b8ba205c4d5d0e4,259ec34ae89b39695c77f29a927338f55f121827916bbc97151dd7433770e584,67,193
1789314509295,0,a798f63d959239179e3935afe024715f80266149007a59143b8ba205c4d5d0e4,2b86f723fb359ed42573883d5dd5a5b20c56737175a16f839fc5fcafafe4cbad,3,193
1789314509295,0,a798f63d959239179e3935afe024715f80266149007a59143b8ba205c4d5d0e4,10da3fc00cf414367e2cd761b9c2ecf3c5f3c8cb33d70279eac04f81df9ee2e6,4,277
1789314509295,0,a798f63d959239179e3935afe024715f80266149007a59143b8ba205c4d5d0e4,1eeeb2d98e45c2b9fb81b871893df0379f1a8647544b1c8bd6b2e70181c141d7,4,193
1789314509295,0,a798f63d959239179e3935afe024715f80266149007a59143b8ba205c4d5d0e4,622408ea7c5bee83b2f66b614d0d094d1f9a702ec73ac396b30453f867f9bb28,1787573198097,173
1789314509295,0,a798f63d959239179e3935afe024715f80266149007a59143b8ba205c4d5d0e4,372ea860496a93f30382c5bd4b5c5c3cf8ebdd7fc94bf1f6fcf7a1d8dad8351c,1789045698564,283
1789314509295,0,a798f63d959239179e3935afe024715f80266149007a59143b8ba205c4d5d0e4,3bb0db4a56a4e86d82178c5d0fbb36eb39e504c2ae3445b6bf73288d6f694f3d,4,269
1789314509295,0,a798f63d959239179e3935afe024715f80266149007a59143b8ba205c4d5d0e4,0472d0c18cda4fbd60bcc270448a0b5282506012e64232e7793a50ab729fd1fd,1788435511904,283
1789314509295,0,a798f63d959239179e3935afe024715f80266149007a59143b8ba205c4d5d0e4,604e81b0c67d61f607a646ae9f6bffa4c19b166b37909159ab8e3ffc2b29d728,62,248
1789314509295,0,a798f63d959239179e3935afe024715f80266149007a59143b8ba205c4d5d0e4,6fc5f636a0da291946a40bf7e073b685c8e152bf51c889fd937b218f79cba703,1789130874796,283
1789314509295,0,a798f63d959239179e3935afe024715f80266149007a59143b8ba205c4d5d0e4,76de530fe673461e4e9bcd9c3c75007bb702bb7a833e66df792680edb4e57ccc,1788864239539,165
1789314509295,0,a798f63d959239179e3935afe024715f80266149007a59143b8ba205c4d5d0e4,75de8c884dc99bfb5428289a24edfe24f587fa940b710a60860b73981e1955f2,1789087232580,165
1789314509295,0,a798f63d959239179e3935afe024715f80266149007a59143b8ba205c4d5d0e4,73e681cb35d709b862058223612012c218700af6e5f8e37ea73d889b87e80636,1787573407476,291
1789314509295,0,a798f63d959239179e3935afe024715f80266149007a59143b8ba205c4d5d0e4,7842c8cb303b6a0504aca97b711b7f0676890599e60def6224d83c383481bc43,3,289
1789314509295,0,a798f63d959239179e3935afe024715f80266149007a59143b8ba205c4d5d0e4,4cbc6a592c5f8b8fab323b8d83394db5b8be11a007546392d04ad738f458ea37,1786651559075,283
1789314509338,0,604e81b0c67d61f607a646ae9f6bffa4c19b166b37909159ab8e3ffc2b29d728,259ec34ae89b39695c77f29a927338f55f121827916bbc97151dd7433770e584,67,193
1789314509338,0,604e81b0c67d61f607a646ae9f6bffa4c19b166b37909159ab8e3ffc2b29d728,26b3ae9ec36f90f0d8187b56ab18375bcd88e1c38c4b205b3fe7f02410a65f11,2,187
1789314509338,0,604e81b0c67d61f607a646ae9f6bffa4c19b166b37909159ab8e3ffc2b29d728,2b86f723fb359ed42573883d5dd5a5b20c56737175a16f839fc5fcafafe4cbad,3,193
1789314509338,0,604e81b0c67d61f607a646ae9f6bffa4c19b166b37909159ab8e3ffc2b29d728,3385b16c727f9c25edafd107e83ab00a79339958b8c2c24730f6f40a31f8646f,1779445898780,165
1789314509338,0,604e81b0c67d61f607a646ae9f6bffa4c19b166b37909159ab8e3ffc2b29d728,372ea860496a93f30382c5bd4b5c5c3cf8ebdd7fc94bf1f6fcf7a1d8dad8351c,1789045698564,283
1789314509338,0,604e81b0c67d61f607a646ae9f6bffa4c19b166b37909159ab8e3ffc2b29d728,3bb0db4a56a4e86d82178c5d0fbb36eb39e504c2ae3445b6bf73288d6f694f3d,4,269
1789314509338,0,604e81b0c67d61f607a646ae9f6bffa4c19b166b37909159ab8e3ffc2b29d728,0472d0c18cda4fbd60bcc270448a0b5282506012e64232e7793a50ab729fd1fd,1788435511904,283
1789314509338,0,604e81b0c67d61f607a646ae9f6bffa4c19b166b37909159ab8e3ffc2b29d728,10da3fc00cf414367e2cd761b9c2ecf3c5f3c8cb33d70279eac04f81df9ee2e6,4,277
1789314509338,0,604e81b0c67d61f607a646ae9f6bffa4c19b166b37909159ab8e3ffc2b29d728,1eeeb2d98e45c2b9fb81b871893df0379f1a8647544b1c8bd6b2e70181c141d7,4,193
1789314509338,0,604e81b0c67d61f607a646ae9f6bffa4c19b166b37909159ab8e3ffc2b29d728,4cbc6a592c5f8b8fab323b8d83394db5b8be11a007546392d04ad738f458ea37,1786651559075,283
1789314509528,0,7842c8cb303b6a0504aca97b711b7f0676890599e60def6224d83c383481bc43,3bb0db4a56a4e86d82178c5d0fbb36eb39e504c2ae3445b6bf73288d6f694f3d,4,269
1789314509528,0,7842c8cb303b6a0504aca97b711b7f0676890599e60def6224d83c383481bc43,3385b16c727f9c25edafd107e83ab00a79339958b8c2c24730f6f40a31f8646f,1779445898780,165
1789314509528,0,7842c8cb303b6a0504aca97b711b7f0676890599e60def6224d83c383481bc43,372ea860496a93f30382c5bd4b5c5c3cf8ebdd7fc94bf1f6fcf7a1d8dad8351c,1789045698564,283
1789314509528,0,7842c8cb303b6a0504aca97b711b7f0676890599e60def6224d83c383481bc43,2b86f723fb359ed42573883d5dd5a5b20c56737175a16f839fc5fcafafe4cbad,3,193
1789314509528,0,7842c8cb303b6a0504aca97b711b7f0676890599e60def6224d83c383481bc43,259ec34ae89b39695c77f29a927338f55f121827916bbc97151dd7433770e584,67,193
1789314509528,0,7842c8cb303b6a0504aca97b711b7f0676890599e60def6224d83c383481bc43,26b3ae9ec36f90f0d8187b56ab18375bcd88e1c38c4b205b3fe7f02410a65f11,2,187
1789314509528,0,7842c8cb303b6a0504aca97b711b7f0676890599e60def6224d83c383481bc43,1eeeb2d98e45c2b9fb81b871893df0379f1a8647544b1c8bd6b2e70181c141d7,4,193
1789314509528,0,7842c8cb303b6a0504aca97b711b7f0676890599e60def6224d83c383481bc43,10da3fc00cf414367e2cd761b9c2ecf3c5f3c8cb33d70279eac04f81df9ee2e6,4,277
1789314509528,0,7842c8cb303b6a0504aca97b711b7f0676890599e60def6224d83c383481bc43,0472d0c18cda4fbd60bcc270448a0b5282506012e64232e7793a50ab729fd1fd,1788435511904,283
1789314509528,0,7842c8cb303b6a0504aca97b711b7f0676890599e60def6224d83c383481bc43,4cbc6a592c5f8b8fab323b8d83394db5b8be11a007546392d04ad738f458ea37,1786651559075,283
1789314511922,1,7842c8cb303b6a0504aca97b711b7f0676890599e60def6224d83c383481bc43,4cbc6a592c5f8b8fab323b8d83394db5b8be11a007546392d04ad738f458ea37,1786651559075,283
1789314511922,1,7842c8cb303b6a0504aca97b711b7f0676890599e60def6224d83c383481bc43,6fc5f636a0da291946a40bf7e073b685c8e152bf51c889fd937b218f79cba703,1789130874796,283
1789314511922,1,7842c8cb303b6a0504aca97b711b7f0676890599e60def6224d83c383481bc43,604e81b0c67d61f607a646ae9f6bffa4c19b166b37909159ab8e3ffc2b29d728,62,248
1789314511922,1,7842c8cb303b6a0504aca97b711b7f0676890599e60def6224d83c383481bc43,622408ea7c5bee83b2f66b614d0d094d1f9a702ec73ac396b30453f867f9bb28,1787573198097,173
1789314511922,1,7842c8cb303b6a0504aca97b711b7f0676890599e60def6224d83c383481bc43,1eeeb2d98e45c2b9fb81b871893df0379f1a8647544b1c8bd6b2e70181c141d7,4,193
1789314511922,1,7842c8cb303b6a0504aca97b711b7f0676890599e60def6224d83c383481bc43,10da3fc00cf414367e2cd761b9c2ecf3c5f3c8cb33d70279eac04f81df9ee2e6,4,277
1789314511922,1,7842c8cb303b6a0504aca97b711b7f0676890599e60def6224d83c383481bc43,0472d0c18cda4fbd60bcc270448a0b5282506012e64232e7793a50ab729fd1fd,1788435511904,283
1789314511922,1,7842c8cb303b6a0504aca97b711b7f0676890599e60def6224d83c383481bc43,3bb0db4a56a4e86d82178c5d0fbb36eb39e504c2ae3445b6bf73288d6f694f3d,4,269
1789314511922,1,7842c8cb303b6a0504aca97b711b7f0676890599e60def6224d83c383481bc43,3385b16c727f9c25edafd107e83ab00a79339958b8c2c24730f6f40a31f8646f,1779445898780,165
1789314511922,1,7842c8cb303b6a0504aca97b711b7f0676890599e60def6224d83c383481bc43,372ea860496a93f30382c5bd4b5c5c3cf8ebdd7fc94bf1f6fcf7a1d8dad8351c,1789045698564,283
1789314511922,1,7842c8cb303b6a0504aca97b711b7f0676890599e60def6224d83c383481bc43,2b86f723fb359ed42573883d5dd5a5b20c56737175a16f839fc5fcafafe4cbad,3,193
1789314511922,1,7842c8cb303b6a0504aca97b711b7f0676890599e60def6224d83c383481bc43,259ec34ae89b39695c77f29a927338f55f121827916bbc97151dd7433770e584,67,193
1789314511922,1,7842c8cb303b6a0504aca97b711b7f0676890599e60def6224d83c383481bc43,26b3ae9ec36f90f0d8187b56ab18375bcd88e1c38c4b205b3fe7f02410a65f11,2,187
1789314512609,1,604e81b0c67d61f607a646ae9f6bffa4c19b166b37909159ab8e3ffc2b29d728,4cbc6a592c5f8b8fab323b8d83394db5b8be11a007546392d04ad738f458ea37,1786651559075,283
1789314512609,1,604e81b0c67d61f607a646ae9f6bffa4c19b166b37909159ab8e3ffc2b29d728,73e681cb35d709b862058223612012c218700af6e5f8e37ea73d889b87e80636,1787573407476,291
1789314512609,1,604e81b0c67d61f607a646ae9f6bffa4c19b166b37909159ab8e3ffc2b29d728,75de8c884dc99bfb5428289a24edfe24f587fa940b710a60860b73981e1955f2,1789087232580,165
1789314512609,1,604e81b0c67d61f607a646ae9f6bffa4c19b166b37909159ab8e3ffc2b29d728,76de530fe673461e4e9bcd9c3c75007bb702bb7a833e66df792680edb4e57ccc,1788864239539,165
1789314512609,1,604e81b0c67d61f607a646ae9f6bffa4c19b166b37909159ab8e3ffc2b29d728,7842c8cb303b6a0504aca97b711b7f0676890599e60def6224d83c383481bc43,3,289
1789314512609,1,604e81b0c67d61f607a646ae9f6bffa4c19b166b37909159ab8e3ffc2b29d728,0472d0c18cda4fbd60bcc270448a0b5282506012e64232e7793a50ab729fd1fd,1788435511904,283
1789314512609,1,604e81b0c67d61f607a646ae9f6bffa4c19b166b37909159ab8e3ffc2b29d728,10da3fc00cf414367e2cd761b9c2ecf3c5f3c8cb33d70279eac04f81df9ee2e6,4,277
1789314512609,1,604e81b0c67d61f607a646ae9f6bffa4c19b166b37909159ab8e3ffc2b29d728,1eeeb2d98e45c2b9fb81b871893df0379f1a8647544b1c8bd6b2e70181c141d7,4,193
1789314512609,1,604e81b0c67d61f607a646ae9f6bffa4c19b166b37909159ab8e3ffc2b29d728,259ec34ae89b39695c77f29a927338f55f121827916bbc97151dd7433770e584,67,193
1789314512609,1,604e81b0c67d61f607a646ae9f6bffa4c19b166b37909159ab8e3ffc2b29d728,26b3ae9ec36f90f0d8187b56ab18375bcd88e1c38c4b205b3fe7f02410a65f11,2,187
1789314512609,1,604e81b0c67d61f607a646ae9f6bffa4c19b166b37909159ab8e3ffc2b29d728,2b86f723fb359ed42573883d5dd5a5b20c56737175a16f839fc5fcafafe4cbad,3,193
1789314512609,1,604e81b0c67d61f607a646ae9f6bffa4c19b166b37909159ab8e3ffc2b29d728,3385b16c727f9c25edafd107e83ab00a79339958b8c2c24730f6f40a31f8646f,1779445898780,165
1789314512609,1,604e81b0c67d61f607a646ae9f6bffa4c19b166b37909159ab8e3ffc2b29d728,372ea860496a93f30382c5bd4b5c5c3cf8ebdd7fc94bf1f6fcf7a1d8dad8351c,1789045698564,283
1789314512609,1,604e81b0c67d61f607a646ae9f6bffa4c19b166b37909159ab8e3ffc2b29d728,3bb0db4a56a4e86d82178c5d0fbb36eb39e504c2ae3445b6bf73288d6f694f3d,4,269
1789314514488,1,10da3fc00cf414367e2cd761b9c2ecf3c5f3c8cb33d70279eac04f81df9ee2e6,4cbc6a592c5f8b8fab323b8d83394db5b8be11a007546392d04ad738f458ea37,1786651559075,283
1789314514488,1,10da3fc00cf414367e2cd761b9c2ecf3c5f3c8cb33d70279eac04f81df9ee2e6,73e681cb35d709b862058223612012c218700af6e5f8e37ea73d889b87e80636,1787573407476,291
1789314514488,1,10da3fc00cf414367e2cd761b9c2ecf3c5f3c8cb33d70279eac04f81df9ee2e6,75de8c884dc99bfb5428289a24edfe24f587fa940b710a60860b73981e1955f2,1789087232580,165
1789314514488,1,10da3fc00cf414367e2cd761b9c2ecf3c5f3c8cb33d70279eac04f81df9ee2e6,76de530fe673461e4e9bcd9c3c75007bb702bb7a833e66df792680edb4e57ccc,1788864239539,165
1789314514488,1,10da3fc00cf414367e2cd761b9c2ecf3c5f3c8cb33d70279eac04f81df9ee2e6,7842c8cb303b6a0504aca97b711b7f0676890599e60def6224d83c383481bc43,3,289
1789314514488,1,10da3fc00cf414367e2cd761b9c2ecf3c5f3c8cb33d70279eac04f81df9ee2e6,604e81b0c67d61f607a646ae9f6bffa4c19b166b37909159ab8e3ffc2b29d728,62,248
1789314514488,1,10da3fc00cf414367e2cd761b9c2ecf3c5f3c8cb33d70279eac04f81df9ee2e6,622408ea7c5bee83b2f66b614d0d094d1f9a702ec73ac396b30453f867f9bb28,1787573198097,173
1789314514488,1,10da3fc00cf414367e2cd761b9c2ecf3c5f3c8cb33d70279eac04f81df9ee2e6,6fc5f636a0da291946a40bf7e073b685c8e152bf51c889fd937b218f79cba703,1789130874796,283
1789314514488,1,10da3fc00cf414367e2cd761b9c2ecf3c5f3c8cb33d70279eac04f81df9ee2e6,3385b16c727f9c25edafd107e83ab00a79339958b8c2c24730f6f40a31f8646f,1779445898780,165
1789314514488,1,10da3fc00cf414367e2cd761b9c2ecf3c5f3c8cb33d70279eac04f81df9ee2e6,372ea860496a93f30382c5bd4b5c5c3cf8ebdd7fc94bf1f6fcf7a1d8dad8351c,1789045698564,283
1789314514488,1,10da3fc00cf414367e2cd761b9c2ecf3c5f3c8cb33d70279eac04f81df9ee2e6,3bb0db4a56a4e86d82178c5d0fbb36eb39e504c2ae3445b6bf73288d6f694f3d,4,269
1789314514488,1,10da3fc00cf414367e2cd761b9c2ecf3c5f3c8cb33d70279eac04f81df9ee2e6,259ec34ae89b39695c77f29a927338f55f121827916bbc97151dd7433770e584,67,193
1789314514488,1,10da3fc00cf414367e2cd761b9c2ecf3c5f3c8cb33d70279eac04f81df9ee2e6,2b86f723fb359ed42573883d5dd5a5b20c56737175a16f839fc5fcafafe4cbad,3,193
1789314514488,1,10da3fc00cf414367e2cd761b9c2ecf3c5f3c8cb33d70279eac04f81df9ee2e6,dbfb9521af53eee94f3eadcf7432b60faba1598f96f171e17010ae7b907f20de,1,191
1789314514488,1,10da3fc00cf414367e2cd761b9c2ecf3c5f3c8cb33d70279eac04f81df9ee2e6,eb9e1eb36b887cb4f1910be0e6eafb56a6f38962495f903ebfc821f51c41efd2,4,289
1789314515105,1,3bb0db4a56a4e86d82178c5d0fbb36eb39e504c2ae3445b6bf73288d6f694f3d,7842c8cb303b6a0504aca97b711b7f0676890599e60def6224d83c383481bc43,3,289
1789314515105,1,3bb0db4a56a4e86d82178c5d0fbb36eb39e504c2ae3445b6bf73288d6f694f3d,76de530fe673461e4e9bcd9c3c75007bb702bb7a833e66df792680edb4e57ccc,1788864239539,165
1789314515105,1,3bb0db4a56a4e86d82178c5d0fbb36eb39e504c2ae3445b6bf73288d6f694f3d,75de8c884dc99bfb5428289a24edfe24f587fa940b710a60860b73981e1955f2,1789087232580,165
1789314515105,1,3bb0db4a56a4e86d82178c5d0fbb36eb39e504c2ae3445b6bf73288d6f694f3d,6fc5f636a0da291946a40bf7e073b685c8e152bf51c889fd937b218f79cba703,1789130874796,283
1789314515105,1,3bb0db4a56a4e86d82178c5d0fbb36eb39e504c2ae3445b6bf73288d6f694f3d,622408ea7c5bee83b2f66b614d0d094d1f9a702ec73ac396b30453f867f9bb28,1787573198097,173
1789314515105,1,3bb0db4a56a4e86d82178c5d0fbb36eb39e504c2ae3445b6bf73288d6f694f3d,604e81b0c67d61f607a646ae9f6bffa4c19b166b37909159ab8e3ffc2b29d728,62,248
1789314515105,1,3bb0db4a56a4e86d82178c5d0fbb36eb39e504c2ae3445b6bf73288d6f694f3d,4cbc6a592c5f8b8fab323b8d83394db5b8be11a007546392d04ad738f458ea37,1786651559075,283
1789314515105,1,3bb0db4a56a4e86d82178c5d0fbb36eb39e504c2ae3445b6bf73288d6f694f3d,1eeeb2d98e45c2b9fb81b871893df0379f1a8647544b1c8bd6b2e70181c141d7,4,193
1789314515105,1,3bb0db4a56a4e86d82178c5d0fbb36eb39e504c2ae3445b6bf73288d6f694f3d,10da3fc00cf414367e2cd761b9c2ecf3c5f3c8cb33d70279eac04f81df9ee2e6,4,277
1789314515105,1,3bb0db4a56a4e86d82178c5d0fbb36eb39e504c2ae3445b6bf73288d6f694f3d,ebaf6272d70329e5e6331ad683d8239a03f580ec903a9ad75774642e67148ebe,4,295
1789314515105,1,3bb0db4a56a4e86d82178c5d0fbb36eb39e504c2ae3445b6bf73288d6f694f3d,eb9e1eb36b887cb4f1910be0e6eafb56a6f38962495f903ebfc821f51c41efd2,4,289
1789314515105,1,3bb0db4a56a4e86d82178c5d0fbb36eb39e504c2ae3445b6bf73288d6f694f3d,dbfb9521af53eee94f3eadcf7432b60faba1598f96f171e17010ae7b907f20de,1,191
1789314515446,1,259ec34ae89b39695c77f29a927338f55f121827916bbc97151dd7433770e584,604e81b0c67d61f607a646ae9f6bffa4c19b166b37909159ab8e3ffc2b29d728,62,248
1789314515446,1,259ec34ae89b39695c77f29a927338f55f121827916bbc97151dd7433770e584,6fc5f636a0da291946a40bf7e073b685c8e152bf51c889fd937b218f79cba703,1789130874796,283
1789314515446,1,259ec34ae89b39695c77f29a927338f55f121827916bbc97151dd7433770e584,75de8c884dc99bfb5428289a24edfe24f587fa940b710a60860b73981e1955f2,1789087232580,165
1789314515446,1,259ec34ae89b39695c77f29a927338f55f121827916bbc97151dd7433770e584,76de530fe673461e4e9bcd9c3c75007bb702bb7a833e66df792680edb4e57ccc,1788864239539,165
1789314515446,1,259ec34ae89b39695c77f29a927338f55f121827916bbc97151dd7433770e584,73e681cb35d709b862058223612012c218700af6e5f8e37ea73d889b87e80636,1787573407476,291
1789314515446,1,259ec34ae89b39695c77f29a927338f55f121827916bbc97151dd7433770e584,7842c8cb303b6a0504aca97b711b7f0676890599e60def6224d83c383481bc43,3,289
1789314515446,1,259ec34ae89b39695c77f29a927338f55f121827916bbc97151dd7433770e584,4cbc6a592c5f8b8fab323b8d83394db5b8be11a007546392d04ad738f458ea37,1786651559075,283
1789314515446,1,259ec34ae89b39695c77f29a927338f55f121827916bbc97151dd7433770e584,0472d0c18cda4fbd60bcc270448a0b5282506012e64232e7793a50ab729fd1fd,1788435511904,283
1789314515446,1,259ec34ae89b39695c77f29a927338f55f121827916bbc97151dd7433770e584,10da3fc00cf414367e2cd761b9c2ecf3c5f3c8cb33d70279eac04f81df9ee2e6,4,277
1789314515446,1,259ec34ae89b39695c77f29a927338f55f121827916bbc97151dd7433770e584,1eeeb2d98e45c2b9fb81b871893df0379f1a8647544b1c8bd6b2e70181c141d7,4,193
1789314515446,1,259ec34ae89b39695c77f29a927338f55f121827916bbc97151dd7433770e584,eb9e1eb36b887cb4f1910be0e6eafb56a6f38962495f903ebfc821f51c41efd2,4,289
1789314515446,1,259ec34ae89b39695c77f29a927338f55f121827916bbc97151dd7433770e584,ebaf6272d70329e5e6331ad683d8239a03f580ec903a9ad75774642e67148ebe,4,295
1789314515487,1,2b86f723fb359ed42573883d5dd5a5b20c56737175a16f839fc5fcafafe4cbad,6fc5f636a0da291946a40bf7e073b685c8e152bf51c889fd937b218f79cba703,1789130874796,283
1789314515487,1,2b86f723fb359ed42573883d5dd5a5b20c56737175a16f839fc5fcafafe4cbad,622408ea7c5bee83b2f66b614d0d094d1f9a702ec73ac396b30453f867f9bb28,1787573198097,173
1789314515487,1,2b86f723fb359ed42573883d5dd5a5b20c56737175a16f839fc5fcafafe4cbad,604e81b0c67d61f607a646ae9f6bffa4c19b166b37909159ab8e3ffc2b29d728,62,248
1789314515487,1,2b86f723fb359ed42573883d5dd5a5b20c56737175a16f839fc5fcafafe4cbad,73e681cb35d709b862058223612012c218700af6e5f8e37ea73d889b87e80636,1787573407476,291
1789314515487,1,2b86f723fb359ed42573883d5dd5a5b20c56737175a16f839fc5fcafafe4cbad,76de530fe673461e4e9bcd9c3c75007bb702bb7a833e66df792680edb4e57ccc,1788864239539,165
1789314515487,1,2b86f723fb359ed42573883d5dd5a5b20c56737175a16f839fc5fcafafe4cbad,75de8c884dc99bfb5428289a24edfe24f587fa940b710a60860b73981e1955f2,1789087232580,165
1789314515487,1,2b86f723fb359ed42573883d5dd5a5b20c56737175a16f839fc5fcafafe4cbad,4cbc6a592c5f8b8fab323b8d83394db5b8be11a007546392d04ad738f458ea37,1786651559075,283
1789314515487,1,2b86f723fb359ed42573883d5dd5a5b20c56737175a16f839fc5fcafafe4cbad,0472d0c18cda4fbd60bcc270448a0b5282506012e64232e7793a50ab729fd1fd,1788435511904,283
1789314515487,1,2b86f723fb359ed42573883d5dd5a5b20c56737175a16f839fc5fcafafe4cbad,1eeeb2d98e45c2b9fb81b871893df0379f1a8647544b1c8bd6b2e70181c141d7,4,193
1789314515487,1,2b86f723fb359ed42573883d5dd5a5b20c56737175a16f839fc5fcafafe4cbad,10da3fc00cf414367e2cd761b9c2ecf3c5f3c8cb33d70279eac04f81df9ee2e6,4,277
1789314515487,1,2b86f723fb359ed42573883d5dd5a5b20c56737175a16f839fc5fcafafe4cbad,eb9e1eb36b887cb4f1910be0e6eafb56a6f38962495f903ebfc821f51c41efd2,4,289
1789314515532,1,ebaf6272d70329e5e6331ad683d8239a03f580ec903a9ad75774642e67148ebe,75de8c884dc99bfb5428289a24edfe24f587fa940b710a60860b73981e1955f2,1789087232580,165
1789314515532,1,ebaf6272d70329e5e6331ad683d8239a03f580ec903a9ad75774642e67148ebe,4cbc6a592c5f8b8fab323b8d83394db5b8be11a007546392d04ad738f458ea37,1786651559075,283
1789314515532,1,ebaf6272d70329e5e6331ad683d8239a03f580ec903a9ad75774642e67148ebe,2b86f723fb359ed42573883d5dd5a5b20c56737175a16f839fc5fcafafe4cbad,3,193
1789314515532,1,ebaf6272d70329e5e6331ad683d8239a03f580ec903a9ad75774642e67148ebe,26b3ae9ec36f90f0d8187b56ab18375bcd88e1c38c4b205b3fe7f02410a65f11,2,187
1789314515532,1,ebaf6272d70329e5e6331ad683d8239a03f580ec903a9ad75774642e67148ebe,259ec34ae89b39695c77f29a927338f55f121827916bbc97151dd7433770e584,67,193
1789314515532,1,ebaf6272d70329e5e6331ad683d8239a03f580ec903a9ad75774642e67148ebe,3bb0db4a56a4e86d82178c5d0fbb36eb39e504c2ae3445b6bf73288d6f694f3d,4,269
1789314515532,1,ebaf6272d70329e5e6331ad683d8239a03f580ec903a9ad75774642e67148ebe,3385b16c727f9c25edafd107e83ab00a79339958b8c2c24730f6f40a31f8646f,1779445898780,165
1789314515532,1,ebaf6272d70329e5e6331ad683d8239a03f580ec903a9ad75774642e67148ebe,372ea860496a93f30382c5bd4b5c5c3cf8ebdd7fc94bf1f6fcf7a1d8dad8351c,1789045698564,283
1789314515532,1,ebaf6272d70329e5e6331ad683d8239a03f580ec903a9ad75774642e67148ebe,0472d0c18cda4fbd60bcc270448a0b5282506012e64232e7793a50ab729fd1fd,1788435511904,283
1789314515532,1,ebaf6272d70329e5e6331ad683d8239a03f580ec903a9ad75774642e67148ebe,6fc5f636a0da291946a40bf7e073b685c8e152bf51c889fd937b218f79cba703,1789130874793,165
1789314515532,1,ebaf6272d70329e5e6331ad683d8239a03f580ec903a9ad75774642e67148ebe,622408ea7c5bee83b2f66b614d0d094d1f9a702ec73ac396b30453f867f9bb28,1787573198097,173
1789314515532,1,ebaf6272d70329e5e6331ad683d8239a03f580ec903a9ad75774642e67148ebe,604e81b0c67d61f607a646ae9f6bffa4c19b166b37909159ab8e3ffc2b29d728,62,248
1789314515532,1,ebaf6272d70329e5e6331ad683d8239a03f580ec903a9ad75774642e67148ebe,10da3fc00cf414367e2cd761b9c2ecf3c5f3c8cb33d70279eac04f81df9ee2e6,4,277
1789314515532,1,ebaf6272d70329e5e6331ad683d8239a03f580ec903a9ad75774642e67148ebe,7842c8cb303b6a0504aca97b711b7f0676890599e60def6224d83c383481bc43,3,289
1789314515532,1,ebaf6272d70329e5e6331ad683d8239a03f580ec903a9ad75774642e67148ebe,73e681cb35d709b862058223612012c218700af6e5f8e37ea73d889b87e80636,1787573407476,291
1789314515532,1,ebaf6272d70329e5e6331ad683d8239a03f580ec903a9ad75774642e67148ebe,76de530fe673461e4e9bcd9c3c75007bb702bb7a833e66df792680edb4e57ccc,1788864239539,165
1789314515945,1,a798f63d959239179e3935afe024715f80266149007a59143b8ba205c4d5d0e4,26b3ae9ec36f90f0d8187b56ab18375bcd88e1c38c4b205b3fe7f02410a65f11,2,187
1789314515945,1,a798f63d959239179e3935afe024715f80266149007a59143b8ba205c4d5d0e4,259ec34ae89b39695c77f29a927338f55f121827916bbc97151dd7433770e584,67,193
1789314515945,1,a798f63d959239179e3935afe024715f80266149007a59143b8ba205c4d5d0e4,2b86f723fb359ed42573883d5dd5a5b20c56737175a16f839fc5fcafafe4cbad,3,193
1789314515945,1,a798f63d959239179e3935afe024715f80266149007a59143b8ba205c4d5d0e4,372ea860496a93f30382c5bd4b5c5c3cf8ebdd7fc94bf1f6fcf7a1d8dad8351c,1789045698564,283
1789314515945,1,a798f63d959239179e3935afe024715f80266149007a59143b8ba205c4d5d0e4,3bb0db4a56a4e86d82178c5d0fbb36eb39e504c2ae3445b6bf73288d6f694f3d,4,269
1789314515945,1,a798f63d959239179e3935afe024715f80266149007a59143b8ba205c4d5d0e4,0472d0c18cda4fbd60bcc270448a0b5282506012e64232e7793a50ab729fd1fd,1788435511904,283
1789314515945,1,a798f63d959239179e3935afe024715f80266149007a59143b8ba205c4d5d0e4,10da3fc00cf414367e2cd761b9c2ecf3c5f3c8cb33d70279eac04f81df9ee2e6,4,277
1789314515945,1,a798f63d959239179e3935afe024715f80266149007a59143b8ba205c4d5d0e4,1eeeb2d98e45c2b9fb81b871893df0379f1a8647544b1c8bd6b2e70181c141d7,4,193
1789314515945,1,a798f63d959239179e3935afe024715f80266149007a59143b8ba205c4d5d0e4,622408ea7c5bee83b2f66b614d0d094d1f9a702ec73ac396b30453f867f9bb28,1787573198097,173
1789314515945,1,a798f63d959239179e3935afe024715f80266149007a59143b8ba205c4d5d0e4,604e81b0c67d61f607a646ae9f6bffa4c19b166b37909159ab8e3ffc2b29d728,62,248
1789314515945,1,a798f63d959239179e3935afe024715f80266149007a59143b8ba205c4d5d0e4,6fc5f636a0da291946a40bf7e073b685c8e152bf51c889fd937b218f79cba703,1789130874796,283
1789314515945,1,a798f63d959239179e3935afe024715f80266149007a59143b8ba205c4d5d0e4,76de530fe673461e4e9bcd9c3c75007bb702bb7a833e66df792680edb4e57ccc,1788864239539,165
1789314515945,1,a798f63d959239179e3935afe024715f80266149007a59143b8ba205c4d5d0e4,75de8c884dc99bfb5428289a24edfe24f587fa940b710a60860b73981e1955f2,1789087232580,165
1789314515945,1,a798f63d959239179e3935afe024715f80266149007a59143b8ba205c4d5d0e4,73e681cb35d709b862058223612012c218700af6e5f8e37ea73d889b87e80636,1787573407476,291
1789314515945,1,a798f63d959239179e3935afe024715f80266149007a59143b8ba205c4d5d0e4,7842c8cb303b6a0504aca97b711b7f0676890599e60def6224d83c383481bc43,3,289
1789314515945,1,a798f63d959239179e3935afe024715f80266149007a59143b8ba205c4d5d0e4,4cbc6a592c5f8b8fab323b8d83394db5b8be11a007546392d04ad738f458ea37,1786651559075,283
1789314516002,1,eb9e1eb36b887cb4f1910be0e6eafb56a6f38962495f903ebfc821f51c41efd2,6fc5f636a0da291946a40bf7e073b685c8e152bf51c889fd937b218f79cba703,1789130874796,283
1789314516002,1,eb9e1eb36b887cb4f1910be0e6eafb56a6f38962495f903ebfc821f51c41efd2,622408ea7c5bee83b2f66b614d0d094d1f9a702ec73ac396b30453f867f9bb28,1787573198096,237
1789314516002,1,eb9e1eb36b887cb4f1910be0e6eafb56a6f38962495f903ebfc821f51c41efd2,604e81b0c67d61f607a646ae9f6bffa4c19b166b37909159ab8e3ffc2b29d728,62,248
1789314516002,1,eb9e1eb36b887cb4f1910be0e6eafb56a6f38962495f903ebfc821f51c41efd2,7842c8cb303b6a0504aca97b711b7f0676890599e60def6224d83c383481bc43,3,289
1789314516002,1,eb9e1eb36b887cb4f1910be0e6eafb56a6f38962495f903ebfc821f51c41efd2,73e681cb35d709b862058223612012c218700af6e5f8e37ea73d889b87e80636,1787573407476,291
1789314516002,1,eb9e1eb36b887cb4f1910be0e6eafb56a6f38962495f903ebfc821f51c41efd2,76de530fe673461e4e9bcd9c3c75007bb702bb7a833e66df792680edb4e57ccc,1788864239537,165
1789314516002,1,eb9e1eb36b887cb4f1910be0e6eafb56a6f38962495f903ebfc821f51c41efd2,75de8c884dc99bfb5428289a24edfe24f587fa940b710a60860b73981e1955f2,1789087232580,165
1789314516002,1,eb9e1eb36b887cb4f1910be0e6eafb56a6f38962495f903ebfc821f51c41efd2,4cbc6a592c5f8b8fab323b8d83394db5b8be11a007546392d04ad738f458ea37,1786651559075,283
1789314516002,1,eb9e1eb36b887cb4f1910be0e6eafb56a6f38962495f903ebfc821f51c41efd2,2b86f723fb359ed42573883d5dd5a5b20c56737175a16f839fc5fcafafe4cbad,3,193
1789314516002,1,eb9e1eb36b887cb4f1910be0e6eafb56a6f38962495f903ebfc821f51c41efd2,26b3ae9ec36f90f0d8187b56ab18375bcd88e1c38c4b205b3fe7f02410a65f11,2,187
1789314516002,1,eb9e1eb36b887cb4f1910be0e6eafb56a6f38962495f903ebfc821f51c41efd2,259ec34ae89b39695c77f29a927338f55f121827916bbc97151dd7433770e584,67,193
1789314516002,1,eb9e1eb36b887cb4f1910be0e6eafb56a6f38962495f903ebfc821f51c41efd2,3bb0db4a56a4e86d82178c5d0fbb36eb39e504c2ae3445b6bf73288d6f694f3d,4,269
1789314516002,1,eb9e1eb36b887cb4f1910be0e6eafb56a6f38962495f903ebfc821f51c41efd2,3385b16c727f9c25edafd107e83ab00a79339958b8c2c24730f6f40a31f8646f,1779445898780,165
1789314516002,1,eb9e1eb36b887cb4f1910be0e6eafb56a6f38962495f903ebfc821f51c41efd2,372ea860496a93f30382c5bd4b5c5c3cf8ebdd7fc94bf1f6fcf7a1d8dad8351c,1789045698564,283
1789314516002,1,eb9e1eb36b887cb4f1910be0e6eafb56a6f38962495f903ebfc821f51c41efd2,0472d0c18cda4fbd60bcc270448a0b5282506012e64232e7793a50ab729fd1fd,1788435511904,283
1789314516002,1,eb9e1eb36b887cb4f1910be0e6eafb56a6f38962495f903ebfc821f51c41efd2,10da3fc00cf414367e2cd761b9c2ecf3c5f3c8cb33d70279eac04f81df9ee2e6,4,277
1789314517578,2,eb9e1eb36b887cb4f1910be0e6eafb56a6f38962495f903ebfc821f51c41efd2,aebe09a52924e7d090f795e3fb3f89a769bba3288ea71bb50961942ba4f7dfb0,1789086873952,165
1789314517578,2,eb9e1eb36b887cb4f1910be0e6eafb56a6f38962495f903ebfc821f51c41efd2,aed3256ba9d0b660dcde92b817f96ac0e12e899c7ccf1821bc68877333af82ea,4,289
1789314517578,2,eb9e1eb36b887cb4f1910be0e6eafb56a6f38962495f903ebfc821f51c41efd2,acc57716bdf8b6486ad0c389ed3733ea0144b3c1c9b6d1ffeb5d9e3d590bed3a,4,287
1789314517578,2,eb9e1eb36b887cb4f1910be0e6eafb56a6f38962495f903ebfc821f51c41efd2,a178e88e05f3c2099985b0be4396d56a26bcbb2b109d8251fca59d2758ffde89,3,193
1789314517578,2,eb9e1eb36b887cb4f1910be0e6eafb56a6f38962495f903ebfc821f51c41efd2,a798f63d959239179e3935afe024715f80266149007a59143b8ba205c4d5d0e4,4,295
1789314517578,2,eb9e1eb36b887cb4f1910be0e6eafb56a6f38962495f903ebfc821f51c41efd2,a6ab2b3091b97ddf52171dce0ab9c7ea6c8f67b41ff39aeb6a2036847a28802b,4,289
1789314517578,2,eb9e1eb36b887cb4f1910be0e6eafb56a6f38962495f903ebfc821f51c41efd2,ba99ade35ece215364c5847a3229ba052dc1e0d8008ef992ef26704a63b314e4,4,289
1789314517578,2,eb9e1eb36b887cb4f1910be0e6eafb56a6f38962495f903ebfc821f51c41efd2,b33fce94a9d9f670a47c0ecf89e3d977e68048c22bb2dffbcc13bea3ef76aacc,4,271
1789314517578,2,eb9e1eb36b887cb4f1910be0e6eafb56a6f38962495f903ebfc821f51c41efd2,b37867c073ab5734e23e84687f8cb6daabc67478df1155c78a81c0685389946d,1789122474912,165
1789314517578,2,eb9e1eb36b887cb4f1910be0e6eafb56a6f38962495f903ebfc821f51c41efd2,b0963f971cf4b5eee29b3e15664b7d73514efe0ecf780c108bf4dcfccd4b44b4,4,287
1789314517578,2,eb9e1eb36b887cb4f1910be0e6eafb56a6f38962495f903ebfc821f51c41efd2,83421d6543c477bd09e15f2e8b21090015c5fde0d6e55190b6a08421e486f699,4,271
1789314517578,2,eb9e1eb36b887cb4f1910be0e6eafb56a6f38962495f903ebfc821f51c41efd2,8278e7e0bcf0c417b2b872b1dc95ed2583d96ce0c40ed7405e1026d757106751,2,187
1789314517578,2,eb9e1eb36b887cb4f1910be0e6eafb56a6f38962495f903ebfc821f51c41efd2,84176078b4c26f6eabf37102bb1f6d4a867c68c1091ad1932ec308264ce1bf3c,4,289
1789314517578,2,eb9e1eb36b887cb4f1910be0e6eafb56a6f38962495f903ebfc821f51c41efd2,9c67014776a470f017a6775c1131f0354992f0fcfbbacf58fa78f18eff82dd03,1784633122505,283
1789314517578,2,eb9e1eb36b887cb4f1910be0e6eafb56a6f38962495f903ebfc821f51c41efd2,9278ceb60c8a0962b6494042b05ebc57a12ec716f6fdcb0f4963f138a1f06aa3,4,271
1789314517666,2,a798f63d959239179e3935afe024715f80266149007a59143b8ba205c4d5d0e4,aebe09a52924e7d090f795e3fb3f89a769bba3288ea71bb50961942ba4f7dfb0,1789086873952,165
1789314517666,2,a798f63d959239179e3935afe024715f80266149007a59143b8ba205c4d5d0e4,aed3256ba9d0b660dcde92b817f96ac0e12e899c7ccf1821bc68877333af82ea,4,289
1789314517666,2,a798f63d959239179e3935afe024715f80266149007a59143b8ba205c4d5d0e4,acc57716bdf8b6486ad0c389ed3733ea0144b3c1c9b6d1ffeb5d9e3d590bed3a,4,287
1789314517666,2,a798f63d959239179e3935afe024715f80266149007a59143b8ba205c4d5d0e4,a178e88e05f3c2099985b0be4396d56a26bcbb2b109d8251fca59d2758ffde89,3,193
1789314517666,2,a798f63d959239179e3935afe024715f80266149007a59143b8ba205c4d5d0e4,ba99ade35ece215364c5847a3229ba052dc1e0d8008ef992ef26704a63b314e4,4,289
1789314517666,2,a798f63d959239179e3935afe024715f80266149007a59143b8ba205c4d5d0e4,b33fce94a9d9f670a47c0ecf89e3d977e68048c22bb2dffbcc13bea3ef76aacc,4,271
1789314517666,2,a798f63d959239179e3935afe024715f80266149007a59143b8ba205c4d5d0e4,b37867c073ab5734e23e84687f8cb6daabc67478df1155c78a81c0685389946d,1789122474912,165
1789314517666,2,a798f63d959239179e3935afe024715f80266149007a59143b8ba205c4d5d0e4,b0963f971cf4b5eee29b3e15664b7d73514efe0ecf780c108bf4dcfccd4b44b4,4,287
1789314518473,2,aed3256ba9d0b660dcde92b817f96ac0e12e899c7ccf1821bc68877333af82ea,acc57716bdf8b6486ad0c389ed3733ea0144b3c1c9b6d1ffeb5d9e3d590bed3a,4,287
1789314518783,2,acc57716bdf8b6486ad0c389ed3733ea0144b3c1c9b6d1ffeb5d9e3d590bed3a,aed3256ba9d0b660dcde92b817f96ac0e12e899c7ccf1821bc68877333af82ea,4,289
1789314518783,2,acc57716bdf8b6486ad0c389ed3733ea0144b3c1c9b6d1ffeb5d9e3d590bed3a,aebe09a52924e7d090f795e3fb3f89a769bba3288ea71bb50961942ba4f7dfb0,1789086873952,165
1789314518982,2,a178e88e05f3c2099985b0be4396d56a26bcbb2b109d8251fca59d2758ffde89,acc57716bdf8b6486ad0c389ed3733ea0144b3c1c9b6d1ffeb5d9e3d590bed3a,4,287
1789314518982,2,a178e88e05f3c2099985b0be4396d56a26bcbb2b109d8251fca59d2758ffde89,aed3256ba9d0b660dcde92b817f96ac0e12e899c7ccf1821bc68877333af82ea,4,289
1789314518982,2,a178e88e05f3c2099985b0be4396d56a26bcbb2b109d8251fca59d2758ffde89,aebe09a52924e7d090f795e3fb3f89a769bba3288ea71bb50961942ba4f7dfb0,1789086873952,165
1789314518982,2,a178e88e05f3c2099985b0be4396d56a26bcbb2b109d8251fca59d2758ffde89,a798f63d959239179e3935afe024715f80266149007a59143b8ba205c4d5d0e4,4,295
1789314518982,2,a178e88e05f3c2099985b0be4396d56a26bcbb2b109d8251fca59d2758ffde89,a6ab2b3091b97ddf52171dce0ab9c7ea6c8f67b41ff39aeb6a2036847a28802b,4,289
1789314518982,2,a178e88e05f3c2099985b0be4396d56a26bcbb2b109d8251fca59d2758ffde89,ba99ade35ece215364c5847a3229ba052dc1e0d8008ef992ef26704a63b314e4,4,289
1789314518982,2,a178e88e05f3c2099985b0be4396d56a26bcbb2b109d8251fca59d2758ffde89,b0963f971cf4b5eee29b3e15664b7d73514efe0ecf780c108bf4dcfccd4b44b4,4,287
1789314518982,2,a178e88e05f3c2099985b0be4396d56a26bcbb2b109d8251fca59d2758ffde89,b37867c073ab5734e23e84687f8cb6daabc67478df1155c78a81c0685389946d,1789122474912,165
1789314518982,2,a178e88e05f3c2099985b0be4396d56a26bcbb2b109d8251fca59d2758ffde89,b33fce94a9d9f670a47c0ecf89e3d977e68048c22bb2dffbcc13bea3ef76aacc,4,271
1789314519216,2,a6ab2b3091b97ddf52171dce0ab9c7ea6c8f67b41ff39aeb6a2036847a28802b,aebe09a52924e7d090f795e3fb3f89a769bba3288ea71bb50961942ba4f7dfb0,1789086873952,165
1789314519216,2,a6ab2b3091b97ddf52171dce0ab9c7ea6c8f67b41ff39aeb6a2036847a28802b,aed3256ba9d0b660dcde92b817f96ac0e12e899c7ccf1821bc68877333af82ea,4,289
1789314519216,2,a6ab2b3091b97ddf52171dce0ab9c7ea6c8f67b41ff39aeb6a2036847a28802b,acc57716bdf8b6486ad0c389ed3733ea0144b3c1c9b6d1ffeb5d9e3d590bed3a,4,287
1789314519216,2,a6ab2b3091b97ddf52171dce0ab9c7ea6c8f67b41ff39aeb6a2036847a28802b,a178e88e05f3c2099985b0be4396d56a26bcbb2b109d8251fca59d2758ffde89,3,193
1789314519216,2,a6ab2b3091b97ddf52171dce0ab9c7ea6c8f67b41ff39aeb6a2036847a28802b,ba99ade35ece215364c5847a3229ba052dc1e0d8008ef992ef26704a63b314e4,4,289
1789314519216,2,a6ab2b3091b97ddf52171dce0ab9c7ea6c8f67b41ff39aeb6a2036847a28802b,b33fce94a9d9f670a47c0ecf89e3d977e68048c22bb2dffbcc13bea3ef76aacc,4,271
1789314519216,2,a6ab2b3091b97ddf52171dce0ab9c7ea6c8f67b41ff39aeb6a2036847a28802b,b37867c073ab5734e23e84687f8cb6daabc67478df1155c78a81c0685389946d,1789122474912,165
1789314519216,2,a6ab2b3091b97ddf52171dce0ab9c7ea6c8f67b41ff39aeb6a2036847a28802b,b0963f971cf4b5eee29b3e15664b7d73514efe0ecf780c108bf4dcfccd4b44b4,4,287
1789314519255,2,ba99ade35ece215364c5847a3229ba052dc1e0d8008ef992ef26704a63b314e4,aebe09a52924e7d090f795e3fb3f89a769bba3288ea71bb50961942ba4f7dfb0,1789086873952,165
1789314519255,2,ba99ade35ece215364c5847a3229ba052dc1e0d8008ef992ef26704a63b314e4,aed3256ba9d0b660dcde92b817f96ac0e12e899c7ccf1821bc68877333af82ea,4,289
1789314519255,2,ba99ade35ece215364c5847a3229ba052dc1e0d8008ef992ef26704a63b314e4,acc57716bdf8b6486ad0c389ed3733ea0144b3c1c9b6d1ffeb5d9e3d590bed3a,4,287
1789314519255,2,ba99ade35ece215364c5847a3229ba052dc1e0d8008ef992ef26704a63b314e4,a178e88e05f3c2099985b0be4396d56a26bcbb2b109d8251fca59d2758ffde89,3,193
1789314519255,2,ba99ade35ece215364c5847a3229ba052dc1e0d8008ef992ef26704a63b314e4,a6ab2b3091b97ddf52171dce0ab9c7ea6c8f67b41ff39aeb6a2036847a28802b,4,289
1789314519255,2,ba99ade35ece215364c5847a3229ba052dc1e0d8008ef992ef26704a63b314e4,a798f63d959239179e3935afe024715f80266149007a59143b8ba205c4d5d0e4,4,295
1789314519255,2,ba99ade35ece215364c5847a3229ba052dc1e0d8008ef992ef26704a63b314e4,b33fce94a9d9f670a47c0ecf89e3d977e68048c22bb2dffbcc13bea3ef76aacc,4,271
1789314519255,2,ba99ade35ece215364c5847a3229ba052dc1e0d8008ef992ef26704a63b314e4,b37867c073ab5734e23e84687f8cb6daabc67478df1155c78a81c0685389946d,1789122474912,165
1789314519255,2,ba99ade35ece215364c5847a3229ba052dc1e0d8008ef992ef26704a63b314e4,b0963f971cf4b5eee29b3e15664b7d73514efe0ecf780c108bf4dcfccd4b44b4,4,287
1789314519255,2,ba99ade35ece215364c5847a3229ba052dc1e0d8008ef992ef26704a63b314e4,8278e7e0bcf0c417b2b872b1dc95ed2583d96ce0c40ed7405e1026d757106751,2,187
1789314519255,2,ba99ade35ece215364c5847a3229ba052dc1e0d8008ef992ef26704a63b314e4,83421d6543c477bd09e15f2e8b21090015c5fde0d6e55190b6a08421e486f699,4,271
1789314519255,2,ba99ade35ece215364c5847a3229ba052dc1e0d8008ef992ef26704a63b314e4,84176078b4c26f6eabf37102bb1f6d4a867c68c1091ad1932ec308264ce1bf3c,4,289
1789314519255,2,ba99ade35ece215364c5847a3229ba052dc1e0d8008ef992ef26704a63b314e4,9c67014776a470f017a6775c1131f0354992f0fcfbbacf58fa78f18eff82dd03,1784633122505,283
1789314519255,2,ba99ade35ece215364c5847a3229ba052dc1e0d8008ef992ef26704a63b314e4,9278ceb60c8a0962b6494042b05ebc57a12ec716f6fdcb0f4963f138a1f06aa3,4,271
1789314519315,2,b33fce94a9d9f670a47c0ecf89e3d977e68048c22bb2dffbcc13bea3ef76aacc,a178e88e05f3c2099985b0be4396d56a26bcbb2b109d8251fca59d2758ffde89,3,193
1789314519315,2,b33fce94a9d9f670a47c0ecf89e3d977e68048c22bb2dffbcc13bea3ef76aacc,a798f63d959239179e3935afe024715f80266149007a59143b8ba205c4d5d0e4,4,295
1789314519315,2,b33fce94a9d9f670a47c0ecf89e3d977e68048c22bb2dffbcc13bea3ef76aacc,a6ab2b3091b97ddf52171dce0ab9c7ea6c8f67b41ff39aeb6a2036847a28802b,4,289
1789314519315,2,b33fce94a9d9f670a47c0ecf89e3d977e68048c22bb2dffbcc13bea3ef76aacc,aebe09a52924e7d090f795e3fb3f89a769bba3288ea71bb50961942ba4f7dfb0,1789086873952,165
1789314519315,2,b33fce94a9d9f670a47c0ecf89e3d977e68048c22bb2dffbcc13bea3ef76aacc,aed3256ba9d0b660dcde92b817f96ac0e12e899c7ccf1821bc68877333af82ea,4,289
1789314519315,2,b33fce94a9d9f670a47c0ecf89e3d977e68048c22bb2dffbcc13bea3ef76aacc,acc57716bdf8b6486ad0c389ed3733ea0144b3c1c9b6d1ffeb5d9e3d590bed3a,4,287
1789314519315,2,b33fce94a9d9f670a47c0ecf89e3d977e68048c22bb2dffbcc13bea3ef76aacc,ba99ade35ece215364c5847a3229ba052dc1e0d8008ef992ef26704a63b314e4,4,289
1789314519315,2,b33fce94a9d9f670a47c0ecf89e3d977e68048c22bb2dffbcc13bea3ef76aacc,83421d6543c477bd09e15f2e8b21090015c5fde0d6e55190b6a08421e486f699,4,271
1789314519315,2,b33fce94a9d9f670a47c0ecf89e3d977e68048c22bb2dffbcc13bea3ef76aacc,84176078b4c26f6eabf37102bb1f6d4a867c68c1091ad1932ec308264ce1bf3c,4,289
1789314519315,2,b33fce94a9d9f670a47c0ecf89e3d977e68048c22bb2dffbcc13bea3ef76aacc,9278ceb60c8a0962b6494042b05ebc57a12ec716f6fdcb0f4963f138a1f06aa3,4,271
1789314519315,2,b33fce94a9d9f670a47c0ecf89e3d977e68048c22bb2dffbcc13bea3ef76aacc,9c67014776a470f017a6775c1131f0354992f0fcfbbacf58fa78f18eff82dd03,1784633122505,283
1789314519443,2,3bb0db4a56a4e86d82178c5d0fbb36eb39e504c2ae3445b6bf73288d6f694f3d,ba99ade35ece215364c5847a3229ba052dc1e0d8008ef992ef26704a63b314e4,4,289
1789314519443,2,3bb0db4a56a4e86d82178c5d0fbb36eb39e504c2ae3445b6bf73288d6f694f3d,b33fce94a9d9f670a47c0ecf89e3d977e68048c22bb2dffbcc13bea3ef76aacc,4,271
1789314519443,2,3bb0db4a56a4e86d82178c5d0fbb36eb39e504c2ae3445b6bf73288d6f694f3d,b0963f971cf4b5eee29b3e15664b7d73514efe0ecf780c108bf4dcfccd4b44b4,4,287
1789314519443,2,3bb0db4a56a4e86d82178c5d0fbb36eb39e504c2ae3445b6bf73288d6f694f3d,aebe09a52924e7d090f795e3fb3f89a769bba3288ea71bb50961942ba4f7dfb0,1789086873952,165
1789314519443,2,3bb0db4a56a4e86d82178c5d0fbb36eb39e504c2ae3445b6bf73288d6f694f3d,aed3256ba9d0b660dcde92b817f96ac0e12e899c7ccf1821bc68877333af82ea,4,289
1789314519443,2,3bb0db4a56a4e86d82178c5d0fbb36eb39e504c2ae3445b6bf73288d6f694f3d,acc57716bdf8b6486ad0c389ed3733ea0144b3c1c9b6d1ffeb5d9e3d590bed3a,4,287
1789314519443,2,3bb0db4a56a4e86d82178c5d0fbb36eb39e504c2ae3445b6bf73288d6f694f3d,a798f63d959239179e3935afe024715f80266149007a59143b8ba205c4d5d0e4,4,295
1789314519443,2,3bb0db4a56a4e86d82178c5d0fbb36eb39e504c2ae3445b6bf73288d6f694f3d,a6ab2b3091b97ddf52171dce0ab9c7ea6c8f67b41ff39aeb6a2036847a28802b,4,289
1789314519443,2,3bb0db4a56a4e86d82178c5d0fbb36eb39e504c2ae3445b6bf73288d6f694f3d,9c67014776a470f017a6775c1131f0354992f0fcfbbacf58fa78f18eff82dd03,1784633122505,283
1789314519443,2,3bb0db4a56a4e86d82178c5d0fbb36eb39e504c2ae3445b6bf73288d6f694f3d,9278ceb60c8a0962b6494042b05ebc57a12ec716f6fdcb0f4963f138a1f06aa3,4,271
1789314519443,2,3bb0db4a56a4e86d82178c5d0fbb36eb39e504c2ae3445b6bf73288d6f694f3d,83421d6543c477bd09e15f2e8b21090015c5fde0d6e55190b6a08421e486f699,4,271
1789314519443,2,3bb0db4a56a4e86d82178c5d0fbb36eb39e504c2ae3445b6bf73288d6f694f3d,8278e7e0bcf0c417b2b872b1dc95ed2583d96ce0c40ed7405e1026d757106751,2,187
1789314519443,2,3bb0db4a56a4e86d82178c5d0fbb36eb39e504c2ae3445b6bf73288d6f694f3d,84176078b4c26f6eabf37102bb1f6d4a867c68c1091ad1932ec308264ce1bf3c,4,289
1789314519443,2,3bb0db4a56a4e86d82178c5d0fbb36eb39e504c2ae3445b6bf73288d6f694f3d,ebaf6272d70329e5e6331ad683d8239a03f580ec903a9ad75774642e67148ebe,4,295
1789314519443,2,3bb0db4a56a4e86d82178c5d0fbb36eb39e504c2ae3445b6bf73288d6f694f3d,eb9e1eb36b887cb4f1910be0e6eafb56a6f38962495f903ebfc821f51c41efd2,4,289
1789314519443,2,3bb0db4a56a4e86d82178c5d0fbb36eb39e504c2ae3445b6bf73288d6f694f3d,dbfb9521af53eee94f3eadcf7432b60faba1598f96f171e17010ae7b907f20de,1,191
1789314519443,2,10da3fc00cf414367e2cd761b9c2ecf3c5f3c8cb33d70279eac04f81df9ee2e6,9278ceb60c8a0962b6494042b05ebc57a12ec716f6fdcb0f4963f138a1f06aa3,4,271
1789314519443,2,10da3fc00cf414367e2cd761b9c2ecf3c5f3c8cb33d70279eac04f81df9ee2e6,9c67014776a470f017a6775c1131f0354992f0fcfbbacf58fa78f18eff82dd03,1784633122505,283
1789314519443,2,10da3fc00cf414367e2cd761b9c2ecf3c5f3c8cb33d70279eac04f81df9ee2e6,8278e7e0bcf0c417b2b872b1dc95ed2583d96ce0c40ed7405e1026d757106751,2,187
1789314519443,2,10da3fc00cf414367e2cd761b9c2ecf3c5f3c8cb33d70279eac04f81df9ee2e6,83421d6543c477bd09e15f2e8b21090015c5fde0d6e55190b6a08421e486f699,4,271
1789314519443,2,10da3fc00cf414367e2cd761b9c2ecf3c5f3c8cb33d70279eac04f81df9ee2e6,84176078b4c26f6eabf37102bb1f6d4a867c68c1091ad1932ec308264ce1bf3c,4,289
1789314519443,2,10da3fc00cf414367e2cd761b9c2ecf3c5f3c8cb33d70279eac04f81df9ee2e6,b0963f971cf4b5eee29b3e15664b7d73514efe0ecf780c108bf4dcfccd4b44b4,4,287
1789314519443,2,10da3fc00cf414367e2cd761b9c2ecf3c5f3c8cb33d70279eac04f81df9ee2e6,b33fce94a9d9f670a47c0ecf89e3d977e68048c22bb2dffbcc13bea3ef76aacc,4,271
1789314519443,2,10da3fc00cf414367e2cd761b9c2ecf3c5f3c8cb33d70279eac04f81df9ee2e6,ba99ade35ece215364c5847a3229ba052dc1e0d8008ef992ef26704a63b314e4,4,289
1789314519443,2,10da3fc00cf414367e2cd761b9c2ecf3c5f3c8cb33d70279eac04f81df9ee2e6,a178e88e05f3c2099985b0be4396d56a26bcbb2b109d8251fca59d2758ffde89,3,193
1789314519443,2,10da3fc00cf414367e2cd761b9c2ecf3c5f3c8cb33d70279eac04f81df9ee2e6,a798f63d959239179e3935afe024715f80266149007a59143b8ba205c4d5d0e4,4,295
1789314519443,2,10da3fc00cf414367e2cd761b9c2ecf3c5f3c8cb33d70279eac04f81df9ee2e6,acc57716bdf8b6486ad0c389ed3733ea0144b3c1c9b6d1ffeb5d9e3d590bed3a,4,287
1789314519443,2,10da3fc00cf414367e2cd761b9c2ecf3c5f3c8cb33d70279eac04f81df9ee2e6,aed3256ba9d0b660dcde92b817f96ac0e12e899c7ccf1821bc68877333af82ea,4,289
1789314519443,2,10da3fc00cf414367e2cd761b9c2ecf3c5f3c8cb33d70279eac04f81df9ee2e6,aebe09a52924e7d090f795e3fb3f89a769bba3288ea71bb50961942ba4f7dfb0,1789086873952,165
1789314519443,2,10da3fc00cf414367e2cd761b9c2ecf3c5f3c8cb33d70279eac04f81df9ee2e6,dbfb9521af53eee94f3eadcf7432b60faba1598f96f171e17010ae7b907f20de,1,191
1789314519443,2,10da3fc00cf414367e2cd761b9c2ecf3c5f3c8cb33d70279eac04f81df9ee2e6,eb9e1eb36b887cb4f1910be0e6eafb56a6f38962495f903ebfc821f51c41efd2,4,289
1789314519443,2,10da3fc00cf414367e2cd761b9c2ecf3c5f3c8cb33d70279eac04f81df9ee2e6,ebaf6272d70329e5e6331ad683d8239a03f580ec903a9ad75774642e67148ebe,4,295
1789314519443,2,259ec34ae89b39695c77f29a927338f55f121827916bbc97151dd7433770e584,a798f63d959239179e3935afe024715f80266149007a59143b8ba205c4d5d0e4,4,295
1789314519443,2,259ec34ae89b39695c77f29a927338f55f121827916bbc97151dd7433770e584,a178e88e05f3c2099985b0be4396d56a26bcbb2b109d8251fca59d2758ffde89,3,193
1789314519443,2,259ec34ae89b39695c77f29a927338f55f121827916bbc97151dd7433770e584,acc57716bdf8b6486ad0c389ed3733ea0144b3c1c9b6d1ffeb5d9e3d590bed3a,4,287
1789314519443,2,259ec34ae89b39695c77f29a927338f55f121827916bbc97151dd7433770e584,aebe09a52924e7d090f795e3fb3f89a769bba3288ea71bb50961942ba4f7dfb0,1789086873952,165
1789314519443,2,259ec34ae89b39695c77f29a927338f55f121827916bbc97151dd7433770e584,aed3256ba9d0b660dcde92b817f96ac0e12e899c7ccf1821bc68877333af82ea,4,289
1789314519443,2,259ec34ae89b39695c77f29a927338f55f121827916bbc97151dd7433770e584,b33fce94a9d9f670a47c0ecf89e3d977e68048c22bb2dffbcc13bea3ef76aacc,4,271
1789314519443,2,259ec34ae89b39695c77f29a927338f55f121827916bbc97151dd7433770e584,ba99ade35ece215364c5847a3229ba052dc1e0d8008ef992ef26704a63b314e4,4,289
1789314519444,2,259ec34ae89b39695c77f29a927338f55f121827916bbc97151dd7433770e584,84176078b4c26f6eabf37102bb1f6d4a867c68c1091ad1932ec308264ce1bf3c,4,289
1789314519444,2,259ec34ae89b39695c77f29a927338f55f121827916bbc97151dd7433770e584,83421d6543c477bd09e15f2e8b21090015c5fde0d6e55190b6a08421e486f699,4,271
1789314519444,2,259ec34ae89b39695c77f29a927338f55f121827916bbc97151dd7433770e584,8278e7e0bcf0c417b2b872b1dc95ed2583d96ce0c40ed7405e1026d757106751,2,187
1789314519444,2,259ec34ae89b39695c77f29a927338f55f121827916bbc97151dd7433770e584,9278ceb60c8a0962b6494042b05ebc57a12ec716f6fdcb0f4963f138a1f06aa3,4,271
1789314519444,2,259ec34ae89b39695c77f29a927338f55f121827916bbc97151dd7433770e584,9c67014776a470f017a6775c1131f0354992f0fcfbbacf58fa78f18eff82dd03,1784633122505,283
1789314519444,2,259ec34ae89b39695c77f29a927338f55f121827916bbc97151dd7433770e584,eb9e1eb36b887cb4f1910be0e6eafb56a6f38962495f903ebfc821f51c41efd2,4,289
1789314519444,2,259ec34ae89b39695c77f29a927338f55f121827916bbc97151dd7433770e584,ebaf6272d70329e5e6331ad683d8239a03f580ec903a9ad75774642e67148ebe,4,295
1789314519444,2,259ec34ae89b39695c77f29a927338f55f121827916bbc97151dd7433770e584,fda2f6ccbc047e855f0281aa867c06fcc247b01e7bb6607bd7919a1a5005a3d4,1763691484527,226
1789314519444,2,259ec34ae89b39695c77f29a927338f55f121827916bbc97151dd7433770e584,dbfb9521af53eee94f3eadcf7432b60faba1598f96f171e17010ae7b907f20de,1,191
1789314519457,2,2b86f723fb359ed42573883d5dd5a5b20c56737175a16f839fc5fcafafe4cbad,aebe09a52924e7d090f795e3fb3f89a769bba3288ea71bb50961942ba4f7dfb0,1789086873952,165
1789314519457,2,2b86f723fb359ed42573883d5dd5a5b20c56737175a16f839fc5fcafafe4cbad,aed3256ba9d0b660dcde92b817f96ac0e12e899c7ccf1821bc68877333af82ea,4,289
1789314519457,2,2b86f723fb359ed42573883d5dd5a5b20c56737175a16f839fc5fcafafe4cbad,acc57716bdf8b6486ad0c389ed3733ea0144b3c1c9b6d1ffeb5d9e3d590bed3a,4,287
1789314519457,2,2b86f723fb359ed42573883d5dd5a5b20c56737175a16f839fc5fcafafe4cbad,a178e88e05f3c2099985b0be4396d56a26bcbb2b109d8251fca59d2758ffde89,3,193
1789314519457,2,2b86f723fb359ed42573883d5dd5a5b20c56737175a16f839fc5fcafafe4cbad,ba99ade35ece215364c5847a3229ba052dc1e0d8008ef992ef26704a63b314e4,4,289
1789314519457,2,2b86f723fb359ed42573883d5dd5a5b20c56737175a16f839fc5fcafafe4cbad,b33fce94a9d9f670a47c0ecf89e3d977e68048c22bb2dffbcc13bea3ef76aacc,4,271
1789314519457,2,2b86f723fb359ed42573883d5dd5a5b20c56737175a16f839fc5fcafafe4cbad,b37867c073ab5734e23e84687f8cb6daabc67478df1155c78a81c0685389946d,1789122474912,165
1789314519457,2,2b86f723fb359ed42573883d5dd5a5b20c56737175a16f839fc5fcafafe4cbad,83421d6543c477bd09e15f2e8b21090015c5fde0d6e55190b6a08421e486f699,4,271
1789314519457,2,2b86f723fb359ed42573883d5dd5a5b20c56737175a16f839fc5fcafafe4cbad,8278e7e0bcf0c417b2b872b1dc95ed2583d96ce0c40ed7405e1026d757106751,2,187
1789314519457,2,2b86f723fb359ed42573883d5dd5a5b20c56737175a16f839fc5fcafafe4cbad,9c67014776a470f017a6775c1131f0354992f0fcfbbacf58fa78f18eff82dd03,1784633122505,283
1789314519457,2,2b86f723fb359ed42573883d5dd5a5b20c56737175a16f839fc5fcafafe4cbad,9278ceb60c8a0962b6494042b05ebc57a12ec716f6fdcb0f4963f138a1f06aa3,4,271
1789314519457,2,2b86f723fb359ed42573883d5dd5a5b20c56737175a16f839fc5fcafafe4cbad,eb9e1eb36b887cb4f1910be0e6eafb56a6f38962495f903ebfc821f51c41efd2,4,289
1789314519457,2,2b86f723fb359ed42573883d5dd5a5b20c56737175a16f839fc5fcafafe4cbad,ebaf6272d70329e5e6331ad683d8239a03f580ec903a9ad75774642e67148ebe,4,295
1789314519457,2,2b86f723fb359ed42573883d5dd5a5b20c56737175a16f839fc5fcafafe4cbad,ffa2a46b0d0ba55371cc4f3f2322373efd010f55368e334cf2a0f5d473065f3b,1788276081819,283
1789314519457,2,2b86f723fb359ed42573883d5dd5a5b20c56737175a16f839fc5fcafafe4cbad,fda2f6ccbc047e855f0281aa867c06fcc247b01e7bb6607bd7919a1a5005a3d4,1763691484527,226
1789314519457,2,2b86f723fb359ed42573883d5dd5a5b20c56737175a16f839fc5fcafafe4cbad,dbfb9521af53eee94f3eadcf7432b60faba1598f96f171e17010ae7b907f20de,1,191
1789314519495,2,ebaf6272d70329e5e6331ad683d8239a03f580ec903a9ad75774642e67148ebe,aebe09a52924e7d090f795e3fb3f89a769bba3288ea71bb50961942ba4f7dfb0,1789086873952,165
1789314519495,2,ebaf6272d70329e5e6331ad683d8239a03f580ec903a9ad75774642e67148ebe,aed3256ba9d0b660dcde92b817f96ac0e12e899c7ccf1821bc68877333af82ea,4,289
1789314519495,2,ebaf6272d70329e5e6331ad683d8239a03f580ec903a9ad75774642e67148ebe,acc57716bdf8b6486ad0c389ed3733ea0144b3c1c9b6d1ffeb5d9e3d590bed3a,4,287
1789314519495,2,ebaf6272d70329e5e6331ad683d8239a03f580ec903a9ad75774642e67148ebe,a178e88e05f3c2099985b0be4396d56a26bcbb2b109d8251fca59d2758ffde89,3,193
1789314519495,2,ebaf6272d70329e5e6331ad683d8239a03f580ec903a9ad75774642e67148ebe,a798f63d959239179e3935afe024715f80266149007a59143b8ba205c4d5d0e4,4,295
1789314519495,2,ebaf6272d70329e5e6331ad683d8239a03f580ec903a9ad75774642e67148ebe,a6ab2b3091b97ddf52171dce0ab9c7ea6c8f67b41ff39aeb6a2036847a28802b,4,289
1789314519495,2,ebaf6272d70329e5e6331ad683d8239a03f580ec903a9ad75774642e67148ebe,ba99ade35ece215364c5847a3229ba052dc1e0d8008ef992ef26704a63b314e4,4,289
1789314519495,2,ebaf6272d70329e5e6331ad683d8239a03f580ec903a9ad75774642e67148ebe,b33fce94a9d9f670a47c0ecf89e3d977e68048c22bb2dffbcc13bea3ef76aacc,4,271
1789314519495,2,ebaf6272d70329e5e6331ad683d8239a03f580ec903a9ad75774642e67148ebe,b37867c073ab5734e23e84687f8cb6daabc67478df1155c78a81c0685389946d,1789122474912,165
1789314519495,2,ebaf6272d70329e5e6331ad683d8239a03f580ec903a9ad75774642e67148ebe,b0963f971cf4b5eee29b3e15664b7d73514efe0ecf780c108bf4dcfccd4b44b4,4,287
1789314519495,2,ebaf6272d70329e5e6331ad683d8239a03f580ec903a9ad75774642e67148ebe,83421d6543c477bd09e15f2e8b21090015c5fde0d6e55190b6a08421e486f699,4,271
1789314519495,2,ebaf6272d70329e5e6331ad683d8239a03f580ec903a9ad75774642e67148ebe,8278e7e0bcf0c417b2b872b1dc95ed2583d96ce0c40ed7405e1026d757106751,2,187
1789314519495,2,ebaf6272d70329e5e6331ad683d8239a03f580ec903a9ad75774642e67148ebe,84176078b4c26f6eabf37102bb1f6d4a867c68c1091ad1932ec308264ce1bf3c,4,289
1789314519495,2,ebaf6272d70329e5e6331ad683d8239a03f580ec903a9ad75774642e67148ebe,9c67014776a470f017a6775c1131f0354992f0fcfbbacf58fa78f18eff82dd03,1784633122505,283
1789314519495,2,ebaf6272d70329e5e6331ad683d8239a03f580ec903a9ad75774642e67148ebe,9278ceb60c8a0962b6494042b05ebc57a12ec716f6fdcb0f4963f138a1f06aa3,4,271
1789314519604,2,7842c8cb303b6a0504aca97b711b7f0676890599e60def6224d83c383481bc43,ffa2a46b0d0ba55371cc4f3f2322373efd010f55368e334cf2a0f5d473065f3b,1788276081819,283
1789314519604,2,7842c8cb303b6a0504aca97b711b7f0676890599e60def6224d83c383481bc43,eb9e1eb36b887cb4f1910be0e6eafb56a6f38962495f903ebfc821f51c41efd2,4,289
1789314519604,2,7842c8cb303b6a0504aca97b711b7f0676890599e60def6224d83c383481bc43,ebaf6272d70329e5e6331ad683d8239a03f580ec903a9ad75774642e67148ebe,4,295
1789314519604,2,7842c8cb303b6a0504aca97b711b7f0676890599e60def6224d83c383481bc43,ba99ade35ece215364c5847a3229ba052dc1e0d8008ef992ef26704a63b314e4,4,289
1789314519604,2,7842c8cb303b6a0504aca97b711b7f0676890599e60def6224d83c383481bc43,b0963f971cf4b5eee29b3e15664b7d73514efe0ecf780c108bf4dcfccd4b44b4,4,287
1789314519605,2,7842c8cb303b6a0504aca97b711b7f0676890599e60def6224d83c383481bc43,b33fce94a9d9f670a47c0ecf89e3d977e68048c22bb2dffbcc13bea3ef76aacc,4,271
1789314519605,2,7842c8cb303b6a0504aca97b711b7f0676890599e60def6224d83c383481bc43,acc57716bdf8b6486ad0c389ed3733ea0144b3c1c9b6d1ffeb5d9e3d590bed3a,4,287
1789314519605,2,7842c8cb303b6a0504aca97b711b7f0676890599e60def6224d83c383481bc43,aed3256ba9d0b660dcde92b817f96ac0e12e899c7ccf1821bc68877333af82ea,4,289
1789314519605,2,7842c8cb303b6a0504aca97b711b7f0676890599e60def6224d83c383481bc43,aebe09a52924e7d090f795e3fb3f89a769bba3288ea71bb50961942ba4f7dfb0,1789086873952,165
1789314519605,2,7842c8cb303b6a0504aca97b711b7f0676890599e60def6224d83c383481bc43,a178e88e05f3c2099985b0be4396d56a26bcbb2b109d8251fca59d2758ffde89,3,193
1789314519605,2,7842c8cb303b6a0504aca97b711b7f0676890599e60def6224d83c383481bc43,a6ab2b3091b97ddf52171dce0ab9c7ea6c8f67b41ff39aeb6a2036847a28802b,4,289
1789314519605,2,7842c8cb303b6a0504aca97b711b7f0676890599e60def6224d83c383481bc43,a798f63d959239179e3935afe024715f80266149007a59143b8ba205c4d5d0e4,4,295
1789314519605,2,7842c8cb303b6a0504aca97b711b7f0676890599e60def6224d83c383481bc43,9278ceb60c8a0962b6494042b05ebc57a12ec716f6fdcb0f4963f138a1f06aa3,4,271
1789314519605,2,7842c8cb303b6a0504aca97b711b7f0676890599e60def6224d83c383481bc43,8278e7e0bcf0c417b2b872b1dc95ed2583d96ce0c40ed7405e1026d757106751,2,187
1789314519605,2,7842c8cb303b6a0504aca97b711b7f0676890599e60def6224d83c383481bc43,83421d6543c477bd09e15f2e8b21090015c5fde0d6e55190b6a08421e486f699,4,271
1789314519605,2,7842c8cb303b6a0504aca97b711b7f0676890599e60def6224d83c383481bc43,84176078b4c26f6eabf37102bb1f6d4a867c68c1091ad1932ec308264ce1bf3c,4,289
1789314519631,2,83421d6543c477bd09e15f2e8b21090015c5fde0d6e55190b6a08421e486f699,a178e88e05f3c2099985b0be4396d56a26bcbb2b109d8251fca59d2758ffde89,3,193
1789314519631,2,83421d6543c477bd09e15f2e8b21090015c5fde0d6e55190b6a08421e486f699,a798f63d959239179e3935afe024715f80266149007a59143b8ba205c4d5d0e4,4,295
1789314519631,2,83421d6543c477bd09e15f2e8b21090015c5fde0d6e55190b6a08421e486f699,a6ab2b3091b97ddf52171dce0ab9c7ea6c8f67b41ff39aeb6a2036847a28802b,4,289
1789314519631,2,83421d6543c477bd09e15f2e8b21090015c5fde0d6e55190b6a08421e486f699,aed3256ba9d0b660dcde92b817f96ac0e12e899c7ccf1821bc68877333af82ea,4,289
1789314519631,2,83421d6543c477bd09e15f2e8b21090015c5fde0d6e55190b6a08421e486f699,aebe09a52924e7d090f795e3fb3f89a769bba3288ea71bb50961942ba4f7dfb0,1789086873952,165
1789314519631,2,83421d6543c477bd09e15f2e8b21090015c5fde0d6e55190b6a08421e486f699,acc57716bdf8b6486ad0c389ed3733ea0144b3c1c9b6d1ffeb5d9e3d590bed3a,4,287
1789314519631,2,83421d6543c477bd09e15f2e8b21090015c5fde0d6e55190b6a08421e486f699,b37867c073ab5734e23e84687f8cb6daabc67478df1155c78a81c0685389946d,1789122474912,165
1789314519631,2,83421d6543c477bd09e15f2e8b21090015c5fde0d6e55190b6a08421e486f699,b33fce94a9d9f670a47c0ecf89e3d977e68048c22bb2dffbcc13bea3ef76aacc,4,271
1789314519631,2,83421d6543c477bd09e15f2e8b21090015c5fde0d6e55190b6a08421e486f699,b0963f971cf4b5eee29b3e15664b7d73514efe0ecf780c108bf4dcfccd4b44b4,4,287
1789314519631,2,83421d6543c477bd09e15f2e8b21090015c5fde0d6e55190b6a08421e486f699,ba99ade35ece215364c5847a3229ba052dc1e0d8008ef992ef26704a63b314e4,4,289
1789314519631,2,83421d6543c477bd09e15f2e8b21090015c5fde0d6e55190b6a08421e486f699,9278ceb60c8a0962b6494042b05ebc57a12ec716f6fdcb0f4963f138a1f06aa3,4,271
1789314519631,2,83421d6543c477bd09e15f2e8b21090015c5fde0d6e55190b6a08421e486f699,9c67014776a470f017a6775c1131f0354992f0fcfbbacf58fa78f18eff82dd03,1784633122505,283
1789314519631,2,83421d6543c477bd09e15f2e8b21090015c5fde0d6e55190b6a08421e486f699,eb9e1eb36b887cb4f1910be0e6eafb56a6f38962495f903ebfc821f51c41efd2,4,289
1789314519631,2,83421d6543c477bd09e15f2e8b21090015c5fde0d6e55190b6a08421e486f699,ebaf6272d70329e5e6331ad683d8239a03f580ec903a9ad75774642e67148ebe,4,295
1789314519631,2,9278ceb60c8a0962b6494042b05ebc57a12ec716f6fdcb0f4963f138a1f06aa3,b37867c073ab5734e23e84687f8cb6daabc67478df1155c78a81c0685389946d,1789122474912,165
1789314519631,2,9278ceb60c8a0962b6494042b05ebc57a12ec716f6fdcb0f4963f138a1f06aa3,b33fce94a9d9f670a47c0ecf89e3d977e68048c22bb2dffbcc13bea3ef76aacc,4,271
1789314519631,2,9278ceb60c8a0962b6494042b05ebc57a12ec716f6fdcb0f4963f138a1f06aa3,b0963f971cf4b5eee29b3e15664b7d73514efe0ecf780c108bf4dcfccd4b44b4,4,287
1789314519631,2,9278ceb60c8a0962b6494042b05ebc57a12ec716f6fdcb0f4963f138a1f06aa3,ba99ade35ece215364c5847a3229ba052dc1e0d8008ef992ef26704a63b314e4,4,289
1789314519631,2,9278ceb60c8a0962b6494042b05ebc57a12ec716f6fdcb0f4963f138a1f06aa3,a178e88e05f3c2099985b0be4396d56a26bcbb2b109d8251fca59d2758ffde89,3,193
1789314519631,2,9278ceb60c8a0962b6494042b05ebc57a12ec716f6fdcb0f4963f138a1f06aa3,a6ab2b3091b97ddf52171dce0ab9c7ea6c8f67b41ff39aeb6a2036847a28802b,4,289
1789314519631,2,9278ceb60c8a0962b6494042b05ebc57a12ec716f6fdcb0f4963f138a1f06aa3,a798f63d959239179e3935afe024715f80266149007a59143b8ba205c4d5d0e4,4,295
1789314519631,2,9278ceb60c8a0962b6494042b05ebc57a12ec716f6fdcb0f4963f138a1f06aa3,aed3256ba9d0b660dcde92b817f96ac0e12e899c7ccf1821bc68877333af82ea,4,289
1789314519631,2,9278ceb60c8a0962b6494042b05ebc57a12ec716f6fdcb0f4963f138a1f06aa3,aebe09a52924e7d090f795e3fb3f89a769bba3288ea71bb50961942ba4f7dfb0,1789086873952,165
1789314519631,2,9278ceb60c8a0962b6494042b05ebc57a12ec716f6fdcb0f4963f138a1f06aa3,acc57716bdf8b6486ad0c389ed3733ea0144b3c1c9b6d1ffeb5d9e3d590bed3a,4,287
1789314519631,2,9278ceb60c8a0962b6494042b05ebc57a12ec716f6fdcb0f4963f138a1f06aa3,8278e7e0bcf0c417b2b872b1dc95ed2583d96ce0c40ed7405e1026d757106751,2,187
1789314519631,2,9278ceb60c8a0962b6494042b05ebc57a12ec716f6fdcb0f4963f138a1f06aa3,83421d6543c477bd09e15f2e8b21090015c5fde0d6e55190b6a08421e486f699,4,271
1789314519631,2,9278ceb60c8a0962b6494042b05ebc57a12ec716f6fdcb0f4963f138a1f06aa3,84176078b4c26f6eabf37102bb1f6d4a867c68c1091ad1932ec308264ce1bf3c,4,289
1789314519631,2,9278ceb60c8a0962b6494042b05ebc57a12ec716f6fdcb0f4963f138a1f06aa3,ffa2a46b0d0ba55371cc4f3f2322373efd010f55368e334cf2a0f5d473065f3b,1788276081819,283
1789314519631,2,9278ceb60c8a0962b6494042b05ebc57a12ec716f6fdcb0f4963f138a1f06aa3,fda2f6ccbc047e855f0281aa867c06fcc247b01e7bb6607bd7919a1a5005a3d4,1763691484527,226
1789314519631,2,9278ceb60c8a0962b6494042b05ebc57a12ec716f6fdcb0f4963f138a1f06aa3,ebaf6272d70329e5e6331ad683d8239a03f580ec903a9ad75774642e67148ebe,4,295
1789314519638,2,604e81b0c67d61f607a646ae9f6bffa4c19b166b37909159ab8e3ffc2b29d728,eb9e1eb36b887cb4f1910be0e6eafb56a6f38962495f903ebfc821f51c41efd2,4,289
1789314519638,2,604e81b0c67d61f607a646ae9f6bffa4c19b166b37909159ab8e3ffc2b29d728,ebaf6272d70329e5e6331ad683d8239a03f580ec903a9ad75774642e67148ebe,4,295
1789314519638,2,604e81b0c67d61f607a646ae9f6bffa4c19b166b37909159ab8e3ffc2b29d728,ffa2a46b0d0ba55371cc4f3f2322373efd010f55368e334cf2a0f5d473065f3b,1788276081822,283
1789314519638,2,604e81b0c67d61f607a646ae9f6bffa4c19b166b37909159ab8e3ffc2b29d728,dbfb9521af53eee94f3eadcf7432b60faba1598f96f171e17010ae7b907f20de,1,191
1789314519638,2,604e81b0c67d61f607a646ae9f6bffa4c19b166b37909159ab8e3ffc2b29d728,a6ab2b3091b97ddf52171dce0ab9c7ea6c8f67b41ff39aeb6a2036847a28802b,4,289
1789314519638,2,604e81b0c67d61f607a646ae9f6bffa4c19b166b37909159ab8e3ffc2b29d728,a798f63d959239179e3935afe024715f80266149007a59143b8ba205c4d5d0e4,4,295
1789314519638,2,604e81b0c67d61f607a646ae9f6bffa4c19b166b37909159ab8e3ffc2b29d728,acc57716bdf8b6486ad0c389ed3733ea0144b3c1c9b6d1ffeb5d9e3d590bed3a,4,287
1789314519638,2,604e81b0c67d61f607a646ae9f6bffa4c19b166b37909159ab8e3ffc2b29d728,aed3256ba9d0b660dcde92b817f96ac0e12e899c7ccf1821bc68877333af82ea,4,289
1789314519638,2,604e81b0c67d61f607a646ae9f6bffa4c19b166b37909159ab8e3ffc2b29d728,b0963f971cf4b5eee29b3e15664b7d73514efe0ecf780c108bf4dcfccd4b44b4,4,287
1789314519638,2,604e81b0c67d61f607a646ae9f6bffa4c19b166b37909159ab8e3ffc2b29d728,b33fce94a9d9f670a47c0ecf89e3d977e68048c22bb2dffbcc13bea3ef76aacc,4,271
1789314519638,2,604e81b0c67d61f607a646ae9f6bffa4c19b166b37909159ab8e3ffc2b29d728,ba99ade35ece215364c5847a3229ba052dc1e0d8008ef992ef26704a63b314e4,4,289
1789314519638,2,604e81b0c67d61f607a646ae9f6bffa4c19b166b37909159ab8e3ffc2b29d728,8278e7e0bcf0c417b2b872b1dc95ed2583d96ce0c40ed7405e1026d757106751,2,187
1789314519638,2,604e81b0c67d61f607a646ae9f6bffa4c19b166b37909159ab8e3ffc2b29d728,83421d6543c477bd09e15f2e8b21090015c5fde0d6e55190b6a08421e486f699,4,271
1789314519638,2,604e81b0c67d61f607a646ae9f6bffa4c19b166b37909159ab8e3ffc2b29d728,84176078b4c26f6eabf37102bb1f6d4a867c68c1091ad1932ec308264ce1bf3c,4,289
1789314519638,2,604e81b0c67d61f607a646ae9f6bffa4c19b166b37909159ab8e3ffc2b29d728,9278ceb60c8a0962b6494042b05ebc57a12ec716f6fdcb0f4963f138a1f06aa3,4,271
1789314519638,2,604e81b0c67d61f607a646ae9f6bffa4c19b166b37909159ab8e3ffc2b29d728,9c67014776a470f017a6775c1131f0354992f0fcfbbacf58fa78f18eff82dd03,1784633122505,283
1789314520026,2,b0963f971cf4b5eee29b3e15664b7d73514efe0ecf780c108bf4dcfccd4b44b4,a178e88e05f3c2099985b0be4396d56a26bcbb2b109d8251fca59d2758ffde89,3,193
1789314520026,2,b0963f971cf4b5eee29b3e15664b7d73514efe0ecf780c108bf4dcfccd4b44b4,a6ab2b3091b97ddf52171dce0ab9c7ea6c8f67b41ff39aeb6a2036847a28802b,4,289
1789314520026,2,b0963f971cf4b5eee29b3e15664b7d73514efe0ecf780c108bf4dcfccd4b44b4,a798f63d959239179e3935afe024715f80266149007a59143b8ba205c4d5d0e4,4,295
1789314520026,2,b0963f971cf4b5eee29b3e15664b7d73514efe0ecf780c108bf4dcfccd4b44b4,acc57716bdf8b6486ad0c389ed3733ea0144b3c1c9b6d1ffeb5d9e3d590bed3a,4,287
1789314520026,2,b0963f971cf4b5eee29b3e15664b7d73514efe0ecf780c108bf4dcfccd4b44b4,aebe09a52924e7d090f795e3fb3f89a769bba3288ea71bb50961942ba4f7dfb0,1789086873952,165
1789314520026,2,b0963f971cf4b5eee29b3e15664b7d73514efe0ecf780c108bf4dcfccd4b44b4,aed3256ba9d0b660dcde92b817f96ac0e12e899c7ccf1821bc68877333af82ea,4,289
1789314520026,2,b0963f971cf4b5eee29b3e15664b7d73514efe0ecf780c108bf4dcfccd4b44b4,ba99ade35ece215364c5847a3229ba052dc1e0d8008ef992ef26704a63b314e4,4,289
1789314520026,2,b0963f971cf4b5eee29b3e15664b7d73514efe0ecf780c108bf4dcfccd4b44b4,8278e7e0bcf0c417b2b872b1dc95ed2583d96ce0c40ed7405e1026d757106751,2,187
1789314520026,2,b0963f971cf4b5eee29b3e15664b7d73514efe0ecf780c108bf4dcfccd4b44b4,83421d6543c477bd09e15f2e8b21090015c5fde0d6e55190b6a08421e486f699,4,271
1789314520026,2,b0963f971cf4b5eee29b3e15664b7d73514efe0ecf780c108bf4dcfccd4b44b4,84176078b4c26f6eabf37102bb1f6d4a867c68c1091ad1932ec308264ce1bf3c,4,289
1789314520026,2,b0963f971cf4b5eee29b3e15664b7d73514efe0ecf780c108bf4dcfccd4b44b4,9278ceb60c8a0962b6494042b05ebc57a12ec716f6fdcb0f4963f138a1f06aa3,4,271
1789314520026,2,b0963f971cf4b5eee29b3e15664b7d73514efe0ecf780c108bf4dcfccd4b44b4,9c67014776a470f017a6775c1131f0354992f0fcfbbacf58fa78f18eff82dd03,1784633122505,283
1789314520246,2,84176078b4c26f6eabf37102bb1f6d4a867c68c1091ad1932ec308264ce1bf3c,a6ab2b3091b97ddf52171dce0ab9c7ea6c8f67b41ff39aeb6a2036847a28802b,4,289
1789314520247,2,84176078b4c26f6eabf37102bb1f6d4a867c68c1091ad1932ec308264ce1bf3c,a798f63d959239179e3935afe024715f80266149007a59143b8ba205c4d5d0e4,4,295
1789314520247,2,84176078b4c26f6eabf37102bb1f6d4a867c68c1091ad1932ec308264ce1bf3c,a178e88e05f3c2099985b0be4396d56a26bcbb2b109d8251fca59d2758ffde89,3,193
1789314520247,2,84176078b4c26f6eabf37102bb1f6d4a867c68c1091ad1932ec308264ce1bf3c,acc57716bdf8b6486ad0c389ed3733ea0144b3c1c9b6d1ffeb5d9e3d590bed3a,4,287
1789314520247,2,84176078b4c26f6eabf37102bb1f6d4a867c68c1091ad1932ec308264ce1bf3c,aebe09a52924e7d090f795e3fb3f89a769bba3288ea71bb50961942ba4f7dfb0,1789086873952,165
1789314520247,2,84176078b4c26f6eabf37102bb1f6d4a867c68c1091ad1932ec308264ce1bf3c,aed3256ba9d0b660dcde92b817f96ac0e12e899c7ccf1821bc68877333af82ea,4,289
1789314520247,2,84176078b4c26f6eabf37102bb1f6d4a867c68c1091ad1932ec308264ce1bf3c,b0963f971cf4b5eee29b3e15664b7d73514efe0ecf780c108bf4dcfccd4b44b4,4,287
1789314520247,2,84176078b4c26f6eabf37102bb1f6d4a867c68c1091ad1932ec308264ce1bf3c,b33fce94a9d9f670a47c0ecf89e3d977e68048c22bb2dffbcc13bea3ef76aacc,4,271
1789314520247,2,84176078b4c26f6eabf37102bb1f6d4a867c68c1091ad1932ec308264ce1bf3c,b37867c073ab5734e23e84687f8cb6daabc67478df1155c78a81c0685389946d,1789122474912,165
1789314520247,2,84176078b4c26f6eabf37102bb1f6d4a867c68c1091ad1932ec308264ce1bf3c,ba99ade35ece215364c5847a3229ba052dc1e0d8008ef992ef26704a63b314e4,4,289
1789314520247,2,84176078b4c26f6eabf37102bb1f6d4a867c68c1091ad1932ec308264ce1bf3c,9278ceb60c8a0962b6494042b05ebc57a12ec716f6fdcb0f4963f138a1f06aa3,4,271
1789314520247,2,84176078b4c26f6eabf37102bb1f6d4a867c68c1091ad1932ec308264ce1bf3c,9c67014776a470f017a6775c1131f0354992f0fcfbbacf58fa78f18eff82dd03,1784633122505,283
1789314520247,2,84176078b4c26f6eabf37102bb1f6d4a867c68c1091ad1932ec308264ce1bf3c,eb9e1eb36b887cb4f1910be0e6eafb56a6f38962495f903ebfc821f51c41efd2,4,289
1789314520247,2,84176078b4c26f6eabf37102bb1f6d4a867c68c1091ad1932ec308264ce1bf3c,ebaf6272d70329e5e6331ad683d8239a03f580ec903a9ad75774642e67148ebe,4,295
1789314521685,3,3bb0db4a56a4e86d82178c5d0fbb36eb39e504c2ae3445b6bf73288d6f694f3d,2b86f723fb359ed42573883d5dd5a5b20c56737175a16f839fc5fcafafe4cbad,3,193
1789314521685,3,3bb0db4a56a4e86d82178c5d0fbb36eb39e504c2ae3445b6bf73288d6f694f3d,26b3ae9ec36f90f0d8187b56ab18375bcd88e1c38c4b205b3fe7f02410a65f11,2,187
1789314521685,3,3bb0db4a56a4e86d82178c5d0fbb36eb39e504c2ae3445b6bf73288d6f694f3d,259ec34ae89b39695c77f29a927338f55f121827916bbc97151dd7433770e584,67,193
1789314521685,3,3bb0db4a56a4e86d82178c5d0fbb36eb39e504c2ae3445b6bf73288d6f694f3d,372ea860496a93f30382c5bd4b5c5c3cf8ebdd7fc94bf1f6fcf7a1d8dad8351c,1789045698564,283
1789314521685,3,3bb0db4a56a4e86d82178c5d0fbb36eb39e504c2ae3445b6bf73288d6f694f3d,1eeeb2d98e45c2b9fb81b871893df0379f1a8647544b1c8bd6b2e70181c141d7,4,193
1789314521685,3,3bb0db4a56a4e86d82178c5d0fbb36eb39e504c2ae3445b6bf73288d6f694f3d,10da3fc00cf414367e2cd761b9c2ecf3c5f3c8cb33d70279eac04f81df9ee2e6,4,277
1789314521685,3,259ec34ae89b39695c77f29a927338f55f121827916bbc97151dd7433770e584,26b3ae9ec36f90f0d8187b56ab18375bcd88e1c38c4b205b3fe7f02410a65f11,2,187
1789314521714,3,2b86f723fb359ed42573883d5dd5a5b20c56737175a16f839fc5fcafafe4cbad,26b3ae9ec36f90f0d8187b56ab18375bcd88e1c38c4b205b3fe7f02410a65f11,2,187
1789314521714,3,2b86f723fb359ed42573883d5dd5a5b20c56737175a16f839fc5fcafafe4cbad,259ec34ae89b39695c77f29a927338f55f121827916bbc97151dd7433770e584,67,193
1789314521714,3,2b86f723fb359ed42573883d5dd5a5b20c56737175a16f839fc5fcafafe4cbad,3385b16c727f9c25edafd107e83ab00a79339958b8c2c24730f6f40a31f8646f,1779445898780,165
1789314521714,3,2b86f723fb359ed42573883d5dd5a5b20c56737175a16f839fc5fcafafe4cbad,372ea860496a93f30382c5bd4b5c5c3cf8ebdd7fc94bf1f6fcf7a1d8dad8351c,1789045698564,283
1789314521714,3,2b86f723fb359ed42573883d5dd5a5b20c56737175a16f839fc5fcafafe4cbad,3bb0db4a56a4e86d82178c5d0fbb36eb39e504c2ae3445b6bf73288d6f694f3d,4,269
1789314522980,3,10da3fc00cf414367e2cd761b9c2ecf3c5f3c8cb33d70279eac04f81df9ee2e6,3385b16c727f9c25edafd107e83ab00a79339958b8c2c24730f6f40a31f8646f,1779445898780,165
1789314522980,3,10da3fc00cf414367e2cd761b9c2ecf3c5f3c8cb33d70279eac04f81df9ee2e6,372ea860496a93f30382c5bd4b5c5c3cf8ebdd7fc94bf1f6fcf7a1d8dad8351c,1789045698564,283
1789314522980,3,10da3fc00cf414367e2cd761b9c2ecf3c5f3c8cb33d70279eac04f81df9ee2e6,3bb0db4a56a4e86d82178c5d0fbb36eb39e504c2ae3445b6bf73288d6f694f3d,4,269
1789314522980,3,10da3fc00cf414367e2cd761b9c2ecf3c5f3c8cb33d70279eac04f81df9ee2e6,259ec34ae89b39695c77f29a927338f55f121827916bbc97151dd7433770e584,67,193
1789314522980,3,10da3fc00cf414367e2cd761b9c2ecf3c5f3c8cb33d70279eac04f81df9ee2e6,2b86f723fb359ed42573883d5dd5a5b20c56737175a16f839fc5fcafafe4cbad,3,193
1789314522980,3,10da3fc00cf414367e2cd761b9c2ecf3c5f3c8cb33d70279eac04f81df9ee2e6,73e681cb35d709b862058223612012c218700af6e5f8e37ea73d889b87e80636,1787573407476,291
1789314522980,3,10da3fc00cf414367e2cd761b9c2ecf3c5f3c8cb33d70279eac04f81df9ee2e6,75de8c884dc99bfb5428289a24edfe24f587fa940b710a60860b73981e1955f2,1789087232580,165
1789314522980,3,10da3fc00cf414367e2cd761b9c2ecf3c5f3c8cb33d70279eac04f81df9ee2e6,76de530fe673461e4e9bcd9c3c75007bb702bb7a833e66df792680edb4e57ccc,1788864239539,165
1789314522980,3,10da3fc00cf414367e2cd761b9c2ecf3c5f3c8cb33d70279eac04f81df9ee2e6,7842c8cb303b6a0504aca97b711b7f0676890599e60def6224d83c383481bc43,3,289
1789314522980,3,10da3fc00cf414367e2cd761b9c2ecf3c5f3c8cb33d70279eac04f81df9ee2e6,604e81b0c67d61f607a646ae9f6bffa4c19b166b37909159ab8e3ffc2b29d728,62,248
1789314522980,3,10da3fc00cf414367e2cd761b9c2ecf3c5f3c8cb33d70279eac04f81df9ee2e6,622408ea7c5bee83b2f66b614d0d094d1f9a702ec73ac396b30453f867f9bb28,1787573198097,173
1789314522980,3,10da3fc00cf414367e2cd761b9c2ecf3c5f3c8cb33d70279eac04f81df9ee2e6,6fc5f636a0da291946a40bf7e073b685c8e152bf51c889fd937b218f79cba703,1789130874796,283
1789314522980,3,10da3fc00cf414367e2cd761b9c2ecf3c5f3c8cb33d70279eac04f81df9ee2e6,4cbc6a592c5f8b8fab323b8d83394db5b8be11a007546392d04ad738f458ea37,1786651559075,283
1789314523175,3,604e81b0c67d61f607a646ae9f6bffa4c19b166b37909159ab8e3ffc2b29d728,259ec34ae89b39695c77f29a927338f55f121827916bbc97151dd7433770e584,67,193
1789314523175,3,604e81b0c67d61f607a646ae9f6bffa4c19b166b37909159ab8e3ffc2b29d728,26b3ae9ec36f90f0d8187b56ab18375bcd88e1c38c4b205b3fe7f02410a65f11,2,187
1789314523175,3,604e81b0c67d61f607a646ae9f6bffa4c19b166b37909159ab8e3ffc2b29d728,2b86f723fb359ed42573883d5dd5a5b20c56737175a16f839fc5fcafafe4cbad,3,193
1789314523175,3,604e81b0c67d61f607a646ae9f6bffa4c19b166b37909159ab8e3ffc2b29d728,3385b16c727f9c25edafd107e83ab00a79339958b8c2c24730f6f40a31f8646f,1779445898780,165
1789314523175,3,604e81b0c67d61f607a646ae9f6bffa4c19b166b37909159ab8e3ffc2b29d728,372ea860496a93f30382c5bd4b5c5c3cf8ebdd7fc94bf1f6fcf7a1d8dad8351c,1789045698564,283
1789314523175,3,604e81b0c67d61f607a646ae9f6bffa4c19b166b37909159ab8e3ffc2b29d728,3bb0db4a56a4e86d82178c5d0fbb36eb39e504c2ae3445b6bf73288d6f694f3d,4,269
1789314523175,3,604e81b0c67d61f607a646ae9f6bffa4c19b166b37909159ab8e3ffc2b29d728,0472d0c18cda4fbd60bcc270448a0b5282506012e64232e7793a50ab729fd1fd,1788435511904,283
1789314523175,3,604e81b0c67d61f607a646ae9f6bffa4c19b166b37909159ab8e3ffc2b29d728,10da3fc00cf414367e2cd761b9c2ecf3c5f3c8cb33d70279eac04f81df9ee2e6,4,277
1789314523175,3,604e81b0c67d61f607a646ae9f6bffa4c19b166b37909159ab8e3ffc2b29d728,1eeeb2d98e45c2b9fb81b871893df0379f1a8647544b1c8bd6b2e70181c141d7,4,193
1789314523175,3,604e81b0c67d61f607a646ae9f6bffa4c19b166b37909159ab8e3ffc2b29d728,4cbc6a592c5f8b8fab323b8d83394db5b8be11a007546392d04ad738f458ea37,1786651559075,283
1789314523357,3,76de530fe673461e4e9bcd9c3c75007bb702bb7a833e66df792680edb4e57ccc,10da3fc00cf414367e2cd761b9c2ecf3c5f3c8cb33d70279eac04f81df9ee2e6,4,277
1789314523357,3,76de530fe673461e4e9bcd9c3c75007bb702bb7a833e66df792680edb4e57ccc,372ea860496a93f30382c5bd4b5c5c3cf8ebdd7fc94bf1f6fcf7a1d8dad8351c,1789045698564,283
1789314523357,3,76de530fe673461e4e9bcd9c3c75007bb702bb7a833e66df792680edb4e57ccc,0472d0c18cda4fbd60bcc270448a0b5282506012e64232e7793a50ab729fd1fd,1788435511904,283
1789314523357,3,76de530fe673461e4e9bcd9c3c75007bb702bb7a833e66df792680edb4e57ccc,1eeeb2d98e45c2b9fb81b871893df0379f1a8647544b1c8bd6b2e70181c141d7,4,193
1789314523357,3,76de530fe673461e4e9bcd9c3c75007bb702bb7a833e66df792680edb4e57ccc,3385b16c727f9c25edafd107e83ab00a79339958b8c2c24730f6f40a31f8646f,1779445898773,165
1789314523357,3,76de530fe673461e4e9bcd9c3c75007bb702bb7a833e66df792680edb4e57ccc,3bb0db4a56a4e86d82178c5d0fbb36eb39e504c2ae3445b6bf73288d6f694f3d,1,269
1789314523357,3,76de530fe673461e4e9bcd9c3c75007bb702bb7a833e66df792680edb4e57ccc,26b3ae9ec36f90f0d8187b56ab18375bcd88e1c38c4b205b3fe7f02410a65f11,2,187
1789314523357,3,76de530fe673461e4e9bcd9c3c75007bb702bb7a833e66df792680edb4e57ccc,259ec34ae89b39695c77f29a927338f55f121827916bbc97151dd7433770e584,67,193
1789314523357,3,76de530fe673461e4e9bcd9c3c75007bb702bb7a833e66df792680edb4e57ccc,2b86f723fb359ed42573883d5dd5a5b20c56737175a16f839fc5fcafafe4cbad,3,193
1789314523357,3,76de530fe673461e4e9bcd9c3c75007bb702bb7a833e66df792680edb4e57ccc,9278ceb60c8a0962b6494042b05ebc57a12ec716f6fdcb0f4963f138a1f06aa3,4,271
1789314523357,3,76de530fe673461e4e9bcd9c3c75007bb702bb7a833e66df792680edb4e57ccc,84176078b4c26f6eabf37102bb1f6d4a867c68c1091ad1932ec308264ce1bf3c,4,289
1789314523357,3,76de530fe673461e4e9bcd9c3c75007bb702bb7a833e66df792680edb4e57ccc,83421d6543c477bd09e15f2e8b21090015c5fde0d6e55190b6a08421e486f699,4,271
1789314523357,3,76de530fe673461e4e9bcd9c3c75007bb702bb7a833e66df792680edb4e57ccc,ebaf6272d70329e5e6331ad683d8239a03f580ec903a9ad75774642e67148ebe,4,295
1789314523357,3,76de530fe673461e4e9bcd9c3c75007bb702bb7a833e66df792680edb4e57ccc,eb9e1eb36b887cb4f1910be0e6eafb56a6f38962495f903ebfc821f51c41efd2,4,289
1789314523357,3,76de530fe673461e4e9bcd9c3c75007bb702bb7a833e66df792680edb4e57ccc,a178e88e05f3c2099985b0be4396d56a26bcbb2b109d8251fca59d2758ffde89,3,193
1789314523357,3,76de530fe673461e4e9bcd9c3c75007bb702bb7a833e66df792680edb4e57ccc,acc57716bdf8b6486ad0c389ed3733ea0144b3c1c9b6d1ffeb5d9e3d590bed3a,1,287
1789314523377,3,a178e88e05f3c2099985b0be4396d56a26bcbb2b109d8251fca59d2758ffde89,259ec34ae89b39695c77f29a927338f55f121827916bbc97151dd7433770e584,67,193
1789314523377,3,a178e88e05f3c2099985b0be4396d56a26bcbb2b109d8251fca59d2758ffde89,26b3ae9ec36f90f0d8187b56ab18375bcd88e1c38c4b205b3fe7f02410a65f11,2,187
1789314523377,3,a178e88e05f3c2099985b0be4396d56a26bcbb2b109d8251fca59d2758ffde89,2b86f723fb359ed42573883d5dd5a5b20c56737175a16f839fc5fcafafe4cbad,3,193
1789314523377,3,a178e88e05f3c2099985b0be4396d56a26bcbb2b109d8251fca59d2758ffde89,3385b16c727f9c25edafd107e83ab00a79339958b8c2c24730f6f40a31f8646f,1779445898780,165
1789314523377,3,a178e88e05f3c2099985b0be4396d56a26bcbb2b109d8251fca59d2758ffde89,372ea860496a93f30382c5bd4b5c5c3cf8ebdd7fc94bf1f6fcf7a1d8dad8351c,1789045698564,283
1789314523377,3,a178e88e05f3c2099985b0be4396d56a26bcbb2b109d8251fca59d2758ffde89,3bb0db4a56a4e86d82178c5d0fbb36eb39e504c2ae3445b6bf73288d6f694f3d,4,269
1789314523377,3,a178e88e05f3c2099985b0be4396d56a26bcbb2b109d8251fca59d2758ffde89,0472d0c18cda4fbd60bcc270448a0b5282506012e64232e7793a50ab729fd1fd,1788435511904,283
1789314523377,3,a178e88e05f3c2099985b0be4396d56a26bcbb2b109d8251fca59d2758ffde89,10da3fc00cf414367e2cd761b9c2ecf3c5f3c8cb33d70279eac04f81df9ee2e6,4,277
1789314523377,3,a178e88e05f3c2099985b0be4396d56a26bcbb2b109d8251fca59d2758ffde89,1eeeb2d98e45c2b9fb81b871893df0379f1a8647544b1c8bd6b2e70181c141d7,4,193
1789314523377,3,a178e88e05f3c2099985b0be4396d56a26bcbb2b109d8251fca59d2758ffde89,622408ea7c5bee83b2f66b614d0d094d1f9a702ec73ac396b30453f867f9bb28,1787573198097,173
1789314523377,3,a178e88e05f3c2099985b0be4396d56a26bcbb2b109d8251fca59d2758ffde89,6fc5f636a0da291946a40bf7e073b685c8e152bf51c889fd937b218f79cba703,1789130874796,283
1789314523377,3,a178e88e05f3c2099985b0be4396d56a26bcbb2b109d8251fca59d2758ffde89,73e681cb35d709b862058223612012c218700af6e5f8e37ea73d889b87e80636,1787573407476,291
1789314523377,3,a178e88e05f3c2099985b0be4396d56a26bcbb2b109d8251fca59d2758ffde89,75de8c884dc99bfb5428289a24edfe24f587fa940b710a60860b73981e1955f2,1789087232580,165
1789314523377,3,a178e88e05f3c2099985b0be4396d56a26bcbb2b109d8251fca59d2758ffde89,76de530fe673461e4e9bcd9c3c75007bb702bb7a833e66df792680edb4e57ccc,1788864239539,165
1789314523377,3,a178e88e05f3c2099985b0be4396d56a26bcbb2b109d8251fca59d2758ffde89,7842c8cb303b6a0504aca97b711b7f0676890599e60def6224d83c383481bc43,3,289
1789314523377,3,a178e88e05f3c2099985b0be4396d56a26bcbb2b109d8251fca59d2758ffde89,4cbc6a592c5f8b8fab323b8d83394db5b8be11a007546392d04ad738f458ea37,1786651559075,283
1789314523415,3,acc57716bdf8b6486ad0c389ed3733ea0144b3c1c9b6d1ffeb5d9e3d590bed3a,2b86f723fb359ed42573883d5dd5a5b20c56737175a16f839fc5fcafafe4cbad,3,193
1789314523415,3,acc57716bdf8b6486ad0c389ed3733ea0144b3c1c9b6d1ffeb5d9e3d590bed3a,259ec34ae89b39695c77f29a927338f55f121827916bbc97151dd7433770e584,67,193
1789314523415,3,acc57716bdf8b6486ad0c389ed3733ea0144b3c1c9b6d1ffeb5d9e3d590bed3a,26b3ae9ec36f90f0d8187b56ab18375bcd88e1c38c4b205b3fe7f02410a65f11,2,187
1789314523415,3,acc57716bdf8b6486ad0c389ed3733ea0144b3c1c9b6d1ffeb5d9e3d590bed3a,3bb0db4a56a4e86d82178c5d0fbb36eb39e504c2ae3445b6bf73288d6f694f3d,4,269
1789314523415,3,acc57716bdf8b6486ad0c389ed3733ea0144b3c1c9b6d1ffeb5d9e3d590bed3a,372ea860496a93f30382c5bd4b5c5c3cf8ebdd7fc94bf1f6fcf7a1d8dad8351c,1789045698564,283
1789314523415,3,acc57716bdf8b6486ad0c389ed3733ea0144b3c1c9b6d1ffeb5d9e3d590bed3a,3385b16c727f9c25edafd107e83ab00a79339958b8c2c24730f6f40a31f8646f,1779445898780,165
1789314523415,3,acc57716bdf8b6486ad0c389ed3733ea0144b3c1c9b6d1ffeb5d9e3d590bed3a,0472d0c18cda4fbd60bcc270448a0b5282506012e64232e7793a50ab729fd1fd,1788435511904,283
1789314523415,3,acc57716bdf8b6486ad0c389ed3733ea0144b3c1c9b6d1ffeb5d9e3d590bed3a,10da3fc00cf414367e2cd761b9c2ecf3c5f3c8cb33d70279eac04f81df9ee2e6,4,277
1789314523415,3,acc57716bdf8b6486ad0c389ed3733ea0144b3c1c9b6d1ffeb5d9e3d590bed3a,6fc5f636a0da291946a40bf7e073b685c8e152bf51c889fd937b218f79cba703,1789130874799,283
1789314523415,3,acc57716bdf8b6486ad0c389ed3733ea0144b3c1c9b6d1ffeb5d9e3d590bed3a,604e81b0c67d61f607a646ae9f6bffa4c19b166b37909159ab8e3ffc2b29d728,62,248
1789314523415,3,acc57716bdf8b6486ad0c389ed3733ea0144b3c1c9b6d1ffeb5d9e3d590bed3a,622408ea7c5bee83b2f66b614d0d094d1f9a702ec73ac396b30453f867f9bb28,1787573198097,173
1789314523415,3,acc57716bdf8b6486ad0c389ed3733ea0144b3c1c9b6d1ffeb5d9e3d590bed3a,7842c8cb303b6a0504aca97b711b7f0676890599e60def6224d83c383481bc43,3,289
1789314523415,3,acc57716bdf8b6486ad0c389ed3733ea0144b3c1c9b6d1ffeb5d9e3d590bed3a,75de8c884dc99bfb5428289a24edfe24f587fa940b710a60860b73981e1955f2,1789087232580,165
1789314523415,3,acc57716bdf8b6486ad0c389ed3733ea0144b3c1c9b6d1ffeb5d9e3d590bed3a,76de530fe673461e4e9bcd9c3c75007bb702bb7a833e66df792680edb4e57ccc,1788864239539,165
1789314523415,3,acc57716bdf8b6486ad0c389ed3733ea0144b3c1c9b6d1ffeb5d9e3d590bed3a,73e681cb35d709b862058223612012c218700af6e5f8e37ea73d889b87e80636,1787573407476,291
1789314523415,3,acc57716bdf8b6486ad0c389ed3733ea0144b3c1c9b6d1ffeb5d9e3d590bed3a,4cbc6a592c5f8b8fab323b8d83394db5b8be11a007546392d04ad738f458ea37,1786651559075,283
1789314523424,3,aed3256ba9d0b660dcde92b817f96ac0e12e899c7ccf1821bc68877333af82ea,2b86f723fb359ed42573883d5dd5a5b20c56737175a16f839fc5fcafafe4cbad,3,193
1789314523424,3,aed3256ba9d0b660dcde92b817f96ac0e12e899c7ccf1821bc68877333af82ea,26b3ae9ec36f90f0d8187b56ab18375bcd88e1c38c4b205b3fe7f02410a65f11,2,187
1789314523424,3,aed3256ba9d0b660dcde92b817f96ac0e12e899c7ccf1821bc68877333af82ea,259ec34ae89b39695c77f29a927338f55f121827916bbc97151dd7433770e584,67,193
1789314523424,3,aed3256ba9d0b660dcde92b817f96ac0e12e899c7ccf1821bc68877333af82ea,3bb0db4a56a4e86d82178c5d0fbb36eb39e504c2ae3445b6bf73288d6f694f3d,4,269
1789314523424,3,aed3256ba9d0b660dcde92b817f96ac0e12e899c7ccf1821bc68877333af82ea,372ea860496a93f30382c5bd4b5c5c3cf8ebdd7fc94bf1f6fcf7a1d8dad8351c,1789045698564,283
1789314523424,3,aed3256ba9d0b660dcde92b817f96ac0e12e899c7ccf1821bc68877333af82ea,3385b16c727f9c25edafd107e83ab00a79339958b8c2c24730f6f40a31f8646f,1779445898780,165
1789314523424,3,aed3256ba9d0b660dcde92b817f96ac0e12e899c7ccf1821bc68877333af82ea,0472d0c18cda4fbd60bcc270448a0b5282506012e64232e7793a50ab729fd1fd,1788435511904,283
1789314523424,3,aed3256ba9d0b660dcde92b817f96ac0e12e899c7ccf1821bc68877333af82ea,10da3fc00cf414367e2cd761b9c2ecf3c5f3c8cb33d70279eac04f81df9ee2e6,4,277
1789314523424,3,aed3256ba9d0b660dcde92b817f96ac0e12e899c7ccf1821bc68877333af82ea,6fc5f636a0da291946a40bf7e073b685c8e152bf51c889fd937b218f79cba703,1789130874796,283
1789314523424,3,aed3256ba9d0b660dcde92b817f96ac0e12e899c7ccf1821bc68877333af82ea,622408ea7c5bee83b2f66b614d0d094d1f9a702ec73ac396b30453f867f9bb28,1787573198097,173
1789314523424,3,aed3256ba9d0b660dcde92b817f96ac0e12e899c7ccf1821bc68877333af82ea,604e81b0c67d61f607a646ae9f6bffa4c19b166b37909159ab8e3ffc2b29d728,62,248
1789314523424,3,aed3256ba9d0b660dcde92b817f96ac0e12e899c7ccf1821bc68877333af82ea,7842c8cb303b6a0504aca97b711b7f0676890599e60def6224d83c383481bc43,3,289
1789314523424,3,aed3256ba9d0b660dcde92b817f96ac0e12e899c7ccf1821bc68877333af82ea,76de530fe673461e4e9bcd9c3c75007bb702bb7a833e66df792680edb4e57ccc,1788864239539,165
1789314523424,3,aed3256ba9d0b660dcde92b817f96ac0e12e899c7ccf1821bc68877333af82ea,75de8c884dc99bfb5428289a24edfe24f587fa940b710a60860b73981e1955f2,1789087232580,165
1789314523424,3,aed3256ba9d0b660dcde92b817f96ac0e12e899c7ccf1821bc68877333af82ea,73e681cb35d709b862058223612012c218700af6e5f8e37ea73d889b87e80636,1787573407476,291
1789314523424,3,aed3256ba9d0b660dcde92b817f96ac0e12e899c7ccf1821bc68877333af82ea,4cbc6a592c5f8b8fab323b8d83394db5b8be11a007546392d04ad738f458ea37,1786651559075,283
1789314523516,3,75de8c884dc99bfb5428289a24edfe24f587fa940b710a60860b73981e1955f2,2b86f723fb359ed42573883d5dd5a5b20c56737175a16f839fc5fcafafe4cbad,3,193
1789314523516,3,75de8c884dc99bfb5428289a24edfe24f587fa940b710a60860b73981e1955f2,10da3fc00cf414367e2cd761b9c2ecf3c5f3c8cb33d70279eac04f81df9ee2e6,4,277
1789314523516,3,75de8c884dc99bfb5428289a24edfe24f587fa940b710a60860b73981e1955f2,0472d0c18cda4fbd60bcc270448a0b5282506012e64232e7793a50ab729fd1fd,1788435511904,283
1789314523516,3,75de8c884dc99bfb5428289a24edfe24f587fa940b710a60860b73981e1955f2,372ea860496a93f30382c5bd4b5c5c3cf8ebdd7fc94bf1f6fcf7a1d8dad8351c,1789045698564,283
1789314523516,3,75de8c884dc99bfb5428289a24edfe24f587fa940b710a60860b73981e1955f2,3bb0db4a56a4e86d82178c5d0fbb36eb39e504c2ae3445b6bf73288d6f694f3d,4,269
1789314523516,3,75de8c884dc99bfb5428289a24edfe24f587fa940b710a60860b73981e1955f2,3385b16c727f9c25edafd107e83ab00a79339958b8c2c24730f6f40a31f8646f,1779445898776,283
1789314523516,3,75de8c884dc99bfb5428289a24edfe24f587fa940b710a60860b73981e1955f2,259ec34ae89b39695c77f29a927338f55f121827916bbc97151dd7433770e584,67,193
1789314523516,3,75de8c884dc99bfb5428289a24edfe24f587fa940b710a60860b73981e1955f2,1eeeb2d98e45c2b9fb81b871893df0379f1a8647544b1c8bd6b2e70181c141d7,4,193
1789314523516,3,75de8c884dc99bfb5428289a24edfe24f587fa940b710a60860b73981e1955f2,26b3ae9ec36f90f0d8187b56ab18375bcd88e1c38c4b205b3fe7f02410a65f11,2,187
1789314523516,3,75de8c884dc99bfb5428289a24edfe24f587fa940b710a60860b73981e1955f2,9c67014776a470f017a6775c1131f0354992f0fcfbbacf58fa78f18eff82dd03,1784633122505,283
1789314523516,3,75de8c884dc99bfb5428289a24edfe24f587fa940b710a60860b73981e1955f2,a178e88e05f3c2099985b0be4396d56a26bcbb2b109d8251fca59d2758ffde89,3,193
1789314523516,3,75de8c884dc99bfb5428289a24edfe24f587fa940b710a60860b73981e1955f2,acc57716bdf8b6486ad0c389ed3733ea0144b3c1c9b6d1ffeb5d9e3d590bed3a,4,287
1789314523516,3,75de8c884dc99bfb5428289a24edfe24f587fa940b710a60860b73981e1955f2,83421d6543c477bd09e15f2e8b21090015c5fde0d6e55190b6a08421e486f699,4,271
1789314523516,3,75de8c884dc99bfb5428289a24edfe24f587fa940b710a60860b73981e1955f2,eb9e1eb36b887cb4f1910be0e6eafb56a6f38962495f903ebfc821f51c41efd2,4,289
1789314523516,3,75de8c884dc99bfb5428289a24edfe24f587fa940b710a60860b73981e1955f2,ffa2a46b0d0ba55371cc4f3f2322373efd010f55368e334cf2a0f5d473065f3b,1788276081813,283
1789314523516,3,75de8c884dc99bfb5428289a24edfe24f587fa940b710a60860b73981e1955f2,9278ceb60c8a0962b6494042b05ebc57a12ec716f6fdcb0f4963f138a1f06aa3,4,271
1789314523517,3,7842c8cb303b6a0504aca97b711b7f0676890599e60def6224d83c383481bc43,3bb0db4a56a4e86d82178c5d0fbb36eb39e504c2ae3445b6bf73288d6f694f3d,4,269
1789314523517,3,7842c8cb303b6a0504aca97b711b7f0676890599e60def6224d83c383481bc43,3385b16c727f9c25edafd107e83ab00a79339958b8c2c24730f6f40a31f8646f,1779445898780,165
1789314523517,3,7842c8cb303b6a0504aca97b711b7f0676890599e60def6224d83c383481bc43,372ea860496a93f30382c5bd4b5c5c3cf8ebdd7fc94bf1f6fcf7a1d8dad8351c,1789045698564,283
1789314523517,3,7842c8cb303b6a0504aca97b711b7f0676890599e60def6224d83c383481bc43,2b86f723fb359ed42573883d5dd5a5b20c56737175a16f839fc5fcafafe4cbad,3,193
1789314523517,3,7842c8cb303b6a0504aca97b711b7f0676890599e60def6224d83c383481bc43,259ec34ae89b39695c77f29a927338f55f121827916bbc97151dd7433770e584,67,193
1789314523517,3,7842c8cb303b6a0504aca97b711b7f0676890599e60def6224d83c383481bc43,26b3ae9ec36f90f0d8187b56ab18375bcd88e1c38c4b205b3fe7f02410a65f11,2,187
1789314523517,3,7842c8cb303b6a0504aca97b711b7f0676890599e60def6224d83c383481bc43,1eeeb2d98e45c2b9fb81b871893df0379f1a8647544b1c8bd6b2e70181c141d7,4,193
1789314523517,3,7842c8cb303b6a0504aca97b711b7f0676890599e60def6224d83c383481bc43,10da3fc00cf414367e2cd761b9c2ecf3c5f3c8cb33d70279eac04f81df9ee2e6,4,277
1789314523517,3,7842c8cb303b6a0504aca97b711b7f0676890599e60def6224d83c383481bc43,0472d0c18cda4fbd60bcc270448a0b5282506012e64232e7793a50ab729fd1fd,1788435511904,283
1789314523517,3,7842c8cb303b6a0504aca97b711b7f0676890599e60def6224d83c383481bc43,4cbc6a592c5f8b8fab323b8d83394db5b8be11a007546392d04ad738f458ea37,1786651559075,283
1789314523533,3,a798f63d959239179e3935afe024715f80266149007a59143b8ba205c4d5d0e4,26b3ae9ec36f90f0d8187b56ab18375bcd88e1c38c4b205b3fe7f02410a65f11,2,187
1789314523533,3,a798f63d959239179e3935afe024715f80266149007a59143b8ba205c4d5d0e4,259ec34ae89b39695c77f29a927338f55f121827916bbc97151dd7433770e584,67,193
1789314523533,3,a798f63d959239179e3935afe024715f80266149007a59143b8ba205c4d5d0e4,2b86f723fb359ed42573883d5dd5a5b20c56737175a16f839fc5fcafafe4cbad,3,193
1789314523533,3,a798f63d959239179e3935afe024715f80266149007a59143b8ba205c4d5d0e4,372ea860496a93f30382c5bd4b5c5c3cf8ebdd7fc94bf1f6fcf7a1d8dad8351c,1789045698564,283
1789314523533,3,a798f63d959239179e3935afe024715f80266149007a59143b8ba205c4d5d0e4,3bb0db4a56a4e86d82178c5d0fbb36eb39e504c2ae3445b6bf73288d6f694f3d,4,269
1789314523533,3,a798f63d959239179e3935afe024715f80266149007a59143b8ba205c4d5d0e4,0472d0c18cda4fbd60bcc270448a0b5282506012e64232e7793a50ab729fd1fd,1788435511904,283
1789314523533,3,a798f63d959239179e3935afe024715f80266149007a59143b8ba205c4d5d0e4,10da3fc00cf414367e2cd761b9c2ecf3c5f3c8cb33d70279eac04f81df9ee2e6,4,277
1789314523533,3,a798f63d959239179e3935afe024715f80266149007a59143b8ba205c4d5d0e4,1eeeb2d98e45c2b9fb81b871893df0379f1a8647544b1c8bd6b2e70181c141d7,4,193
1789314523533,3,a798f63d959239179e3935afe024715f80266149007a59143b8ba205c4d5d0e4,622408ea7c5bee83b2f66b614d0d094d1f9a702ec73ac396b30453f867f9bb28,1787573198097,173
1789314523533,3,a798f63d959239179e3935afe024715f80266149007a59143b8ba205c4d5d0e4,604e81b0c67d61f607a646ae9f6bffa4c19b166b37909159ab8e3ffc2b29d728,62,248
1789314523533,3,a798f63d959239179e3935afe024715f80266149007a59143b8ba205c4d5d0e4,6fc5f636a0da291946a40bf7e073b685c8e152bf51c889fd937b218f79cba703,1789130874796,283
1789314523533,3,a798f63d959239179e3935afe024715f80266149007a59143b8ba205c4d5d0e4,76de530fe673461e4e9bcd9c3c75007bb702bb7a833e66df792680edb4e57ccc,1788864239539,165
1789314523533,3,a798f63d959239179e3935afe024715f80266149007a59143b8ba205c4d5d0e4,75de8c884dc99bfb5428289a24edfe24f587fa940b710a60860b73981e1955f2,1789087232580,165
1789314523533,3,a798f63d959239179e3935afe024715f80266149007a59143b8ba205c4d5d0e4,73e681cb35d709b862058223612012c218700af6e5f8e37ea73d889b87e80636,1787573407476,291
1789314523533,3,a798f63d959239179e3935afe024715f80266149007a59143b8ba205c4d5d0e4,7842c8cb303b6a0504aca97b711b7f0676890599e60def6224d83c383481bc43,3,289
1789314523533,3,a798f63d959239179e3935afe024715f80266149007a59143b8ba205c4d5d0e4,4cbc6a592c5f8b8fab323b8d83394db5b8be11a007546392d04ad738f458ea37,1786651559075,283
1789314523533,3,a6ab2b3091b97ddf52171dce0ab9c7ea6c8f67b41ff39aeb6a2036847a28802b,26b3ae9ec36f90f0d8187b56ab18375bcd88e1c38c4b205b3fe7f02410a65f11,2,187
1789314523533,3,a6ab2b3091b97ddf52171dce0ab9c7ea6c8f67b41ff39aeb6a2036847a28802b,259ec34ae89b39695c77f29a927338f55f121827916bbc97151dd7433770e584,67,193
1789314523533,3,a6ab2b3091b97ddf52171dce0ab9c7ea6c8f67b41ff39aeb6a2036847a28802b,2b86f723fb359ed42573883d5dd5a5b20c56737175a16f839fc5fcafafe4cbad,3,193
1789314523533,3,a6ab2b3091b97ddf52171dce0ab9c7ea6c8f67b41ff39aeb6a2036847a28802b,372ea860496a93f30382c5bd4b5c5c3cf8ebdd7fc94bf1f6fcf7a1d8dad8351c,1789045698564,283
1789314523533,3,a6ab2b3091b97ddf52171dce0ab9c7ea6c8f67b41ff39aeb6a2036847a28802b,3385b16c727f9c25edafd107e83ab00a79339958b8c2c24730f6f40a31f8646f,1779445898780,165
1789314523533,3,a6ab2b3091b97ddf52171dce0ab9c7ea6c8f67b41ff39aeb6a2036847a28802b,3bb0db4a56a4e86d82178c5d0fbb36eb39e504c2ae3445b6bf73288d6f694f3d,4,269
1789314523533,3,a6ab2b3091b97ddf52171dce0ab9c7ea6c8f67b41ff39aeb6a2036847a28802b,0472d0c18cda4fbd60bcc270448a0b5282506012e64232e7793a50ab729fd1fd,1788435511904,283
1789314523533,3,a6ab2b3091b97ddf52171dce0ab9c7ea6c8f67b41ff39aeb6a2036847a28802b,10da3fc00cf414367e2cd761b9c2ecf3c5f3c8cb33d70279eac04f81df9ee2e6,4,277
1789314523533,3,a6ab2b3091b97ddf52171dce0ab9c7ea6c8f67b41ff39aeb6a2036847a28802b,622408ea7c5bee83b2f66b614d0d094d1f9a702ec73ac396b30453f867f9bb28,1787573198097,173
1789314523533,3,a6ab2b3091b97ddf52171dce0ab9c7ea6c8f67b41ff39aeb6a2036847a28802b,604e81b0c67d61f607a646ae9f6bffa4c19b166b37909159ab8e3ffc2b29d728,62,248
1789314523533,3,a6ab2b3091b97ddf52171dce0ab9c7ea6c8f67b41ff39aeb6a2036847a28802b,6fc5f636a0da291946a40bf7e073b685c8e152bf51c889fd937b218f79cba703,1789130874796,283
1789314523533,3,a6ab2b3091b97ddf52171dce0ab9c7ea6c8f67b41ff39aeb6a2036847a28802b,76de530fe673461e4e9bcd9c3c75007bb702bb7a833e66df792680edb4e57ccc,1788864239539,165
1789314523533,3,a6ab2b3091b97ddf52171dce0ab9c7ea6c8f67b41ff39aeb6a2036847a28802b,75de8c884dc99bfb5428289a24edfe24f587fa940b710a60860b73981e1955f2,1789087232580,165
1789314523533,3,a6ab2b3091b97ddf52171dce0ab9c7ea6c8f67b41ff39aeb6a2036847a28802b,73e681cb35d709b862058223612012c218700af6e5f8e37ea73d889b87e80636,1787573407476,291
1789314523533,3,a6ab2b3091b97ddf52171dce0ab9c7ea6c8f67b41ff39aeb6a2036847a28802b,7842c8cb303b6a0504aca97b711b7f0676890599e60def6224d83c383481bc43,3,289
1789314523533,3,a6ab2b3091b97ddf52171dce0ab9c7ea6c8f67b41ff39aeb6a2036847a28802b,4cbc6a592c5f8b8fab323b8d83394db5b8be11a007546392d04ad738f458ea37,1786651559075,283
1789314523533,3,b33fce94a9d9f670a47c0ecf89e3d977e68048c22bb2dffbcc13bea3ef76aacc,3385b16c727f9c25edafd107e83ab00a79339958b8c2c24730f6f40a31f8646f,1779445898780,165
1789314523533,3,b33fce94a9d9f670a47c0ecf89e3d977e68048c22bb2dffbcc13bea3ef76aacc,372ea860496a93f30382c5bd4b5c5c3cf8ebdd7fc94bf1f6fcf7a1d8dad8351c,1789045698564,283
1789314523533,3,b33fce94a9d9f670a47c0ecf89e3d977e68048c22bb2dffbcc13bea3ef76aacc,3bb0db4a56a4e86d82178c5d0fbb36eb39e504c2ae3445b6bf73288d6f694f3d,4,269
1789314523533,3,b33fce94a9d9f670a47c0ecf89e3d977e68048c22bb2dffbcc13bea3ef76aacc,26b3ae9ec36f90f0d8187b56ab18375bcd88e1c38c4b205b3fe7f02410a65f11,2,187
1789314523533,3,b33fce94a9d9f670a47c0ecf89e3d977e68048c22bb2dffbcc13bea3ef76aacc,259ec34ae89b39695c77f29a927338f55f121827916bbc97151dd7433770e584,67,193
1789314523533,3,b33fce94a9d9f670a47c0ecf89e3d977e68048c22bb2dffbcc13bea3ef76aacc,2b86f723fb359ed42573883d5dd5a5b20c56737175a16f839fc5fcafafe4cbad,3,193
1789314523533,3,b33fce94a9d9f670a47c0ecf89e3d977e68048c22bb2dffbcc13bea3ef76aacc,10da3fc00cf414367e2cd761b9c2ecf3c5f3c8cb33d70279eac04f81df9ee2e6,4,277
1789314523533,3,b33fce94a9d9f670a47c0ecf89e3d977e68048c22bb2dffbcc13bea3ef76aacc,0472d0c18cda4fbd60bcc270448a0b5282506012e64232e7793a50ab729fd1fd,1788435511904,283
1789314523533,3,b33fce94a9d9f670a47c0ecf89e3d977e68048c22bb2dffbcc13bea3ef76aacc,73e681cb35d709b862058223612012c218700af6e5f8e37ea73d889b87e80636,1787573407476,291
1789314523533,3,b33fce94a9d9f670a47c0ecf89e3d977e68048c22bb2dffbcc13bea3ef76aacc,76de530fe673461e4e9bcd9c3c75007bb702bb7a833e66df792680edb4e57ccc,1788864239539,165
1789314523533,3,b33fce94a9d9f670a47c0ecf89e3d977e68048c22bb2dffbcc13bea3ef76aacc,75de8c884dc99bfb5428289a24edfe24f587fa940b710a60860b73981e1955f2,1789087232580,165
1789314523533,3,b33fce94a9d9f670a47c0ecf89e3d977e68048c22bb2dffbcc13bea3ef76aacc,7842c8cb303b6a0504aca97b711b7f0676890599e60def6224d83c383481bc43,3,289
1789314523533,3,b33fce94a9d9f670a47c0ecf89e3d977e68048c22bb2dffbcc13bea3ef76aacc,622408ea7c5bee83b2f66b614d0d094d1f9a702ec73ac396b30453f867f9bb28,1787573198097,173
1789314523533,3,b33fce94a9d9f670a47c0ecf89e3d977e68048c22bb2dffbcc13bea3ef76aacc,604e81b0c67d61f607a646ae9f6bffa4c19b166b37909159ab8e3ffc2b29d728,62,248
1789314523533,3,b33fce94a9d9f670a47c0ecf89e3d977e68048c22bb2dffbcc13bea3ef76aacc,6fc5f636a0da291946a40bf7e073b685c8e152bf51c889fd937b218f79cba703,1789130874796,283
1789314523677,3,83421d6543c477bd09e15f2e8b21090015c5fde0d6e55190b6a08421e486f699,10da3fc00cf414367e2cd761b9c2ecf3c5f3c8cb33d70279eac04f81df9ee2e6,4,277
1789314523677,3,83421d6543c477bd09e15f2e8b21090015c5fde0d6e55190b6a08421e486f699,26b3ae9ec36f90f0d8187b56ab18375bcd88e1c38c4b205b3fe7f02410a65f11,2,187
1789314523677,3,83421d6543c477bd09e15f2e8b21090015c5fde0d6e55190b6a08421e486f699,259ec34ae89b39695c77f29a927338f55f121827916bbc97151dd7433770e584,67,193
1789314523677,3,83421d6543c477bd09e15f2e8b21090015c5fde0d6e55190b6a08421e486f699,2b86f723fb359ed42573883d5dd5a5b20c56737175a16f839fc5fcafafe4cbad,3,193
1789314523677,3,83421d6543c477bd09e15f2e8b21090015c5fde0d6e55190b6a08421e486f699,3385b16c727f9c25edafd107e83ab00a79339958b8c2c24730f6f40a31f8646f,1779445898780,165
1789314523677,3,83421d6543c477bd09e15f2e8b21090015c5fde0d6e55190b6a08421e486f699,372ea860496a93f30382c5bd4b5c5c3cf8ebdd7fc94bf1f6fcf7a1d8dad8351c,1789045698564,283
1789314523677,3,83421d6543c477bd09e15f2e8b21090015c5fde0d6e55190b6a08421e486f699,3bb0db4a56a4e86d82178c5d0fbb36eb39e504c2ae3445b6bf73288d6f694f3d,4,269
1789314523677,3,83421d6543c477bd09e15f2e8b21090015c5fde0d6e55190b6a08421e486f699,4cbc6a592c5f8b8fab323b8d83394db5b8be11a007546392d04ad738f458ea37,1786651559075,283
1789314523677,3,83421d6543c477bd09e15f2e8b21090015c5fde0d6e55190b6a08421e486f699,622408ea7c5bee83b2f66b614d0d094d1f9a702ec73ac396b30453f867f9bb28,1787573198097,173
1789314523677,3,83421d6543c477bd09e15f2e8b21090015c5fde0d6e55190b6a08421e486f699,604e81b0c67d61f607a646ae9f6bffa4c19b166b37909159ab8e3ffc2b29d728,62,248
1789314523677,3,83421d6543c477bd09e15f2e8b21090015c5fde0d6e55190b6a08421e486f699,6fc5f636a0da291946a40bf7e073b685c8e152bf51c889fd937b218f79cba703,1789130874796,283
1789314523678,3,83421d6543c477bd09e15f2e8b21090015c5fde0d6e55190b6a08421e486f699,73e681cb35d709b862058223612012c218700af6e5f8e37ea73d889b87e80636,1787573407476,291
1789314523678,3,83421d6543c477bd09e15f2e8b21090015c5fde0d6e55190b6a08421e486f699,76de530fe673461e4e9bcd9c3c75007bb702bb7a833e66df792680edb4e57ccc,1788864239539,165
1789314523678,3,83421d6543c477bd09e15f2e8b21090015c5fde0d6e55190b6a08421e486f699,75de8c884dc99bfb5428289a24edfe24f587fa940b710a60860b73981e1955f2,1789087232580,165
1789314523678,3,83421d6543c477bd09e15f2e8b21090015c5fde0d6e55190b6a08421e486f699,7842c8cb303b6a0504aca97b711b7f0676890599e60def6224d83c383481bc43,3,289
1789314523689,3,9278ceb60c8a0962b6494042b05ebc57a12ec716f6fdcb0f4963f138a1f06aa3,10da3fc00cf414367e2cd761b9c2ecf3c5f3c8cb33d70279eac04f81df9ee2e6,4,277
1789314523689,3,9278ceb60c8a0962b6494042b05ebc57a12ec716f6fdcb0f4963f138a1f06aa3,0472d0c18cda4fbd60bcc270448a0b5282506012e64232e7793a50ab729fd1fd,1788435511904,283
1789314523689,3,9278ceb60c8a0962b6494042b05ebc57a12ec716f6fdcb0f4963f138a1f06aa3,3385b16c727f9c25edafd107e83ab00a79339958b8c2c24730f6f40a31f8646f,1779445898780,165
1789314523689,3,9278ceb60c8a0962b6494042b05ebc57a12ec716f6fdcb0f4963f138a1f06aa3,372ea860496a93f30382c5bd4b5c5c3cf8ebdd7fc94bf1f6fcf7a1d8dad8351c,1789045698564,283
1789314523689,3,9278ceb60c8a0962b6494042b05ebc57a12ec716f6fdcb0f4963f138a1f06aa3,3bb0db4a56a4e86d82178c5d0fbb36eb39e504c2ae3445b6bf73288d6f694f3d,4,269
1789314523689,3,9278ceb60c8a0962b6494042b05ebc57a12ec716f6fdcb0f4963f138a1f06aa3,26b3ae9ec36f90f0d8187b56ab18375bcd88e1c38c4b205b3fe7f02410a65f11,2,187
1789314523689,3,9278ceb60c8a0962b6494042b05ebc57a12ec716f6fdcb0f4963f138a1f06aa3,73e681cb35d709b862058223612012c218700af6e5f8e37ea73d889b87e80636,1787573407476,291
1789314523689,3,9278ceb60c8a0962b6494042b05ebc57a12ec716f6fdcb0f4963f138a1f06aa3,76de530fe673461e4e9bcd9c3c75007bb702bb7a833e66df792680edb4e57ccc,1788864239539,165
1789314523689,3,9278ceb60c8a0962b6494042b05ebc57a12ec716f6fdcb0f4963f138a1f06aa3,75de8c884dc99bfb5428289a24edfe24f587fa940b710a60860b73981e1955f2,1789087232580,165
1789314523689,3,9278ceb60c8a0962b6494042b05ebc57a12ec716f6fdcb0f4963f138a1f06aa3,6fc5f636a0da291946a40bf7e073b685c8e152bf51c889fd937b218f79cba703,1789130874799,283
1789314523689,3,9278ceb60c8a0962b6494042b05ebc57a12ec716f6fdcb0f4963f138a1f06aa3,259ec34ae89b39695c77f29a927338f55f121827916bbc97151dd7433770e584,67,193
1789314523689,3,9278ceb60c8a0962b6494042b05ebc57a12ec716f6fdcb0f4963f138a1f06aa3,2b86f723fb359ed42573883d5dd5a5b20c56737175a16f839fc5fcafafe4cbad,3,193
1789314523689,3,9278ceb60c8a0962b6494042b05ebc57a12ec716f6fdcb0f4963f138a1f06aa3,4cbc6a592c5f8b8fab323b8d83394db5b8be11a007546392d04ad738f458ea37,1786651559075,283
1789314523689,3,9278ceb60c8a0962b6494042b05ebc57a12ec716f6fdcb0f4963f138a1f06aa3,7842c8cb303b6a0504aca97b711b7f0676890599e60def6224d83c383481bc43,3,289
1789314523689,3,9278ceb60c8a0962b6494042b05ebc57a12ec716f6fdcb0f4963f138a1f06aa3,622408ea7c5bee83b2f66b614d0d094d1f9a702ec73ac396b30453f867f9bb28,1787573198097,173
1789314523689,3,9278ceb60c8a0962b6494042b05ebc57a12ec716f6fdcb0f4963f138a1f06aa3,604e81b0c67d61f607a646ae9f6bffa4c19b166b37909159ab8e3ffc2b29d728,62,248
1789314523759,3,b0963f971cf4b5eee29b3e15664b7d73514efe0ecf780c108bf4dcfccd4b44b4,3385b16c727f9c25edafd107e83ab00a79339958b8c2c24730f6f40a31f8646f,1779445898780,165
1789314523759,3,b0963f971cf4b5eee29b3e15664b7d73514efe0ecf780c108bf4dcfccd4b44b4,372ea860496a93f30382c5bd4b5c5c3cf8ebdd7fc94bf1f6fcf7a1d8dad8351c,1789045698564,283
1789314523759,3,b0963f971cf4b5eee29b3e15664b7d73514efe0ecf780c108bf4dcfccd4b44b4,3bb0db4a56a4e86d82178c5d0fbb36eb39e504c2ae3445b6bf73288d6f694f3d,4,269
1789314523759,3,b0963f971cf4b5eee29b3e15664b7d73514efe0ecf780c108bf4dcfccd4b44b4,259ec34ae89b39695c77f29a927338f55f121827916bbc97151dd7433770e584,67,193
1789314523759,3,b0963f971cf4b5eee29b3e15664b7d73514efe0ecf780c108bf4dcfccd4b44b4,26b3ae9ec36f90f0d8187b56ab18375bcd88e1c38c4b205b3fe7f02410a65f11,2,187
1789314523759,3,b0963f971cf4b5eee29b3e15664b7d73514efe0ecf780c108bf4dcfccd4b44b4,2b86f723fb359ed42573883d5dd5a5b20c56737175a16f839fc5fcafafe4cbad,3,193
1789314523759,3,b0963f971cf4b5eee29b3e15664b7d73514efe0ecf780c108bf4dcfccd4b44b4,10da3fc00cf414367e2cd761b9c2ecf3c5f3c8cb33d70279eac04f81df9ee2e6,4,277
1789314523759,3,b0963f971cf4b5eee29b3e15664b7d73514efe0ecf780c108bf4dcfccd4b44b4,1eeeb2d98e45c2b9fb81b871893df0379f1a8647544b1c8bd6b2e70181c141d7,4,193
1789314523759,3,b0963f971cf4b5eee29b3e15664b7d73514efe0ecf780c108bf4dcfccd4b44b4,0472d0c18cda4fbd60bcc270448a0b5282506012e64232e7793a50ab729fd1fd,1788435511904,283
1789314523759,3,b0963f971cf4b5eee29b3e15664b7d73514efe0ecf780c108bf4dcfccd4b44b4,73e681cb35d709b862058223612012c218700af6e5f8e37ea73d889b87e80636,1787573407476,291
1789314523759,3,b0963f971cf4b5eee29b3e15664b7d73514efe0ecf780c108bf4dcfccd4b44b4,75de8c884dc99bfb5428289a24edfe24f587fa940b710a60860b73981e1955f2,1789087232580,165
1789314523759,3,b0963f971cf4b5eee29b3e15664b7d73514efe0ecf780c108bf4dcfccd4b44b4,7842c8cb303b6a0504aca97b711b7f0676890599e60def6224d83c383481bc43,3,289
1789314523759,3,b0963f971cf4b5eee29b3e15664b7d73514efe0ecf780c108bf4dcfccd4b44b4,604e81b0c67d61f607a646ae9f6bffa4c19b166b37909159ab8e3ffc2b29d728,62,248
1789314523759,3,b0963f971cf4b5eee29b3e15664b7d73514efe0ecf780c108bf4dcfccd4b44b4,622408ea7c5bee83b2f66b614d0d094d1f9a702ec73ac396b30453f867f9bb28,1787573198097,173
1789314523759,3,b0963f971cf4b5eee29b3e15664b7d73514efe0ecf780c108bf4dcfccd4b44b4,6fc5f636a0da291946a40bf7e073b685c8e152bf51c889fd937b218f79cba703,1789130874796,283
1789314523759,3,b0963f971cf4b5eee29b3e15664b7d73514efe0ecf780c108bf4dcfccd4b44b4,4cbc6a592c5f8b8fab323b8d83394db5b8be11a007546392d04ad738f458ea37,1786651559075,283
1789314523759,3,84176078b4c26f6eabf37102bb1f6d4a867c68c1091ad1932ec308264ce1bf3c,0472d0c18cda4fbd60bcc270448a0b5282506012e64232e7793a50ab729fd1fd,1788435511904,283
1789314523759,3,84176078b4c26f6eabf37102bb1f6d4a867c68c1091ad1932ec308264ce1bf3c,10da3fc00cf414367e2cd761b9c2ecf3c5f3c8cb33d70279eac04f81df9ee2e6,4,277
1789314523759,3,84176078b4c26f6eabf37102bb1f6d4a867c68c1091ad1932ec308264ce1bf3c,1eeeb2d98e45c2b9fb81b871893df0379f1a8647544b1c8bd6b2e70181c141d7,4,193
1789314523759,3,84176078b4c26f6eabf37102bb1f6d4a867c68c1091ad1932ec308264ce1bf3c,259ec34ae89b39695c77f29a927338f55f121827916bbc97151dd7433770e584,67,193
1789314523759,3,84176078b4c26f6eabf37102bb1f6d4a867c68c1091ad1932ec308264ce1bf3c,26b3ae9ec36f90f0d8187b56ab18375bcd88e1c38c4b205b3fe7f02410a65f11,2,187
1789314523759,3,84176078b4c26f6eabf37102bb1f6d4a867c68c1091ad1932ec308264ce1bf3c,2b86f723fb359ed42573883d5dd5a5b20c56737175a16f839fc5fcafafe4cbad,3,193
1789314523759,3,84176078b4c26f6eabf37102bb1f6d4a867c68c1091ad1932ec308264ce1bf3c,372ea860496a93f30382c5bd4b5c5c3cf8ebdd7fc94bf1f6fcf7a1d8dad8351c,1789045698564,283
1789314523759,3,84176078b4c26f6eabf37102bb1f6d4a867c68c1091ad1932ec308264ce1bf3c,3bb0db4a56a4e86d82178c5d0fbb36eb39e504c2ae3445b6bf73288d6f694f3d,4,269
1789314523759,3,84176078b4c26f6eabf37102bb1f6d4a867c68c1091ad1932ec308264ce1bf3c,4cbc6a592c5f8b8fab323b8d83394db5b8be11a007546392d04ad738f458ea37,1786651559075,283
1789314523759,3,84176078b4c26f6eabf37102bb1f6d4a867c68c1091ad1932ec308264ce1bf3c,604e81b0c67d61f607a646ae9f6bffa4c19b166b37909159ab8e3ffc2b29d728,62,248
1789314523759,3,84176078b4c26f6eabf37102bb1f6d4a867c68c1091ad1932ec308264ce1bf3c,622408ea7c5bee83b2f66b614d0d094d1f9a702ec73ac396b30453f867f9bb28,1787573198097,173
1789314523759,3,84176078b4c26f6eabf37102bb1f6d4a867c68c1091ad1932ec308264ce1bf3c,6fc5f636a0da291946a40bf7e073b685c8e152bf51c889fd937b218f79cba703,1789130874796,283
1789314523759,3,84176078b4c26f6eabf37102bb1f6d4a867c68c1091ad1932ec308264ce1bf3c,75de8c884dc99bfb5428289a24edfe24f587fa940b710a60860b73981e1955f2,1789087232580,165
1789314523759,3,84176078b4c26f6eabf37102bb1f6d4a867c68c1091ad1932ec308264ce1bf3c,76de530fe673461e4e9bcd9c3c75007bb702bb7a833e66df792680edb4e57ccc,1788864239539,165
1789314523759,3,84176078b4c26f6eabf37102bb1f6d4a867c68c1091ad1932ec308264ce1bf3c,73e681cb35d709b862058223612012c218700af6e5f8e37ea73d889b87e80636,1787573407476,291
1789314523759,3,84176078b4c26f6eabf37102bb1f6d4a867c68c1091ad1932ec308264ce1bf3c,7842c8cb303b6a0504aca97b711b7f0676890599e60def6224d83c383481bc43,3,289
1789314523771,3,eb9e1eb36b887cb4f1910be0e6eafb56a6f38962495f903ebfc821f51c41efd2,6fc5f636a0da291946a40bf7e073b685c8e152bf51c889fd937b218f79cba703,1789130874796,283
1789314523771,3,eb9e1eb36b887cb4f1910be0e6eafb56a6f38962495f903ebfc821f51c41efd2,622408ea7c5bee83b2f66b614d0d094d1f9a702ec73ac396b30453f867f9bb28,1787573198097,173
1789314523771,3,eb9e1eb36b887cb4f1910be0e6eafb56a6f38962495f903ebfc821f51c41efd2,604e81b0c67d61f607a646ae9f6bffa4c19b166b37909159ab8e3ffc2b29d728,62,248
1789314523771,3,eb9e1eb36b887cb4f1910be0e6eafb56a6f38962495f903ebfc821f51c41efd2,7842c8cb303b6a0504aca97b711b7f0676890599e60def6224d83c383481bc43,3,289
1789314523771,3,eb9e1eb36b887cb4f1910be0e6eafb56a6f38962495f903ebfc821f51c41efd2,73e681cb35d709b862058223612012c218700af6e5f8e37ea73d889b87e80636,1787573407476,291
1789314523771,3,eb9e1eb36b887cb4f1910be0e6eafb56a6f38962495f903ebfc821f51c41efd2,76de530fe673461e4e9bcd9c3c75007bb702bb7a833e66df792680edb4e57ccc,1788864239537,165
1789314523771,3,eb9e1eb36b887cb4f1910be0e6eafb56a6f38962495f903ebfc821f51c41efd2,75de8c884dc99bfb5428289a24edfe24f587fa940b710a60860b73981e1955f2,1789087232580,165
1789314523771,3,eb9e1eb36b887cb4f1910be0e6eafb56a6f38962495f903ebfc821f51c41efd2,4cbc6a592c5f8b8fab323b8d83394db5b8be11a007546392d04ad738f458ea37,1786651559075,283
1789314523771,3,eb9e1eb36b887cb4f1910be0e6eafb56a6f38962495f903ebfc821f51c41efd2,2b86f723fb359ed42573883d5dd5a5b20c56737175a16f839fc5fcafafe4cbad,3,193
1789314523771,3,eb9e1eb36b887cb4f1910be0e6eafb56a6f38962495f903ebfc821f51c41efd2,26b3ae9ec36f90f0d8187b56ab18375bcd88e1c38c4b205b3fe7f02410a65f11,2,187
1789314523771,3,eb9e1eb36b887cb4f1910be0e6eafb56a6f38962495f903ebfc821f51c41efd2,259ec34ae89b39695c77f29a927338f55f121827916bbc97151dd7433770e584,67,193
1789314523771,3,eb9e1eb36b887cb4f1910be0e6eafb56a6f38962495f903ebfc821f51c41efd2,3bb0db4a56a4e86d82178c5d0fbb36eb39e504c2ae3445b6bf73288d6f694f3d,4,269
1789314523771,3,eb9e1eb36b887cb4f1910be0e6eafb56a6f38962495f903ebfc821f51c41efd2,3385b16c727f9c25edafd107e83ab00a79339958b8c2c24730f6f40a31f8646f,1779445898780,165
1789314523771,3,eb9e1eb36b887cb4f1910be0e6eafb56a6f38962495f903ebfc821f51c41efd2,372ea860496a93f30382c5bd4b5c5c3cf8ebdd7fc94bf1f6fcf7a1d8dad8351c,1789045698564,283
1789314523771,3,eb9e1eb36b887cb4f1910be0e6eafb56a6f38962495f903ebfc821f51c41efd2,0472d0c18cda4fbd60bcc270448a0b5282506012e64232e7793a50ab729fd1fd,1788435511904,283
1789314523771,3,eb9e1eb36b887cb4f1910be0e6eafb56a6f38962495f903ebfc821f51c41efd2,10da3fc00cf414367e2cd761b9c2ecf3c5f3c8cb33d70279eac04f81df9ee2e6,4,277
1789314523773,3,ebaf6272d70329e5e6331ad683d8239a03f580ec903a9ad75774642e67148ebe,6fc5f636a0da291946a40bf7e073b685c8e152bf51c889fd937b218f79cba703,1789130874793,165
1789314523773,3,ebaf6272d70329e5e6331ad683d8239a03f580ec903a9ad75774642e67148ebe,622408ea7c5bee83b2f66b614d0d094d1f9a702ec73ac396b30453f867f9bb28,1787573198097,173
1789314523773,3,ebaf6272d70329e5e6331ad683d8239a03f580ec903a9ad75774642e67148ebe,604e81b0c67d61f607a646ae9f6bffa4c19b166b37909159ab8e3ffc2b29d728,62,248
1789314523773,3,ebaf6272d70329e5e6331ad683d8239a03f580ec903a9ad75774642e67148ebe,7842c8cb303b6a0504aca97b711b7f0676890599e60def6224d83c383481bc43,3,289
1789314523773,3,ebaf6272d70329e5e6331ad683d8239a03f580ec903a9ad75774642e67148ebe,73e681cb35d709b862058223612012c218700af6e5f8e37ea73d889b87e80636,1787573407476,291
1789314523773,3,ebaf6272d70329e5e6331ad683d8239a03f580ec903a9ad75774642e67148ebe,76de530fe673461e4e9bcd9c3c75007bb702bb7a833e66df792680edb4e57ccc,1788864239539,165
1789314523773,3,ebaf6272d70329e5e6331ad683d8239a03f580ec903a9ad75774642e67148ebe,75de8c884dc99bfb5428289a24edfe24f587fa940b710a60860b73981e1955f2,1789087232580,165
1789314523773,3,ebaf6272d70329e5e6331ad683d8239a03f580ec903a9ad75774642e67148ebe,4cbc6a592c5f8b8fab323b8d83394db5b8be11a007546392d04ad738f458ea37,1786651559075,283
1789314523773,3,ebaf6272d70329e5e6331ad683d8239a03f580ec903a9ad75774642e67148ebe,2b86f723fb359ed42573883d5dd5a5b20c56737175a16f839fc5fcafafe4cbad,3,193
1789314523773,3,ebaf6272d70329e5e6331ad683d8239a03f580ec903a9ad75774642e67148ebe,26b3ae9ec36f90f0d8187b56ab18375bcd88e1c38c4b205b3fe7f02410a65f11,2,187
1789314523773,3,ebaf6272d70329e5e6331ad683d8239a03f580ec903a9ad75774642e67148ebe,259ec34ae89b39695c77f29a927338f55f121827916bbc97151dd7433770e584,67,193
1789314523773,3,ebaf6272d70329e5e6331ad683d8239a03f580ec903a9ad75774642e67148ebe,3bb0db4a56a4e86d82178c5d0fbb36eb39e504c2ae3445b6bf73288d6f694f3d,4,269
1789314523773,3,ebaf6272d70329e5e6331ad683d8239a03f580ec903a9ad75774642e67148ebe,3385b16c727f9c25edafd107e83ab00a79339958b8c2c24730f6f40a31f8646f,1779445898780,165
1789314523773,3,ebaf6272d70329e5e6331ad683d8239a03f580ec903a9ad75774642e67148ebe,372ea860496a93f30382c5bd4b5c5c3cf8ebdd7fc94bf1f6fcf7a1d8dad8351c,1789045698564,283
1789314523773,3,ebaf6272d70329e5e6331ad683d8239a03f580ec903a9ad75774642e67148ebe,0472d0c18cda4fbd60bcc270448a0b5282506012e64232e7793a50ab729fd1fd,1788435511904,283
1789314523773,3,ebaf6272d70329e5e6331ad683d8239a03f580ec903a9ad75774642e67148ebe,10da3fc00cf414367e2cd761b9c2ecf3c5f3c8cb33d70279eac04f81df9ee2e6,4,277
1789314525653,4,10da3fc00cf414367e2cd761b9c2ecf3c5f3c8cb33d70279eac04f81df9ee2e6,1eeeb2d98e45c2b9fb81b871893df0379f1a8647544b1c8bd6b2e70181c141d7,4,193
1789314525673,4,3bb0db4a56a4e86d82178c5d0fbb36eb39e504c2ae3445b6bf73288d6f694f3d,1eeeb2d98e45c2b9fb81b871893df0379f1a8647544b1c8bd6b2e70181c141d7,4,193
1789314525673,4,3bb0db4a56a4e86d82178c5d0fbb36eb39e504c2ae3445b6bf73288d6f694f3d,10da3fc00cf414367e2cd761b9c2ecf3c5f3c8cb33d70279eac04f81df9ee2e6,4,277
1789314525673,4,3bb0db4a56a4e86d82178c5d0fbb36eb39e504c2ae3445b6bf73288d6f694f3d,2b86f723fb359ed42573883d5dd5a5b20c56737175a16f839fc5fcafafe4cbad,3,193
1789314525673,4,3bb0db4a56a4e86d82178c5d0fbb36eb39e504c2ae3445b6bf73288d6f694f3d,26b3ae9ec36f90f0d8187b56ab18375bcd88e1c38c4b205b3fe7f02410a65f11,2,187
1789314525673,4,3bb0db4a56a4e86d82178c5d0fbb36eb39e504c2ae3445b6bf73288d6f694f3d,259ec34ae89b39695c77f29a927338f55f121827916bbc97151dd7433770e584,67,193
1789314525673,4,3bb0db4a56a4e86d82178c5d0fbb36eb39e504c2ae3445b6bf73288d6f694f3d,4cbc6a592c5f8b8fab323b8d83394db5b8be11a007546392d04ad738f458ea37,1786651559075,283
1789314525673,4,3bb0db4a56a4e86d82178c5d0fbb36eb39e504c2ae3445b6bf73288d6f694f3d,7842c8cb303b6a0504aca97b711b7f0676890599e60def6224d83c383481bc43,3,289
1789314525673,4,3bb0db4a56a4e86d82178c5d0fbb36eb39e504c2ae3445b6bf73288d6f694f3d,76de530fe673461e4e9bcd9c3c75007bb702bb7a833e66df792680edb4e57ccc,1788864239539,165
1789314525673,4,3bb0db4a56a4e86d82178c5d0fbb36eb39e504c2ae3445b6bf73288d6f694f3d,75de8c884dc99bfb5428289a24edfe24f587fa940b710a60860b73981e1955f2,1789087232580,165
1789314525673,4,3bb0db4a56a4e86d82178c5d0fbb36eb39e504c2ae3445b6bf73288d6f694f3d,6fc5f636a0da291946a40bf7e073b685c8e152bf51c889fd937b218f79cba703,1789130874796,283
1789314525673,4,3bb0db4a56a4e86d82178c5d0fbb36eb39e504c2ae3445b6bf73288d6f694f3d,622408ea7c5bee83b2f66b614d0d094d1f9a702ec73ac396b30453f867f9bb28,1787573198097,173
1789314525673,4,3bb0db4a56a4e86d82178c5d0fbb36eb39e504c2ae3445b6bf73288d6f694f3d,604e81b0c67d61f607a646ae9f6bffa4c19b166b37909159ab8e3ffc2b29d728,62,248
1789314525702,4,2b86f723fb359ed42573883d5dd5a5b20c56737175a16f839fc5fcafafe4cbad,0472d0c18cda4fbd60bcc270448a0b5282506012e64232e7793a50ab729fd1fd,1788435511904,283
1789314525702,4,2b86f723fb359ed42573883d5dd5a5b20c56737175a16f839fc5fcafafe4cbad,1eeeb2d98e45c2b9fb81b871893df0379f1a8647544b1c8bd6b2e70181c141d7,4,193
1789314525702,4,2b86f723fb359ed42573883d5dd5a5b20c56737175a16f839fc5fcafafe4cbad,10da3fc00cf414367e2cd761b9c2ecf3c5f3c8cb33d70279eac04f81df9ee2e6,4,277
1789314525702,4,2b86f723fb359ed42573883d5dd5a5b20c56737175a16f839fc5fcafafe4cbad,3bb0db4a56a4e86d82178c5d0fbb36eb39e504c2ae3445b6bf73288d6f694f3d,4,269
1789314525702,4,2b86f723fb359ed42573883d5dd5a5b20c56737175a16f839fc5fcafafe4cbad,3385b16c727f9c25edafd107e83ab00a79339958b8c2c24730f6f40a31f8646f,1779445898780,165
1789314525702,4,2b86f723fb359ed42573883d5dd5a5b20c56737175a16f839fc5fcafafe4cbad,372ea860496a93f30382c5bd4b5c5c3cf8ebdd7fc94bf1f6fcf7a1d8dad8351c,1789045698564,283
1789314525702,4,2b86f723fb359ed42573883d5dd5a5b20c56737175a16f839fc5fcafafe4cbad,4cbc6a592c5f8b8fab323b8d83394db5b8be11a007546392d04ad738f458ea37,1786651559075,283
1789314525702,4,2b86f723fb359ed42573883d5dd5a5b20c56737175a16f839fc5fcafafe4cbad,6fc5f636a0da291946a40bf7e073b685c8e152bf51c889fd937b218f79cba703,1789130874796,283
1789314525702,4,2b86f723fb359ed42573883d5dd5a5b20c56737175a16f839fc5fcafafe4cbad,622408ea7c5bee83b2f66b614d0d094d1f9a702ec73ac396b30453f867f9bb28,1787573198097,173
1789314525702,4,2b86f723fb359ed42573883d5dd5a5b20c56737175a16f839fc5fcafafe4cbad,604e81b0c67d61f607a646ae9f6bffa4c19b166b37909159ab8e3ffc2b29d728,62,248
1789314525702,4,2b86f723fb359ed42573883d5dd5a5b20c56737175a16f839fc5fcafafe4cbad,7842c8cb303b6a0504aca97b711b7f0676890599e60def6224d83c383481bc43,3,289
1789314525702,4,2b86f723fb359ed42573883d5dd5a5b20c56737175a16f839fc5fcafafe4cbad,73e681cb35d709b862058223612012c218700af6e5f8e37ea73d889b87e80636,1787573407476,291
1789314525702,4,2b86f723fb359ed42573883d5dd5a5b20c56737175a16f839fc5fcafafe4cbad,76de530fe673461e4e9bcd9c3c75007bb702bb7a833e66df792680edb4e57ccc,1788864239539,165
1789314525702,4,2b86f723fb359ed42573883d5dd5a5b20c56737175a16f839fc5fcafafe4cbad,75de8c884dc99bfb5428289a24edfe24f587fa940b710a60860b73981e1955f2,1789087232580,165
1789314526857,4,372ea860496a93f30382c5bd4b5c5c3cf8ebdd7fc94bf1f6fcf7a1d8dad8351c,10da3fc00cf414367e2cd761b9c2ecf3c5f3c8cb33d70279eac04f81df9ee2e6,4,277
1789314526857,4,372ea860496a93f30382c5bd4b5c5c3cf8ebdd7fc94bf1f6fcf7a1d8dad8351c,1eeeb2d98e45c2b9fb81b871893df0379f1a8647544b1c8bd6b2e70181c141d7,4,193
1789314526857,4,372ea860496a93f30382c5bd4b5c5c3cf8ebdd7fc94bf1f6fcf7a1d8dad8351c,0472d0c18cda4fbd60bcc270448a0b5282506012e64232e7793a50ab729fd1fd,1788435511904,283
1789314526857,4,372ea860496a93f30382c5bd4b5c5c3cf8ebdd7fc94bf1f6fcf7a1d8dad8351c,7842c8cb303b6a0504aca97b711b7f0676890599e60def6224d83c383481bc43,3,289
1789314526857,4,372ea860496a93f30382c5bd4b5c5c3cf8ebdd7fc94bf1f6fcf7a1d8dad8351c,6fc5f636a0da291946a40bf7e073b685c8e152bf51c889fd937b218f79cba703,1789130874793,165
1789314526857,4,372ea860496a93f30382c5bd4b5c5c3cf8ebdd7fc94bf1f6fcf7a1d8dad8351c,73e681cb35d709b862058223612012c218700af6e5f8e37ea73d889b87e80636,1787573407470,291
1789314526857,4,372ea860496a93f30382c5bd4b5c5c3cf8ebdd7fc94bf1f6fcf7a1d8dad8351c,76de530fe673461e4e9bcd9c3c75007bb702bb7a833e66df792680edb4e57ccc,1788864239535,165
1789314526857,4,372ea860496a93f30382c5bd4b5c5c3cf8ebdd7fc94bf1f6fcf7a1d8dad8351c,604e81b0c67d61f607a646ae9f6bffa4c19b166b37909159ab8e3ffc2b29d728,62,248
1789314526857,4,372ea860496a93f30382c5bd4b5c5c3cf8ebdd7fc94bf1f6fcf7a1d8dad8351c,622408ea7c5bee83b2f66b614d0d094d1f9a702ec73ac396b30453f867f9bb28,1787573198096,237
1789314526857,4,372ea860496a93f30382c5bd4b5c5c3cf8ebdd7fc94bf1f6fcf7a1d8dad8351c,4cbc6a592c5f8b8fab323b8d83394db5b8be11a007546392d04ad738f458ea37,1786651559060,165
1789314526857,4,372ea860496a93f30382c5bd4b5c5c3cf8ebdd7fc94bf1f6fcf7a1d8dad8351c,75de8c884dc99bfb5428289a24edfe24f587fa940b710a60860b73981e1955f2,1789087232580,165
1789314526857,4,372ea860496a93f30382c5bd4b5c5c3cf8ebdd7fc94bf1f6fcf7a1d8dad8351c,26b3ae9ec36f90f0d8187b56ab18375bcd88e1c38c4b205b3fe7f02410a65f11,2,187
1789314526857,4,372ea860496a93f30382c5bd4b5c5c3cf8ebdd7fc94bf1f6fcf7a1d8dad8351c,259ec34ae89b39695c77f29a927338f55f121827916bbc97151dd7433770e584,67,193
1789314526857,4,372ea860496a93f30382c5bd4b5c5c3cf8ebdd7fc94bf1f6fcf7a1d8dad8351c,2b86f723fb359ed42573883d5dd5a5b20c56737175a16f839fc5fcafafe4cbad,3,193
1789314526886,4,259ec34ae89b39695c77f29a927338f55f121827916bbc97151dd7433770e584,0472d0c18cda4fbd60bcc270448a0b5282506012e64232e7793a50ab729fd1fd,1788435511904,283
1789314526886,4,259ec34ae89b39695c77f29a927338f55f121827916bbc97151dd7433770e584,10da3fc00cf414367e2cd761b9c2ecf3c5f3c8cb33d70279eac04f81df9ee2e6,4,277
1789314526886,4,259ec34ae89b39695c77f29a927338f55f121827916bbc97151dd7433770e584,1eeeb2d98e45c2b9fb81b871893df0379f1a8647544b1c8bd6b2e70181c141d7,4,193
1789314526886,4,259ec34ae89b39695c77f29a927338f55f121827916bbc97151dd7433770e584,372ea860496a93f30382c5bd4b5c5c3cf8ebdd7fc94bf1f6fcf7a1d8dad8351c,1789045698564,283
1789314526886,4,259ec34ae89b39695c77f29a927338f55f121827916bbc97151dd7433770e584,3bb0db4a56a4e86d82178c5d0fbb36eb39e504c2ae3445b6bf73288d6f694f3d,4,269
1789314526886,4,259ec34ae89b39695c77f29a927338f55f121827916bbc97151dd7433770e584,4cbc6a592c5f8b8fab323b8d83394db5b8be11a007546392d04ad738f458ea37,1786651559075,283
1789314526886,4,259ec34ae89b39695c77f29a927338f55f121827916bbc97151dd7433770e584,604e81b0c67d61f607a646ae9f6bffa4c19b166b37909159ab8e3ffc2b29d728,62,248
1789314526886,4,259ec34ae89b39695c77f29a927338f55f121827916bbc97151dd7433770e584,6fc5f636a0da291946a40bf7e073b685c8e152bf51c889fd937b218f79cba703,1789130874796,283
1789314526886,4,259ec34ae89b39695c77f29a927338f55f121827916bbc97151dd7433770e584,75de8c884dc99bfb5428289a24edfe24f587fa940b710a60860b73981e1955f2,1789087232580,165
1789314526886,4,259ec34ae89b39695c77f29a927338f55f121827916bbc97151dd7433770e584,76de530fe673461e4e9bcd9c3c75007bb702bb7a833e66df792680edb4e57ccc,1788864239539,165
1789314526886,4,259ec34ae89b39695c77f29a927338f55f121827916bbc97151dd7433770e584,73e681cb35d709b862058223612012c218700af6e5f8e37ea73d889b87e80636,1787573407476,291
1789314526886,4,259ec34ae89b39695c77f29a927338f55f121827916bbc97151dd7433770e584,7842c8cb303b6a0504aca97b711b7f0676890599e60def6224d83c383481bc43,3,289
1789314527019,4,75de8c884dc99bfb5428289a24edfe24f587fa940b710a60860b73981e1955f2,2b86f723fb359ed42573883d5dd5a5b20c56737175a16f839fc5fcafafe4cbad,3,193
1789314527019,4,75de8c884dc99bfb5428289a24edfe24f587fa940b710a60860b73981e1955f2,10da3fc00cf414367e2cd761b9c2ecf3c5f3c8cb33d70279eac04f81df9ee2e6,4,277
1789314527019,4,75de8c884dc99bfb5428289a24edfe24f587fa940b710a60860b73981e1955f2,0472d0c18cda4fbd60bcc270448a0b5282506012e64232e7793a50ab729fd1fd,1788435511904,283
1789314527019,4,75de8c884dc99bfb5428289a24edfe24f587fa940b710a60860b73981e1955f2,372ea860496a93f30382c5bd4b5c5c3cf8ebdd7fc94bf1f6fcf7a1d8dad8351c,1789045698564,283
1789314527019,4,75de8c884dc99bfb5428289a24edfe24f587fa940b710a60860b73981e1955f2,3bb0db4a56a4e86d82178c5d0fbb36eb39e504c2ae3445b6bf73288d6f694f3d,4,269
1789314527019,4,75de8c884dc99bfb5428289a24edfe24f587fa940b710a60860b73981e1955f2,3385b16c727f9c25edafd107e83ab00a79339958b8c2c24730f6f40a31f8646f,1779445898776,283
1789314527019,4,75de8c884dc99bfb5428289a24edfe24f587fa940b710a60860b73981e1955f2,259ec34ae89b39695c77f29a927338f55f121827916bbc97151dd7433770e584,67,193
1789314527019,4,75de8c884dc99bfb5428289a24edfe24f587fa940b710a60860b73981e1955f2,1eeeb2d98e45c2b9fb81b871893df0379f1a8647544b1c8bd6b2e70181c141d7,4,193
1789314527019,4,75de8c884dc99bfb5428289a24edfe24f587fa940b710a60860b73981e1955f2,26b3ae9ec36f90f0d8187b56ab18375bcd88e1c38c4b205b3fe7f02410a65f11,2,187
1789314527019,4,75de8c884dc99bfb5428289a24edfe24f587fa940b710a60860b73981e1955f2,9c67014776a470f017a6775c1131f0354992f0fcfbbacf58fa78f18eff82dd03,1784633122505,283
1789314527019,4,75de8c884dc99bfb5428289a24edfe24f587fa940b710a60860b73981e1955f2,a178e88e05f3c2099985b0be4396d56a26bcbb2b109d8251fca59d2758ffde89,3,193
1789314527019,4,75de8c884dc99bfb5428289a24edfe24f587fa940b710a60860b73981e1955f2,acc57716bdf8b6486ad0c389ed3733ea0144b3c1c9b6d1ffeb5d9e3d590bed3a,4,287
1789314527019,4,75de8c884dc99bfb5428289a24edfe24f587fa940b710a60860b73981e1955f2,83421d6543c477bd09e15f2e8b21090015c5fde0d6e55190b6a08421e486f699,4,271
1789314527019,4,75de8c884dc99bfb5428289a24edfe24f587fa940b710a60860b73981e1955f2,eb9e1eb36b887cb4f1910be0e6eafb56a6f38962495f903ebfc821f51c41efd2,4,289
1789314527019,4,75de8c884dc99bfb5428289a24edfe24f587fa940b710a60860b73981e1955f2,ffa2a46b0d0ba55371cc4f3f2322373efd010f55368e334cf2a0f5d473065f3b,1788276081813,283
1789314527019,4,75de8c884dc99bfb5428289a24edfe24f587fa940b710a60860b73981e1955f2,9278ceb60c8a0962b6494042b05ebc57a12ec716f6fdcb0f4963f138a1f06aa3,4,271
1789314527034,4,622408ea7c5bee83b2f66b614d0d094d1f9a702ec73ac396b30453f867f9bb28,259ec34ae89b39695c77f29a927338f55f121827916bbc97151dd7433770e584,67,193
1789314527034,4,622408ea7c5bee83b2f66b614d0d094d1f9a702ec73ac396b30453f867f9bb28,3bb0db4a56a4e86d82178c5d0fbb36eb39e504c2ae3445b6bf73288d6f694f3d,4,269
1789314527034,4,622408ea7c5bee83b2f66b614d0d094d1f9a702ec73ac396b30453f867f9bb28,3385b16c727f9c25edafd107e83ab00a79339958b8c2c24730f6f40a31f8646f,1779445898780,165
1789314527034,4,622408ea7c5bee83b2f66b614d0d094d1f9a702ec73ac396b30453f867f9bb28,0472d0c18cda4fbd60bcc270448a0b5282506012e64232e7793a50ab729fd1fd,1788435511904,283
1789314527034,4,622408ea7c5bee83b2f66b614d0d094d1f9a702ec73ac396b30453f867f9bb28,2b86f723fb359ed42573883d5dd5a5b20c56737175a16f839fc5fcafafe4cbad,3,193
1789314527034,4,622408ea7c5bee83b2f66b614d0d094d1f9a702ec73ac396b30453f867f9bb28,10da3fc00cf414367e2cd761b9c2ecf3c5f3c8cb33d70279eac04f81df9ee2e6,4,277
1789314527034,4,622408ea7c5bee83b2f66b614d0d094d1f9a702ec73ac396b30453f867f9bb28,372ea860496a93f30382c5bd4b5c5c3cf8ebdd7fc94bf1f6fcf7a1d8dad8351c,1789045698564,283
1789314527034,4,622408ea7c5bee83b2f66b614d0d094d1f9a702ec73ac396b30453f867f9bb28,26b3ae9ec36f90f0d8187b56ab18375bcd88e1c38c4b205b3fe7f02410a65f11,2,187
1789314527034,4,622408ea7c5bee83b2f66b614d0d094d1f9a702ec73ac396b30453f867f9bb28,1eeeb2d98e45c2b9fb81b871893df0379f1a8647544b1c8bd6b2e70181c141d7,4,193
1789314527034,4,622408ea7c5bee83b2f66b614d0d094d1f9a702ec73ac396b30453f867f9bb28,eb9e1eb36b887cb4f1910be0e6eafb56a6f38962495f903ebfc821f51c41efd2,4,289
1789314527034,4,622408ea7c5bee83b2f66b614d0d094d1f9a702ec73ac396b30453f867f9bb28,aebe09a52924e7d090f795e3fb3f89a769bba3288ea71bb50961942ba4f7dfb0,1789086873951,283
1789314527034,4,622408ea7c5bee83b2f66b614d0d094d1f9a702ec73ac396b30453f867f9bb28,8278e7e0bcf0c417b2b872b1dc95ed2583d96ce0c40ed7405e1026d757106751,2,187
1789314527034,4,622408ea7c5bee83b2f66b614d0d094d1f9a702ec73ac396b30453f867f9bb28,84176078b4c26f6eabf37102bb1f6d4a867c68c1091ad1932ec308264ce1bf3c,4,289
1789314527034,4,622408ea7c5bee83b2f66b614d0d094d1f9a702ec73ac396b30453f867f9bb28,a178e88e05f3c2099985b0be4396d56a26bcbb2b109d8251fca59d2758ffde89,3,193
1789314527034,4,622408ea7c5bee83b2f66b614d0d094d1f9a702ec73ac396b30453f867f9bb28,fda2f6ccbc047e855f0281aa867c06fcc247b01e7bb6607bd7919a1a5005a3d4,1763691484527,226
1789314527034,4,622408ea7c5bee83b2f66b614d0d094d1f9a702ec73ac396b30453f867f9bb28,9c67014776a470f017a6775c1131f0354992f0fcfbbacf58fa78f18eff82dd03,1784633122499,283
1789314527034,4,83421d6543c477bd09e15f2e8b21090015c5fde0d6e55190b6a08421e486f699,10da3fc00cf414367e2cd761b9c2ecf3c5f3c8cb33d70279eac04f81df9ee2e6,4,277
1789314527034,4,83421d6543c477bd09e15f2e8b21090015c5fde0d6e55190b6a08421e486f699,26b3ae9ec36f90f0d8187b56ab18375bcd88e1c38c4b205b3fe7f02410a65f11,2,187
1789314527035,4,83421d6543c477bd09e15f2e8b21090015c5fde0d6e55190b6a08421e486f699,259ec34ae89b39695c77f29a927338f55f121827916bbc97151dd7433770e584,67,193
1789314527035,4,83421d6543c477bd09e15f2e8b21090015c5fde0d6e55190b6a08421e486f699,2b86f723fb359ed42573883d5dd5a5b20c56737175a16f839fc5fcafafe4cbad,3,193
1789314527035,4,83421d6543c477bd09e15f2e8b21090015c5fde0d6e55190b6a08421e486f699,3385b16c727f9c25edafd107e83ab00a79339958b8c2c24730f6f40a31f8646f,1779445898780,165
1789314527035,4,83421d6543c477bd09e15f2e8b21090015c5fde0d6e55190b6a08421e486f699,372ea860496a93f30382c5bd4b5c5c3cf8ebdd7fc94bf1f6fcf7a1d8dad8351c,1789045698564,283
1789314527035,4,83421d6543c477bd09e15f2e8b21090015c5fde0d6e55190b6a08421e486f699,3bb0db4a56a4e86d82178c5d0fbb36eb39e504c2ae3445b6bf73288d6f694f3d,4,269
1789314527035,4,83421d6543c477bd09e15f2e8b21090015c5fde0d6e55190b6a08421e486f699,4cbc6a592c5f8b8fab323b8d83394db5b8be11a007546392d04ad738f458ea37,1786651559075,283
1789314527035,4,83421d6543c477bd09e15f2e8b21090015c5fde0d6e55190b6a08421e486f699,622408ea7c5bee83b2f66b614d0d094d1f9a702ec73ac396b30453f867f9bb28,1787573198097,173
1789314527035,4,83421d6543c477bd09e15f2e8b21090015c5fde0d6e55190b6a08421e486f699,604e81b0c67d61f607a646ae9f6bffa4c19b166b37909159ab8e3ffc2b29d728,62,248
1789314527035,4,83421d6543c477bd09e15f2e8b21090015c5fde0d6e55190b6a08421e486f699,6fc5f636a0da291946a40bf7e073b685c8e152bf51c889fd937b218f79cba703,1789130874796,283
1789314527035,4,83421d6543c477bd09e15f2e8b21090015c5fde0d6e55190b6a08421e486f699,73e681cb35d709b862058223612012c218700af6e5f8e37ea73d889b87e80636,1787573407476,291
1789314527035,4,83421d6543c477bd09e15f2e8b21090015c5fde0d6e55190b6a08421e486f699,76de530fe673461e4e9bcd9c3c75007bb702bb7a833e66df792680edb4e57ccc,1788864239539,165
1789314527035,4,83421d6543c477bd09e15f2e8b21090015c5fde0d6e55190b6a08421e486f699,75de8c884dc99bfb5428289a24edfe24f587fa940b710a60860b73981e1955f2,1789087232580,165
1789314527035,4,83421d6543c477bd09e15f2e8b21090015c5fde0d6e55190b6a08421e486f699,7842c8cb303b6a0504aca97b711b7f0676890599e60def6224d83c383481bc43,3,289
1789314527035,4,76de530fe673461e4e9bcd9c3c75007bb702bb7a833e66df792680edb4e57ccc,10da3fc00cf414367e2cd761b9c2ecf3c5f3c8cb33d70279eac04f81df9ee2e6,4,277
1789314527035,4,76de530fe673461e4e9bcd9c3c75007bb702bb7a833e66df792680edb4e57ccc,372ea860496a93f30382c5bd4b5c5c3cf8ebdd7fc94bf1f6fcf7a1d8dad8351c,1789045698564,283
1789314527035,4,76de530fe673461e4e9bcd9c3c75007bb702bb7a833e66df792680edb4e57ccc,0472d0c18cda4fbd60bcc270448a0b5282506012e64232e7793a50ab729fd1fd,1788435511904,283
1789314527035,4,76de530fe673461e4e9bcd9c3c75007bb702bb7a833e66df792680edb4e57ccc,1eeeb2d98e45c2b9fb81b871893df0379f1a8647544b1c8bd6b2e70181c141d7,4,193
1789314527035,4,76de530fe673461e4e9bcd9c3c75007bb702bb7a833e66df792680edb4e57ccc,3385b16c727f9c25edafd107e83ab00a79339958b8c2c24730f6f40a31f8646f,1779445898773,165
1789314527035,4,76de530fe673461e4e9bcd9c3c75007bb702bb7a833e66df792680edb4e57ccc,3bb0db4a56a4e86d82178c5d0fbb36eb39e504c2ae3445b6bf73288d6f694f3d,1,269
1789314527035,4,76de530fe673461e4e9bcd9c3c75007bb702bb7a833e66df792680edb4e57ccc,26b3ae9ec36f90f0d8187b56ab18375bcd88e1c38c4b205b3fe7f02410a65f11,2,187
1789314527035,4,76de530fe673461e4e9bcd9c3c75007bb702bb7a833e66df792680edb4e57ccc,259ec34ae89b39695c77f29a927338f55f121827916bbc97151dd7433770e584,67,193
1789314527035,4,76de530fe673461e4e9bcd9c3c75007bb702bb7a833e66df792680edb4e57ccc,2b86f723fb359ed42573883d5dd5a5b20c56737175a16f839fc5fcafafe4cbad,3,193
1789314527035,4,76de530fe673461e4e9bcd9c3c75007bb702bb7a833e66df792680edb4e57ccc,9278ceb60c8a0962b6494042b05ebc57a12ec716f6fdcb0f4963f138a1f06aa3,4,271
1789314527035,4,76de530fe673461e4e9bcd9c3c75007bb702bb7a833e66df792680edb4e57ccc,84176078b4c26f6eabf37102bb1f6d4a867c68c1091ad1932ec308264ce1bf3c,4,289
1789314527035,4,76de530fe673461e4e9bcd9c3c75007bb702bb7a833e66df792680edb4e57ccc,83421d6543c477bd09e15f2e8b21090015c5fde0d6e55190b6a08421e486f699,4,271
1789314527035,4,76de530fe673461e4e9bcd9c3c75007bb702bb7a833e66df792680edb4e57ccc,ebaf6272d70329e5e6331ad683d8239a03f580ec903a9ad75774642e67148ebe,4,295
1789314527035,4,76de530fe673461e4e9bcd9c3c75007bb702bb7a833e66df792680edb4e57ccc,eb9e1eb36b887cb4f1910be0e6eafb56a6f38962495f903ebfc821f51c41efd2,4,289
1789314527035,4,76de530fe673461e4e9bcd9c3c75007bb702bb7a833e66df792680edb4e57ccc,a178e88e05f3c2099985b0be4396d56a26bcbb2b109d8251fca59d2758ffde89,3,193
1789314527035,4,76de530fe673461e4e9bcd9c3c75007bb702bb7a833e66df792680edb4e57ccc,acc57716bdf8b6486ad0c389ed3733ea0144b3c1c9b6d1ffeb5d9e3d590bed3a,1,287
1789314527044,4,9278ceb60c8a0962b6494042b05ebc57a12ec716f6fdcb0f4963f138a1f06aa3,10da3fc00cf414367e2cd761b9c2ecf3c5f3c8cb33d70279eac04f81df9ee2e6,4,277
1789314527044,4,9278ceb60c8a0962b6494042b05ebc57a12ec716f6fdcb0f4963f138a1f06aa3,0472d0c18cda4fbd60bcc270448a0b5282506012e64232e7793a50ab729fd1fd,1788435511904,283
1789314527044,4,9278ceb60c8a0962b6494042b05ebc57a12ec716f6fdcb0f4963f138a1f06aa3,3385b16c727f9c25edafd107e83ab00a79339958b8c2c24730f6f40a31f8646f,1779445898780,165
1789314527044,4,9278ceb60c8a0962b6494042b05ebc57a12ec716f6fdcb0f4963f138a1f06aa3,372ea860496a93f30382c5bd4b5c5c3cf8ebdd7fc94bf1f6fcf7a1d8dad8351c,1789045698564,283
1789314527044,4,9278ceb60c8a0962b6494042b05ebc57a12ec716f6fdcb0f4963f138a1f06aa3,3bb0db4a56a4e86d82178c5d0fbb36eb39e504c2ae3445b6bf73288d6f694f3d,4,269
1789314527044,4,9278ceb60c8a0962b6494042b05ebc57a12ec716f6fdcb0f4963f138a1f06aa3,26b3ae9ec36f90f0d8187b56ab18375bcd88e1c38c4b205b3fe7f02410a65f11,2,187
1789314527044,4,9278ceb60c8a0962b6494042b05ebc57a12ec716f6fdcb0f4963f138a1f06aa3,259ec34ae89b39695c77f29a927338f55f121827916bbc97151dd7433770e584,67,193
1789314527044,4,9278ceb60c8a0962b6494042b05ebc57a12ec716f6fdcb0f4963f138a1f06aa3,2b86f723fb359ed42573883d5dd5a5b20c56737175a16f839fc5fcafafe4cbad,3,193
1789314527044,4,9278ceb60c8a0962b6494042b05ebc57a12ec716f6fdcb0f4963f138a1f06aa3,4cbc6a592c5f8b8fab323b8d83394db5b8be11a007546392d04ad738f458ea37,1786651559075,283
1789314527044,4,9278ceb60c8a0962b6494042b05ebc57a12ec716f6fdcb0f4963f138a1f06aa3,7842c8cb303b6a0504aca97b711b7f0676890599e60def6224d83c383481bc43,3,289
1789314527044,4,9278ceb60c8a0962b6494042b05ebc57a12ec716f6fdcb0f4963f138a1f06aa3,622408ea7c5bee83b2f66b614d0d094d1f9a702ec73ac396b30453f867f9bb28,1787573198097,173
1789314527044,4,9278ceb60c8a0962b6494042b05ebc57a12ec716f6fdcb0f4963f138a1f06aa3,604e81b0c67d61f607a646ae9f6bffa4c19b166b37909159ab8e3ffc2b29d728,62,248
1789314527044,4,9278ceb60c8a0962b6494042b05ebc57a12ec716f6fdcb0f4963f138a1f06aa3,73e681cb35d709b862058223612012c218700af6e5f8e37ea73d889b87e80636,1787573407476,291
1789314527044,4,9278ceb60c8a0962b6494042b05ebc57a12ec716f6fdcb0f4963f138a1f06aa3,76de530fe673461e4e9bcd9c3c75007bb702bb7a833e66df792680edb4e57ccc,1788864239539,165
1789314527044,4,9278ceb60c8a0962b6494042b05ebc57a12ec716f6fdcb0f4963f138a1f06aa3,75de8c884dc99bfb5428289a24edfe24f587fa940b710a60860b73981e1955f2,1789087232580,165
1789314527044,4,9278ceb60c8a0962b6494042b05ebc57a12ec716f6fdcb0f4963f138a1f06aa3,6fc5f636a0da291946a40bf7e073b685c8e152bf51c889fd937b218f79cba703,1789130874799,283
1789314527044,4,3385b16c727f9c25edafd107e83ab00a79339958b8c2c24730f6f40a31f8646f,0472d0c18cda4fbd60bcc270448a0b5282506012e64232e7793a50ab729fd1fd,1788435511904,283
1789314527044,4,3385b16c727f9c25edafd107e83ab00a79339958b8c2c24730f6f40a31f8646f,10da3fc00cf414367e2cd761b9c2ecf3c5f3c8cb33d70279eac04f81df9ee2e6,4,277
1789314527044,4,3385b16c727f9c25edafd107e83ab00a79339958b8c2c24730f6f40a31f8646f,1eeeb2d98e45c2b9fb81b871893df0379f1a8647544b1c8bd6b2e70181c141d7,4,193
1789314527044,4,3385b16c727f9c25edafd107e83ab00a79339958b8c2c24730f6f40a31f8646f,7842c8cb303b6a0504aca97b711b7f0676890599e60def6224d83c383481bc43,3,289
1789314527044,4,3385b16c727f9c25edafd107e83ab00a79339958b8c2c24730f6f40a31f8646f,622408ea7c5bee83b2f66b614d0d094d1f9a702ec73ac396b30453f867f9bb28,1787573198096,237
1789314527044,4,3385b16c727f9c25edafd107e83ab00a79339958b8c2c24730f6f40a31f8646f,76de530fe673461e4e9bcd9c3c75007bb702bb7a833e66df792680edb4e57ccc,1788864239537,165
1789314527044,4,3385b16c727f9c25edafd107e83ab00a79339958b8c2c24730f6f40a31f8646f,4cbc6a592c5f8b8fab323b8d83394db5b8be11a007546392d04ad738f458ea37,1786651559059,283
1789314527044,4,3385b16c727f9c25edafd107e83ab00a79339958b8c2c24730f6f40a31f8646f,604e81b0c67d61f607a646ae9f6bffa4c19b166b37909159ab8e3ffc2b29d728,62,248
1789314527044,4,3385b16c727f9c25edafd107e83ab00a79339958b8c2c24730f6f40a31f8646f,73e681cb35d709b862058223612012c218700af6e5f8e37ea73d889b87e80636,1787573407430,291
1789314527044,4,3385b16c727f9c25edafd107e83ab00a79339958b8c2c24730f6f40a31f8646f,6fc5f636a0da291946a40bf7e073b685c8e152bf51c889fd937b218f79cba703,1789130874775,283
1789314527044,4,3385b16c727f9c25edafd107e83ab00a79339958b8c2c24730f6f40a31f8646f,75de8c884dc99bfb5428289a24edfe24f587fa940b710a60860b73981e1955f2,1789087232580,165
1789314527044,4,3385b16c727f9c25edafd107e83ab00a79339958b8c2c24730f6f40a31f8646f,5a8142597a27c94e7cd57f9a9ae4c149377201de82a02f55ffd35ecda4b60d27,1789277178448,165
1789314527044,4,3385b16c727f9c25edafd107e83ab00a79339958b8c2c24730f6f40a31f8646f,26b3ae9ec36f90f0d8187b56ab18375bcd88e1c38c4b205b3fe7f02410a65f11,2,187
1789314527044,4,3385b16c727f9c25edafd107e83ab00a79339958b8c2c24730f6f40a31f8646f,259ec34ae89b39695c77f29a927338f55f121827916bbc97151dd7433770e584,67,193
1789314527044,4,3385b16c727f9c25edafd107e83ab00a79339958b8c2c24730f6f40a31f8646f,2b86f723fb359ed42573883d5dd5a5b20c56737175a16f839fc5fcafafe4cbad,3,193
1789314527085,4,73e681cb35d709b862058223612012c218700af6e5f8e37ea73d889b87e80636,3385b16c727f9c25edafd107e83ab00a79339958b8c2c24730f6f40a31f8646f,1779445898780,165
1789314527085,4,73e681cb35d709b862058223612012c218700af6e5f8e37ea73d889b87e80636,0472d0c18cda4fbd60bcc270448a0b5282506012e64232e7793a50ab729fd1fd,1788435511904,283
1789314527085,4,73e681cb35d709b862058223612012c218700af6e5f8e37ea73d889b87e80636,2b86f723fb359ed42573883d5dd5a5b20c56737175a16f839fc5fcafafe4cbad,3,193
1789314527085,4,73e681cb35d709b862058223612012c218700af6e5f8e37ea73d889b87e80636,26b3ae9ec36f90f0d8187b56ab18375bcd88e1c38c4b205b3fe7f02410a65f11,2,187
1789314527085,4,73e681cb35d709b862058223612012c218700af6e5f8e37ea73d889b87e80636,259ec34ae89b39695c77f29a927338f55f121827916bbc97151dd7433770e584,67,193
1789314527085,4,73e681cb35d709b862058223612012c218700af6e5f8e37ea73d889b87e80636,3bb0db4a56a4e86d82178c5d0fbb36eb39e504c2ae3445b6bf73288d6f694f3d,4,269
1789314527085,4,73e681cb35d709b862058223612012c218700af6e5f8e37ea73d889b87e80636,372ea860496a93f30382c5bd4b5c5c3cf8ebdd7fc94bf1f6fcf7a1d8dad8351c,1789045698564,283
1789314527085,4,73e681cb35d709b862058223612012c218700af6e5f8e37ea73d889b87e80636,10da3fc00cf414367e2cd761b9c2ecf3c5f3c8cb33d70279eac04f81df9ee2e6,4,277
1789314527085,4,73e681cb35d709b862058223612012c218700af6e5f8e37ea73d889b87e80636,1eeeb2d98e45c2b9fb81b871893df0379f1a8647544b1c8bd6b2e70181c141d7,4,193
1789314527085,4,73e681cb35d709b862058223612012c218700af6e5f8e37ea73d889b87e80636,b37867c073ab5734e23e84687f8cb6daabc67478df1155c78a81c0685389946d,1789122474912,165
1789314527085,4,73e681cb35d709b862058223612012c218700af6e5f8e37ea73d889b87e80636,ba99ade35ece215364c5847a3229ba052dc1e0d8008ef992ef26704a63b314e4,4,289
1789314527085,4,73e681cb35d709b862058223612012c218700af6e5f8e37ea73d889b87e80636,acc57716bdf8b6486ad0c389ed3733ea0144b3c1c9b6d1ffeb5d9e3d590bed3a,4,287
1789314527085,4,73e681cb35d709b862058223612012c218700af6e5f8e37ea73d889b87e80636,aed3256ba9d0b660dcde92b817f96ac0e12e899c7ccf1821bc68877333af82ea,4,289
1789314527085,4,73e681cb35d709b862058223612012c218700af6e5f8e37ea73d889b87e80636,9c67014776a470f017a6775c1131f0354992f0fcfbbacf58fa78f18eff82dd03,1784633122505,283
1789314527085,4,73e681cb35d709b862058223612012c218700af6e5f8e37ea73d889b87e80636,a6ab2b3091b97ddf52171dce0ab9c7ea6c8f67b41ff39aeb6a2036847a28802b,4,289
1789314527085,4,73e681cb35d709b862058223612012c218700af6e5f8e37ea73d889b87e80636,aebe09a52924e7d090f795e3fb3f89a769bba3288ea71bb50961942ba4f7dfb0,1789086873947,283
1789314527196,4,7842c8cb303b6a0504aca97b711b7f0676890599e60def6224d83c383481bc43,3bb0db4a56a4e86d82178c5d0fbb36eb39e504c2ae3445b6bf73288d6f694f3d,4,269
1789314527196,4,7842c8cb303b6a0504aca97b711b7f0676890599e60def6224d83c383481bc43,3385b16c727f9c25edafd107e83ab00a79339958b8c2c24730f6f40a31f8646f,1779445898780,165
1789314527196,4,7842c8cb303b6a0504aca97b711b7f0676890599e60def6224d83c383481bc43,372ea860496a93f30382c5bd4b5c5c3cf8ebdd7fc94bf1f6fcf7a1d8dad8351c,1789045698564,283
1789314527196,4,7842c8cb303b6a0504aca97b711b7f0676890599e60def6224d83c383481bc43,2b86f723fb359ed42573883d5dd5a5b20c56737175a16f839fc5fcafafe4cbad,3,193
1789314527196,4,7842c8cb303b6a0504aca97b711b7f0676890599e60def6224d83c383481bc43,259ec34ae89b39695c77f29a927338f55f121827916bbc97151dd7433770e584,67,193
1789314527196,4,7842c8cb303b6a0504aca97b711b7f0676890599e60def6224d83c383481bc43,26b3ae9ec36f90f0d8187b56ab18375bcd88e1c38c4b205b3fe7f02410a65f11,2,187
1789314527196,4,7842c8cb303b6a0504aca97b711b7f0676890599e60def6224d83c383481bc43,1eeeb2d98e45c2b9fb81b871893df0379f1a8647544b1c8bd6b2e70181c141d7,4,193
1789314527196,4,7842c8cb303b6a0504aca97b711b7f0676890599e60def6224d83c383481bc43,10da3fc00cf414367e2cd761b9c2ecf3c5f3c8cb33d70279eac04f81df9ee2e6,4,277
1789314527196,4,7842c8cb303b6a0504aca97b711b7f0676890599e60def6224d83c383481bc43,0472d0c18cda4fbd60bcc270448a0b5282506012e64232e7793a50ab729fd1fd,1788435511904,283
1789314527197,4,7842c8cb303b6a0504aca97b711b7f0676890599e60def6224d83c383481bc43,4cbc6a592c5f8b8fab323b8d83394db5b8be11a007546392d04ad738f458ea37,1786651559075,283
1789314527197,4,84176078b4c26f6eabf37102bb1f6d4a867c68c1091ad1932ec308264ce1bf3c,0472d0c18cda4fbd60bcc270448a0b5282506012e64232e7793a50ab729fd1fd,1788435511904,283
1789314527197,4,84176078b4c26f6eabf37102bb1f6d4a867c68c1091ad1932ec308264ce1bf3c,10da3fc00cf414367e2cd761b9c2ecf3c5f3c8cb33d70279eac04f81df9ee2e6,4,277
1789314527197,4,84176078b4c26f6eabf37102bb1f6d4a867c68c1091ad1932ec308264ce1bf3c,1eeeb2d98e45c2b9fb81b871893df0379f1a8647544b1c8bd6b2e70181c141d7,4,193
1789314527197,4,84176078b4c26f6eabf37102bb1f6d4a867c68c1091ad1932ec308264ce1bf3c,259ec34ae89b39695c77f29a927338f55f121827916bbc97151dd7433770e584,67,193
1789314527197,4,84176078b4c26f6eabf37102bb1f6d4a867c68c1091ad1932ec308264ce1bf3c,26b3ae9ec36f90f0d8187b56ab18375bcd88e1c38c4b205b3fe7f02410a65f11,2,187
1789314527197,4,84176078b4c26f6eabf37102bb1f6d4a867c68c1091ad1932ec308264ce1bf3c,2b86f723fb359ed42573883d5dd5a5b20c56737175a16f839fc5fcafafe4cbad,3,193
1789314527197,4,84176078b4c26f6eabf37102bb1f6d4a867c68c1091ad1932ec308264ce1bf3c,372ea860496a93f30382c5bd4b5c5c3cf8ebdd7fc94bf1f6fcf7a1d8dad8351c,1789045698564,283
1789314527197,4,84176078b4c26f6eabf37102bb1f6d4a867c68c1091ad1932ec308264ce1bf3c,3bb0db4a56a4e86d82178c5d0fbb36eb39e504c2ae3445b6bf73288d6f694f3d,4,269
1789314527197,4,84176078b4c26f6eabf37102bb1f6d4a867c68c1091ad1932ec308264ce1bf3c,4cbc6a592c5f8b8fab323b8d83394db5b8be11a007546392d04ad738f458ea37,1786651559075,283
1789314527197,4,84176078b4c26f6eabf37102bb1f6d4a867c68c1091ad1932ec308264ce1bf3c,604e81b0c67d61f607a646ae9f6bffa4c19b166b37909159ab8e3ffc2b29d728,62,248
1789314527197,4,84176078b4c26f6eabf37102bb1f6d4a867c68c1091ad1932ec308264ce1bf3c,622408ea7c5bee83b2f66b614d0d094d1f9a702ec73ac396b30453f867f9bb28,1787573198097,173
1789314527197,4,84176078b4c26f6eabf37102bb1f6d4a867c68c1091ad1932ec308264ce1bf3c,6fc5f636a0da291946a40bf7e073b685c8e152bf51c889fd937b218f79cba703,1789130874796,283
1789314527197,4,84176078b4c26f6eabf37102bb1f6d4a867c68c1091ad1932ec308264ce1bf3c,75de8c884dc99bfb5428289a24edfe24f587fa940b710a60860b73981e1955f2,1789087232580,165
1789314527197,4,84176078b4c26f6eabf37102bb1f6d4a867c68c1091ad1932ec308264ce1bf3c,76de530fe673461e4e9bcd9c3c75007bb702bb7a833e66df792680edb4e57ccc,1788864239539,165
1789314527197,4,84176078b4c26f6eabf37102bb1f6d4a867c68c1091ad1932ec308264ce1bf3c,73e681cb35d709b862058223612012c218700af6e5f8e37ea73d889b87e80636,1787573407476,291
1789314527197,4,84176078b4c26f6eabf37102bb1f6d4a867c68c1091ad1932ec308264ce1bf3c,7842c8cb303b6a0504aca97b711b7f0676890599e60def6224d83c383481bc43,3,289
1789314527249,4,604e81b0c67d61f607a646ae9f6bffa4c19b166b37909159ab8e3ffc2b29d728,259ec34ae89b39695c77f29a927338f55f121827916bbc97151dd7433770e584,67,193
1789314527249,4,604e81b0c67d61f607a646ae9f6bffa4c19b166b37909159ab8e3ffc2b29d728,26b3ae9ec36f90f0d8187b56ab18375bcd88e1c38c4b205b3fe7f02410a65f11,2,187
1789314527249,4,604e81b0c67d61f607a646ae9f6bffa4c19b166b37909159ab8e3ffc2b29d728,2b86f723fb359ed42573883d5dd5a5b20c56737175a16f839fc5fcafafe4cbad,3,193
1789314527249,4,604e81b0c67d61f607a646ae9f6bffa4c19b166b37909159ab8e3ffc2b29d728,3385b16c727f9c25edafd107e83ab00a79339958b8c2c24730f6f40a31f8646f,1779445898780,165
1789314527249,4,604e81b0c67d61f607a646ae9f6bffa4c19b166b37909159ab8e3ffc2b29d728,372ea860496a93f30382c5bd4b5c5c3cf8ebdd7fc94bf1f6fcf7a1d8dad8351c,1789045698564,283
1789314527249,4,604e81b0c67d61f607a646ae9f6bffa4c19b166b37909159ab8e3ffc2b29d728,3bb0db4a56a4e86d82178c5d0fbb36eb39e504c2ae3445b6bf73288d6f694f3d,4,269
1789314527249,4,604e81b0c67d61f607a646ae9f6bffa4c19b166b37909159ab8e3ffc2b29d728,0472d0c18cda4fbd60bcc270448a0b5282506012e64232e7793a50ab729fd1fd,1788435511904,283
1789314527249,4,604e81b0c67d61f607a646ae9f6bffa4c19b166b37909159ab8e3ffc2b29d728,10da3fc00cf414367e2cd761b9c2ecf3c5f3c8cb33d70279eac04f81df9ee2e6,4,277
1789314527249,4,604e81b0c67d61f607a646ae9f6bffa4c19b166b37909159ab8e3ffc2b29d728,1eeeb2d98e45c2b9fb81b871893df0379f1a8647544b1c8bd6b2e70181c141d7,4,193
1789314527249,4,604e81b0c67d61f607a646ae9f6bffa4c19b166b37909159ab8e3ffc2b29d728,4cbc6a592c5f8b8fab323b8d83394db5b8be11a007546392d04ad738f458ea37,1786651559075,283
1789314527249,4,a178e88e05f3c2099985b0be4396d56a26bcbb2b109d8251fca59d2758ffde89,259ec34ae89b39695c77f29a927338f55f121827916bbc97151dd7433770e584,67,193
1789314527249,4,a178e88e05f3c2099985b0be4396d56a26bcbb2b109d8251fca59d2758ffde89,26b3ae9ec36f90f0d8187b56ab18375bcd88e1c38c4b205b3fe7f02410a65f11,2,187
1789314527249,4,a178e88e05f3c2099985b0be4396d56a26bcbb2b109d8251fca59d2758ffde89,2b86f723fb359ed42573883d5dd5a5b20c56737175a16f839fc5fcafafe4cbad,3,193
1789314527249,4,a178e88e05f3c2099985b0be4396d56a26bcbb2b109d8251fca59d2758ffde89,3385b16c727f9c25edafd107e83ab00a79339958b8c2c24730f6f40a31f8646f,1779445898780,165
1789314527249,4,a178e88e05f3c2099985b0be4396d56a26bcbb2b109d8251fca59d2758ffde89,372ea860496a93f30382c5bd4b5c5c3cf8ebdd7fc94bf1f6fcf7a1d8dad8351c,1789045698564,283
1789314527249,4,a178e88e05f3c2099985b0be4396d56a26bcbb2b109d8251fca59d2758ffde89,3bb0db4a56a4e86d82178c5d0fbb36eb39e504c2ae3445b6bf73288d6f694f3d,4,269
1789314527249,4,a178e88e05f3c2099985b0be4396d56a26bcbb2b109d8251fca59d2758ffde89,0472d0c18cda4fbd60bcc270448a0b5282506012e64232e7793a50ab729fd1fd,1788435511904,283
1789314527249,4,a178e88e05f3c2099985b0be4396d56a26bcbb2b109d8251fca59d2758ffde89,10da3fc00cf414367e2cd761b9c2ecf3c5f3c8cb33d70279eac04f81df9ee2e6,4,277
1789314527249,4,a178e88e05f3c2099985b0be4396d56a26bcbb2b109d8251fca59d2758ffde89,1eeeb2d98e45c2b9fb81b871893df0379f1a8647544b1c8bd6b2e70181c141d7,4,193
1789314527249,4,a178e88e05f3c2099985b0be4396d56a26bcbb2b109d8251fca59d2758ffde89,622408ea7c5bee83b2f66b614d0d094d1f9a702ec73ac396b30453f867f9bb28,1787573198097,173
1789314527249,4,a178e88e05f3c2099985b0be4396d56a26bcbb2b109d8251fca59d2758ffde89,6fc5f636a0da291946a40bf7e073b685c8e152bf51c889fd937b218f79cba703,1789130874796,283
1789314527249,4,a178e88e05f3c2099985b0be4396d56a26bcbb2b109d8251fca59d2758ffde89,73e681cb35d709b862058223612012c218700af6e5f8e37ea73d889b87e80636,1787573407476,291
1789314527249,4,a178e88e05f3c2099985b0be4396d56a26bcbb2b109d8251fca59d2758ffde89,75de8c884dc99bfb5428289a24edfe24f587fa940b710a60860b73981e1955f2,1789087232580,165
1789314527249,4,a178e88e05f3c2099985b0be4396d56a26bcbb2b109d8251fca59d2758ffde89,76de530fe673461e4e9bcd9c3c75007bb702bb7a833e66df792680edb4e57ccc,1788864239539,165
1789314527249,4,a178e88e05f3c2099985b0be4396d56a26bcbb2b109d8251fca59d2758ffde89,7842c8cb303b6a0504aca97b711b7f0676890599e60def6224d83c383481bc43,3,289
1789314527249,4,a178e88e05f3c2099985b0be4396d56a26bcbb2b109d8251fca59d2758ffde89,4cbc6a592c5f8b8fab323b8d83394db5b8be11a007546392d04ad738f458ea37,1786651559075,283
1789314527263,4,acc57716bdf8b6486ad0c389ed3733ea0144b3c1c9b6d1ffeb5d9e3d590bed3a,2b86f723fb359ed42573883d5dd5a5b20c56737175a16f839fc5fcafafe4cbad,3,193
1789314527263,4,acc57716bdf8b6486ad0c389ed3733ea0144b3c1c9b6d1ffeb5d9e3d590bed3a,259ec34ae89b39695c77f29a927338f55f121827916bbc97151dd7433770e584,67,193
1789314527263,4,acc57716bdf8b6486ad0c389ed3733ea0144b3c1c9b6d1ffeb5d9e3d590bed3a,26b3ae9ec36f90f0d8187b56ab18375bcd88e1c38c4b205b3fe7f02410a65f11,2,187
1789314527263,4,acc57716bdf8b6486ad0c389ed3733ea0144b3c1c9b6d1ffeb5d9e3d590bed3a,3bb0db4a56a4e86d82178c5d0fbb36eb39e504c2ae3445b6bf73288d6f694f3d,4,269
1789314527263,4,acc57716bdf8b6486ad0c389ed3733ea0144b3c1c9b6d1ffeb5d9e3d590bed3a,372ea860496a93f30382c5bd4b5c5c3cf8ebdd7fc94bf1f6fcf7a1d8dad8351c,1789045698564,283
1789314527263,4,acc57716bdf8b6486ad0c389ed3733ea0144b3c1c9b6d1ffeb5d9e3d590bed3a,3385b16c727f9c25edafd107e83ab00a79339958b8c2c24730f6f40a31f8646f,1779445898780,165
1789314527263,4,acc57716bdf8b6486ad0c389ed3733ea0144b3c1c9b6d1ffeb5d9e3d590bed3a,0472d0c18cda4fbd60bcc270448a0b5282506012e64232e7793a50ab729fd1fd,1788435511904,283
1789314527263,4,acc57716bdf8b6486ad0c389ed3733ea0144b3c1c9b6d1ffeb5d9e3d590bed3a,10da3fc00cf414367e2cd761b9c2ecf3c5f3c8cb33d70279eac04f81df9ee2e6,4,277
1789314527263,4,acc57716bdf8b6486ad0c389ed3733ea0144b3c1c9b6d1ffeb5d9e3d590bed3a,6fc5f636a0da291946a40bf7e073b685c8e152bf51c889fd937b218f79cba703,1789130874799,283
1789314527263,4,acc57716bdf8b6486ad0c389ed3733ea0144b3c1c9b6d1ffeb5d9e3d590bed3a,604e81b0c67d61f607a646ae9f6bffa4c19b166b37909159ab8e3ffc2b29d728,62,248
1789314527263,4,acc57716bdf8b6486ad0c389ed3733ea0144b3c1c9b6d1ffeb5d9e3d590bed3a,622408ea7c5bee83b2f66b614d0d094d1f9a702ec73ac396b30453f867f9bb28,1787573198097,173
1789314527263,4,acc57716bdf8b6486ad0c389ed3733ea0144b3c1c9b6d1ffeb5d9e3d590bed3a,7842c8cb303b6a0504aca97b711b7f0676890599e60def6224d83c383481bc43,3,289
1789314527263,4,acc57716bdf8b6486ad0c389ed3733ea0144b3c1c9b6d1ffeb5d9e3d590bed3a,75de8c884dc99bfb5428289a24edfe24f587fa940b710a60860b73981e1955f2,1789087232580,165
1789314527263,4,acc57716bdf8b6486ad0c389ed3733ea0144b3c1c9b6d1ffeb5d9e3d590bed3a,76de530fe673461e4e9bcd9c3c75007bb702bb7a833e66df792680edb4e57ccc,1788864239539,165
1789314527263,4,acc57716bdf8b6486ad0c389ed3733ea0144b3c1c9b6d1ffeb5d9e3d590bed3a,73e681cb35d709b862058223612012c218700af6e5f8e37ea73d889b87e80636,1787573407476,291
1789314527263,4,acc57716bdf8b6486ad0c389ed3733ea0144b3c1c9b6d1ffeb5d9e3d590bed3a,4cbc6a592c5f8b8fab323b8d83394db5b8be11a007546392d04ad738f458ea37,1786651559075,283
1789314527315,4,ba99ade35ece215364c5847a3229ba052dc1e0d8008ef992ef26704a63b314e4,3bb0db4a56a4e86d82178c5d0fbb36eb39e504c2ae3445b6bf73288d6f694f3d,4,269
1789314527315,4,ba99ade35ece215364c5847a3229ba052dc1e0d8008ef992ef26704a63b314e4,3385b16c727f9c25edafd107e83ab00a79339958b8c2c24730f6f40a31f8646f,1779445898780,165
1789314527315,4,ba99ade35ece215364c5847a3229ba052dc1e0d8008ef992ef26704a63b314e4,372ea860496a93f30382c5bd4b5c5c3cf8ebdd7fc94bf1f6fcf7a1d8dad8351c,1789045698564,283
1789314527315,4,ba99ade35ece215364c5847a3229ba052dc1e0d8008ef992ef26704a63b314e4,2b86f723fb359ed42573883d5dd5a5b20c56737175a16f839fc5fcafafe4cbad,3,193
1789314527315,4,ba99ade35ece215364c5847a3229ba052dc1e0d8008ef992ef26704a63b314e4,26b3ae9ec36f90f0d8187b56ab18375bcd88e1c38c4b205b3fe7f02410a65f11,2,187
1789314527315,4,ba99ade35ece215364c5847a3229ba052dc1e0d8008ef992ef26704a63b314e4,259ec34ae89b39695c77f29a927338f55f121827916bbc97151dd7433770e584,67,193
1789314527315,4,ba99ade35ece215364c5847a3229ba052dc1e0d8008ef992ef26704a63b314e4,1eeeb2d98e45c2b9fb81b871893df0379f1a8647544b1c8bd6b2e70181c141d7,4,193
1789314527315,4,ba99ade35ece215364c5847a3229ba052dc1e0d8008ef992ef26704a63b314e4,10da3fc00cf414367e2cd761b9c2ecf3c5f3c8cb33d70279eac04f81df9ee2e6,4,277
1789314527315,4,ba99ade35ece215364c5847a3229ba052dc1e0d8008ef992ef26704a63b314e4,0472d0c18cda4fbd60bcc270448a0b5282506012e64232e7793a50ab729fd1fd,1788435511904,283
1789314527315,4,ba99ade35ece215364c5847a3229ba052dc1e0d8008ef992ef26704a63b314e4,7842c8cb303b6a0504aca97b711b7f0676890599e60def6224d83c383481bc43,3,289
1789314527315,4,ba99ade35ece215364c5847a3229ba052dc1e0d8008ef992ef26704a63b314e4,73e681cb35d709b862058223612012c218700af6e5f8e37ea73d889b87e80636,1787573407476,291
1789314527315,4,ba99ade35ece215364c5847a3229ba052dc1e0d8008ef992ef26704a63b314e4,75de8c884dc99bfb5428289a24edfe24f587fa940b710a60860b73981e1955f2,1789087232580,165
1789314527315,4,ba99ade35ece215364c5847a3229ba052dc1e0d8008ef992ef26704a63b314e4,6fc5f636a0da291946a40bf7e073b685c8e152bf51c889fd937b218f79cba703,1789130874796,283
1789314527315,4,ba99ade35ece215364c5847a3229ba052dc1e0d8008ef992ef26704a63b314e4,622408ea7c5bee83b2f66b614d0d094d1f9a702ec73ac396b30453f867f9bb28,1787573198097,173
1789314527315,4,ba99ade35ece215364c5847a3229ba052dc1e0d8008ef992ef26704a63b314e4,604e81b0c67d61f607a646ae9f6bffa4c19b166b37909159ab8e3ffc2b29d728,62,248
1789314527315,4,ba99ade35ece215364c5847a3229ba052dc1e0d8008ef992ef26704a63b314e4,4cbc6a592c5f8b8fab323b8d83394db5b8be11a007546392d04ad738f458ea37,1786651559075,283
1789314527374,4,b37867c073ab5734e23e84687f8cb6daabc67478df1155c78a81c0685389946d,76de530fe673461e4e9bcd9c3c75007bb702bb7a833e66df792680edb4e57ccc,1788864239537,165
1789314527374,4,b37867c073ab5734e23e84687f8cb6daabc67478df1155c78a81c0685389946d,73e681cb35d709b862058223612012c218700af6e5f8e37ea73d889b87e80636,1787573407405,291
1789314527374,4,b37867c073ab5734e23e84687f8cb6daabc67478df1155c78a81c0685389946d,3bb0db4a56a4e86d82178c5d0fbb36eb39e504c2ae3445b6bf73288d6f694f3d,1,269
1789314527374,4,b37867c073ab5734e23e84687f8cb6daabc67478df1155c78a81c0685389946d,2b86f723fb359ed42573883d5dd5a5b20c56737175a16f839fc5fcafafe4cbad,3,193
1789314527374,4,b37867c073ab5734e23e84687f8cb6daabc67478df1155c78a81c0685389946d,259ec34ae89b39695c77f29a927338f55f121827916bbc97151dd7433770e584,67,193
1789314527374,4,b37867c073ab5734e23e84687f8cb6daabc67478df1155c78a81c0685389946d,10da3fc00cf414367e2cd761b9c2ecf3c5f3c8cb33d70279eac04f81df9ee2e6,4,277
1789314527374,4,b37867c073ab5734e23e84687f8cb6daabc67478df1155c78a81c0685389946d,604e81b0c67d61f607a646ae9f6bffa4c19b166b37909159ab8e3ffc2b29d728,62,248
1789314527374,4,b37867c073ab5734e23e84687f8cb6daabc67478df1155c78a81c0685389946d,7842c8cb303b6a0504aca97b711b7f0676890599e60def6224d83c383481bc43,3,289
1789314527374,4,b37867c073ab5734e23e84687f8cb6daabc67478df1155c78a81c0685389946d,4cbc6a592c5f8b8fab323b8d83394db5b8be11a007546392d04ad738f458ea37,1786651559011,283
1789314527374,4,b37867c073ab5734e23e84687f8cb6daabc67478df1155c78a81c0685389946d,0472d0c18cda4fbd60bcc270448a0b5282506012e64232e7793a50ab729fd1fd,1788435511888,283
1789314527374,4,b37867c073ab5734e23e84687f8cb6daabc67478df1155c78a81c0685389946d,75de8c884dc99bfb5428289a24edfe24f587fa940b710a60860b73981e1955f2,1789087232580,165
1789314527374,4,b37867c073ab5734e23e84687f8cb6daabc67478df1155c78a81c0685389946d,622408ea7c5bee83b2f66b614d0d094d1f9a702ec73ac396b30453f867f9bb28,1787573198084,237
1789314527374,4,b37867c073ab5734e23e84687f8cb6daabc67478df1155c78a81c0685389946d,3385b16c727f9c25edafd107e83ab00a79339958b8c2c24730f6f40a31f8646f,1779445898724,165
1789314527374,4,b37867c073ab5734e23e84687f8cb6daabc67478df1155c78a81c0685389946d,372ea860496a93f30382c5bd4b5c5c3cf8ebdd7fc94bf1f6fcf7a1d8dad8351c,1789045698546,283
1789314527374,4,b37867c073ab5734e23e84687f8cb6daabc67478df1155c78a81c0685389946d,1eeeb2d98e45c2b9fb81b871893df0379f1a8647544b1c8bd6b2e70181c141d7,4,193
1789314527374,4,b37867c073ab5734e23e84687f8cb6daabc67478df1155c78a81c0685389946d,48c4bceaaa9d095a746ce548e40023259289c4eedb2359791c05d24cd22ff15b,4,193
1789314527435,4,aed3256ba9d0b660dcde92b817f96ac0e12e899c7ccf1821bc68877333af82ea,2b86f723fb359ed42573883d5dd5a5b20c56737175a16f839fc5fcafafe4cbad,3,193
1789314527435,4,aed3256ba9d0b660dcde92b817f96ac0e12e899c7ccf1821bc68877333af82ea,26b3ae9ec36f90f0d8187b56ab18375bcd88e1c38c4b205b3fe7f02410a65f11,2,187
1789314527435,4,aed3256ba9d0b660dcde92b817f96ac0e12e899c7ccf1821bc68877333af82ea,259ec34ae89b39695c77f29a927338f55f121827916bbc97151dd7433770e584,67,193
1789314527435,4,aed3256ba9d0b660dcde92b817f96ac0e12e899c7ccf1821bc68877333af82ea,3bb0db4a56a4e86d82178c5d0fbb36eb39e504c2ae3445b6bf73288d6f694f3d,4,269
1789314527435,4,aed3256ba9d0b660dcde92b817f96ac0e12e899c7ccf1821bc68877333af82ea,372ea860496a93f30382c5bd4b5c5c3cf8ebdd7fc94bf1f6fcf7a1d8dad8351c,1789045698564,283
1789314527435,4,aed3256ba9d0b660dcde92b817f96ac0e12e899c7ccf1821bc68877333af82ea,3385b16c727f9c25edafd107e83ab00a79339958b8c2c24730f6f40a31f8646f,1779445898780,165
1789314527435,4,aed3256ba9d0b660dcde92b817f96ac0e12e899c7ccf1821bc68877333af82ea,0472d0c18cda4fbd60bcc270448a0b5282506012e64232e7793a50ab729fd1fd,1788435511904,283
1789314527435,4,aed3256ba9d0b660dcde92b817f96ac0e12e899c7ccf1821bc68877333af82ea,10da3fc00cf414367e2cd761b9c2ecf3c5f3c8cb33d70279eac04f81df9ee2e6,4,277
1789314527435,4,aed3256ba9d0b660dcde92b817f96ac0e12e899c7ccf1821bc68877333af82ea,6fc5f636a0da291946a40bf7e073b685c8e152bf51c889fd937b218f79cba703,1789130874799,283
1789314527435,4,aed3256ba9d0b660dcde92b817f96ac0e12e899c7ccf1821bc68877333af82ea,622408ea7c5bee83b2f66b614d0d094d1f9a702ec73ac396b30453f867f9bb28,1787573198097,173
1789314527435,4,aed3256ba9d0b660dcde92b817f96ac0e12e899c7ccf1821bc68877333af82ea,604e81b0c67d61f607a646ae9f6bffa4c19b166b37909159ab8e3ffc2b29d728,62,248
1789314527435,4,aed3256ba9d0b660dcde92b817f96ac0e12e899c7ccf1821bc68877333af82ea,7842c8cb303b6a0504aca97b711b7f0676890599e60def6224d83c383481bc43,3,289
1789314527435,4,aed3256ba9d0b660dcde92b817f96ac0e12e899c7ccf1821bc68877333af82ea,76de530fe673461e4e9bcd9c3c75007bb702bb7a833e66df792680edb4e57ccc,1788864239539,165
1789314527435,4,aed3256ba9d0b660dcde92b817f96ac0e12e899c7ccf1821bc68877333af82ea,75de8c884dc99bfb5428289a24edfe24f587fa940b710a60860b73981e1955f2,1789087232580,165
1789314527435,4,aed3256ba9d0b660dcde92b817f96ac0e12e899c7ccf1821bc68877333af82ea,73e681cb35d709b862058223612012c218700af6e5f8e37ea73d889b87e80636,1787573407476,291
1789314527435,4,aed3256ba9d0b660dcde92b817f96ac0e12e899c7ccf1821bc68877333af82ea,4cbc6a592c5f8b8fab323b8d83394db5b8be11a007546392d04ad738f458ea37,1786651559075,283
1789314527496,4,eb9e1eb36b887cb4f1910be0e6eafb56a6f38962495f903ebfc821f51c41efd2,6fc5f636a0da291946a40bf7e073b685c8e152bf51c889fd937b218f79cba703,1789130874796,283
1789314527496,4,eb9e1eb36b887cb4f1910be0e6eafb56a6f38962495f903ebfc821f51c41efd2,622408ea7c5bee83b2f66b614d0d094d1f9a702ec73ac396b30453f867f9bb28,1787573198097,173
1789314527496,4,eb9e1eb36b887cb4f1910be0e6eafb56a6f38962495f903ebfc821f51c41efd2,604e81b0c67d61f607a646ae9f6bffa4c19b166b37909159ab8e3ffc2b29d728,62,248
1789314527496,4,eb9e1eb36b887cb4f1910be0e6eafb56a6f38962495f903ebfc821f51c41efd2,7842c8cb303b6a0504aca97b711b7f0676890599e60def6224d83c383481bc43,3,289
1789314527496,4,eb9e1eb36b887cb4f1910be0e6eafb56a6f38962495f903ebfc821f51c41efd2,73e681cb35d709b862058223612012c218700af6e5f8e37ea73d889b87e80636,1787573407476,291
1789314527496,4,eb9e1eb36b887cb4f1910be0e6eafb56a6f38962495f903ebfc821f51c41efd2,76de530fe673461e4e9bcd9c3c75007bb702bb7a833e66df792680edb4e57ccc,1788864239537,165
1789314527496,4,eb9e1eb36b887cb4f1910be0e6eafb56a6f38962495f903ebfc821f51c41efd2,75de8c884dc99bfb5428289a24edfe24f587fa940b710a60860b73981e1955f2,1789087232580,165
1789314527496,4,eb9e1eb36b887cb4f1910be0e6eafb56a6f38962495f903ebfc821f51c41efd2,4cbc6a592c5f8b8fab323b8d83394db5b8be11a007546392d04ad738f458ea37,1786651559075,283
1789314527496,4,eb9e1eb36b887cb4f1910be0e6eafb56a6f38962495f903ebfc821f51c41efd2,2b86f723fb359ed42573883d5dd5a5b20c56737175a16f839fc5fcafafe4cbad,3,193
1789314527496,4,eb9e1eb36b887cb4f1910be0e6eafb56a6f38962495f903ebfc821f51c41efd2,26b3ae9ec36f90f0d8187b56ab18375bcd88e1c38c4b205b3fe7f02410a65f11,2,187
1789314527496,4,eb9e1eb36b887cb4f1910be0e6eafb56a6f38962495f903ebfc821f51c41efd2,259ec34ae89b39695c77f29a927338f55f121827916bbc97151dd7433770e584,67,193
1789314527496,4,eb9e1eb36b887cb4f1910be0e6eafb56a6f38962495f903ebfc821f51c41efd2,3bb0db4a56a4e86d82178c5d0fbb36eb39e504c2ae3445b6bf73288d6f694f3d,4,269
1789314527496,4,eb9e1eb36b887cb4f1910be0e6eafb56a6f38962495f903ebfc821f51c41efd2,3385b16c727f9c25edafd107e83ab00a79339958b8c2c24730f6f40a31f8646f,1779445898780,165
1789314527496,4,eb9e1eb36b887cb4f1910be0e6eafb56a6f38962495f903ebfc821f51c41efd2,372ea860496a93f30382c5bd4b5c5c3cf8ebdd7fc94bf1f6fcf7a1d8dad8351c,1789045698564,283
1789314527496,4,eb9e1eb36b887cb4f1910be0e6eafb56a6f38962495f903ebfc821f51c41efd2,0472d0c18cda4fbd60bcc270448a0b5282506012e64232e7793a50ab729fd1fd,1788435511904,283
1789314527496,4,eb9e1eb36b887cb4f1910be0e6eafb56a6f38962495f903ebfc821f51c41efd2,10da3fc00cf414367e2cd761b9c2ecf3c5f3c8cb33d70279eac04f81df9ee2e6,4,277
1789314527555,4,ebaf6272d70329e5e6331ad683d8239a03f580ec903a9ad75774642e67148ebe,6fc5f636a0da291946a40bf7e073b685c8e152bf51c889fd937b218f79cba703,1789130874793,165
1789314527555,4,ebaf6272d70329e5e6331ad683d8239a03f580ec903a9ad75774642e67148ebe,622408ea7c5bee83b2f66b614d0d094d1f9a702ec73ac396b30453f867f9bb28,1787573198097,173
1789314527555,4,ebaf6272d70329e5e6331ad683d8239a03f580ec903a9ad75774642e67148ebe,604e81b0c67d61f607a646ae9f6bffa4c19b166b37909159ab8e3ffc2b29d728,62,248
1789314527555,4,ebaf6272d70329e5e6331ad683d8239a03f580ec903a9ad75774642e67148ebe,7842c8cb303b6a0504aca97b711b7f0676890599e60def6224d83c383481bc43,3,289
1789314527555,4,ebaf6272d70329e5e6331ad683d8239a03f580ec903a9ad75774642e67148ebe,73e681cb35d709b862058223612012c218700af6e5f8e37ea73d889b87e80636,1787573407476,291
1789314527555,4,ebaf6272d70329e5e6331ad683d8239a03f580ec903a9ad75774642e67148ebe,76de530fe673461e4e9bcd9c3c75007bb702bb7a833e66df792680edb4e57ccc,1788864239539,165
1789314527555,4,ebaf6272d70329e5e6331ad683d8239a03f580ec903a9ad75774642e67148ebe,75de8c884dc99bfb5428289a24edfe24f587fa940b710a60860b73981e1955f2,1789087232580,165
1789314527555,4,ebaf6272d70329e5e6331ad683d8239a03f580ec903a9ad75774642e67148ebe,4cbc6a592c5f8b8fab323b8d83394db5b8be11a007546392d04ad738f458ea37,1786651559075,283
1789314527555,4,ebaf6272d70329e5e6331ad683d8239a03f580ec903a9ad75774642e67148ebe,2b86f723fb359ed42573883d5dd5a5b20c56737175a16f839fc5fcafafe4cbad,3,193
1789314527555,4,ebaf6272d70329e5e6331ad683d8239a03f580ec903a9ad75774642e67148ebe,26b3ae9ec36f90f0d8187b56ab18375bcd88e1c38c4b205b3fe7f02410a65f11,2,187
1789314527555,4,ebaf6272d70329e5e6331ad683d8239a03f580ec903a9ad75774642e67148ebe,259ec34ae89b39695c77f29a927338f55f121827916bbc97151dd7433770e584,67,193
1789314527555,4,ebaf6272d70329e5e6331ad683d8239a03f580ec903a9ad75774642e67148ebe,3bb0db4a56a4e86d82178c5d0fbb36eb39e504c2ae3445b6bf73288d6f694f3d,4,269
1789314527555,4,ebaf6272d70329e5e6331ad683d8239a03f580ec903a9ad75774642e67148ebe,3385b16c727f9c25edafd107e83ab00a79339958b8c2c24730f6f40a31f8646f,1779445898780,165
1789314527555,4,ebaf6272d70329e5e6331ad683d8239a03f580ec903a9ad75774642e67148ebe,372ea860496a93f30382c5bd4b5c5c3cf8ebdd7fc94bf1f6fcf7a1d8dad8351c,1789045698564,283
1789314527555,4,ebaf6272d70329e5e6331ad683d8239a03f580ec903a9ad75774642e67148ebe,0472d0c18cda4fbd60bcc270448a0b5282506012e64232e7793a50ab729fd1fd,1788435511904,283
1789314527555,4,ebaf6272d70329e5e6331ad683d8239a03f580ec903a9ad75774642e67148ebe,10da3fc00cf414367e2cd761b9c2ecf3c5f3c8cb33d70279eac04f81df9ee2e6,4,277
1789314527595,4,a6ab2b3091b97ddf52171dce0ab9c7ea6c8f67b41ff39aeb6a2036847a28802b,26b3ae9ec36f90f0d8187b56ab18375bcd88e1c38c4b205b3fe7f02410a65f11,2,187
1789314527595,4,a6ab2b3091b97ddf52171dce0ab9c7ea6c8f67b41ff39aeb6a2036847a28802b,259ec34ae89b39695c77f29a927338f55f121827916bbc97151dd7433770e584,67,193
1789314527595,4,a6ab2b3091b97ddf52171dce0ab9c7ea6c8f67b41ff39aeb6a2036847a28802b,2b86f723fb359ed42573883d5dd5a5b20c56737175a16f839fc5fcafafe4cbad,3,193
1789314527595,4,a6ab2b3091b97ddf52171dce0ab9c7ea6c8f67b41ff39aeb6a2036847a28802b,372ea860496a93f30382c5bd4b5c5c3cf8ebdd7fc94bf1f6fcf7a1d8dad8351c,1789045698564,283
1789314527595,4,a6ab2b3091b97ddf52171dce0ab9c7ea6c8f67b41ff39aeb6a2036847a28802b,3385b16c727f9c25edafd107e83ab00a79339958b8c2c24730f6f40a31f8646f,1779445898780,165
1789314527595,4,a6ab2b3091b97ddf52171dce0ab9c7ea6c8f67b41ff39aeb6a2036847a28802b,3bb0db4a56a4e86d82178c5d0fbb36eb39e504c2ae3445b6bf73288d6f694f3d,4,269
1789314527595,4,a6ab2b3091b97ddf52171dce0ab9c7ea6c8f67b41ff39aeb6a2036847a28802b,0472d0c18cda4fbd60bcc270448a0b5282506012e64232e7793a50ab729fd1fd,1788435511904,283
1789314527595,4,a6ab2b3091b97ddf52171dce0ab9c7ea6c8f67b41ff39aeb6a2036847a28802b,10da3fc00cf414367e2cd761b9c2ecf3c5f3c8cb33d70279eac04f81df9ee2e6,4,277
1789314527595,4,a6ab2b3091b97ddf52171dce0ab9c7ea6c8f67b41ff39aeb6a2036847a28802b,622408ea7c5bee83b2f66b614d0d094d1f9a702ec73ac396b30453f867f9bb28,1787573198097,173
1789314527595,4,a6ab2b3091b97ddf52171dce0ab9c7ea6c8f67b41ff39aeb6a2036847a28802b,604e81b0c67d61f607a646ae9f6bffa4c19b166b37909159ab8e3ffc2b29d728,62,248
1789314527595,4,a6ab2b3091b97ddf52171dce0ab9c7ea6c8f67b41ff39aeb6a2036847a28802b,6fc5f636a0da291946a40bf7e073b685c8e152bf51c889fd937b218f79cba703,1789130874796,283
1789314527595,4,a6ab2b3091b97ddf52171dce0ab9c7ea6c8f67b41ff39aeb6a2036847a28802b,76de530fe673461e4e9bcd9c3c75007bb702bb7a833e66df792680edb4e57ccc,1788864239539,165
1789314527595,4,a6ab2b3091b97ddf52171dce0ab9c7ea6c8f67b41ff39aeb6a2036847a28802b,75de8c884dc99bfb5428289a24edfe24f587fa940b710a60860b73981e1955f2,1789087232580,165
1789314527595,4,a6ab2b3091b97ddf52171dce0ab9c7ea6c8f67b41ff39aeb6a2036847a28802b,73e681cb35d709b862058223612012c218700af6e5f8e37ea73d889b87e80636,1787573407476,291
1789314527595,4,a6ab2b3091b97ddf52171dce0ab9c7ea6c8f67b41ff39aeb6a2036847a28802b,7842c8cb303b6a0504aca97b711b7f0676890599e60def6224d83c383481bc43,3,289
1789314527595,4,a6ab2b3091b97ddf52171dce0ab9c7ea6c8f67b41ff39aeb6a2036847a28802b,4cbc6a592c5f8b8fab323b8d83394db5b8be11a007546392d04ad738f458ea37,1786651559075,283
