ts_ms,query_id,source,node_id,seq,size
1789311966742,0,0x692a..80d2,0x76ee..35f7,3480,204
1789311966742,0,0x692a..80d2,0x72ed..f529,1756383103209,165
1789311966742,0,0x692a..80d2,0x7b03..e5eb,1763792824219,165
1789311966742,0,0x692a..80d2,0x78b9..c6fd,1785333400661,165
1789311966742,0,0x692a..80d2,0x7ade..58df,1782461463691,162
1789311966742,0,0x692a..80d2,0x7aa9..c45e,16,237
1789311966742,0,0x692a..80d2,0x7317..364a,25,185
1789311966742,0,0x692a..80d2,0x73c5..9d11,8,194
1789311966742,0,0x692a..80d2,0x7e65..f189,27,238
1789311966742,0,0x692a..80d2,0x7d37..c3e9,1785131993767,159
1789311966742,0,0x692a..80d2,0x7540..bdd0,2,154
1789311966742,0,0x692a..80d2,0x7ee7..5d38,1,154
1789311966742,0,0x692a..80d2,0x7a05..b57a,134,238
1789311966742,0,0x692a..80d2,0x73c1..9633,24,237
1789311966742,0,0x692a..80d2,0x5c42..e79d,2,185
1789311966742,0,0x692a..80d2,0x5731..d56e,1780316522998,165
1789311966779,0,0x73b3..a90f,0x5ed0..6d88,1764807627433,219
1789311966779,0,0x73b3..a90f,0x4937..2cd7,1,153
1789311966779,0,0x73b3..a90f,0x4c48..e356,1771361654140,165
1789311966779,0,0x73b3..a90f,0x4524..f245,1758996328120,165
1789311966779,0,0x73b3..a90f,0x43eb..d9a4,16,237
1789311966779,0,0x73b3..a90f,0x5177..b9bc,480,204
1789311966779,0,0x73b3..a90f,0x40e5..5c29,1784183214448,159
1789311966779,0,0x73b3..a90f,0x4ded..a1f5,617,204
1789311966779,0,0x73b3..a90f,0x4c90..3156,1788835268832,201
1789311966779,0,0x73b3..a90f,0x4b36..199d,1766127818572,165
1789311966779,0,0x73b3..a90f,0x583b..ccba,3097,204
1789311966779,0,0x73b3..a90f,0x5379..77bd,1774556283862,165
1789311966779,0,0x73b3..a90f,0x5302..7eea,1788369144251,219
1789311966779,0,0x73b3..a90f,0x5be0..990e,20,284
1789311966779,0,0x73b3..a90f,0x4fd7..49da,1762836919223,218
1789311966779,0,0x73b3..a90f,0x459e..b733,1780619746250,218
1789311967567,0,0x191b..6b04,0x440a..d09c,1789179179532,201
1789311967567,0,0x191b..6b04,0x6e53..9476,604,239
1789311967567,0,0x191b..6b04,0x71b8..dd12,1771384254908,165
1789311967567,0,0x191b..6b04,0x467e..aa86,1775742515510,165
1789311967567,0,0x191b..6b04,0x5397..21c8,20,237
1789311967567,0,0x191b..6b04,0x7f25..c1a9,1789179179580,201
1789311967567,0,0x191b..6b04,0x6627..f50e,4428,196
1789311967567,0,0x191b..6b04,0x661e..7ffd,339,196
1789311967567,0,0x191b..6b04,0x4beb..170c,480,215
1789311967567,0,0x191b..6b04,0x7e63..cac1,1788167230930,160
1789311967567,0,0x191b..6b04,0x6c16..2567,1732719255337,165
1789311967567,0,0x191b..6b04,0x6e6c..c55a,1753036782237,165
1789311967567,0,0x191b..6b04,0x4037..09fe,747,204
1789311967567,0,0x191b..6b04,0x624c..4754,1763511084949,218
1789311967567,0,0x191b..6b04,0x4c09..6865,1787112971670,173
1789311967567,0,0x191b..6b04,0x6270..f9f2,1762817187040,219
1789311967595,0,0x459e..b733,0x45dd..68cf,1764873825714,165
1789311967595,0,0x459e..b733,0x45f5..e254,1782062848778,159
1789311967595,0,0x459e..b733,0x45eb..14b6,1758744472216,165
1789311967595,0,0x459e..b733,0x45df..d213,10,238
1789311967595,0,0x459e..b733,0x45fe..4452,1,154
1789311967595,0,0x459e..b733,0x45cf..ac1f,2,153
1789311967595,0,0x459e..b733,0x45ef..b6ce,1786620718355,186
1789311967595,0,0x459e..b733,0x45e1..7095,9419,239
1789311967595,0,0x459e..b733,0x45f0..9e98,27,238
1789311967595,0,0x459e..b733,0x45e0..6744,1764806503255,218
1789311967595,0,0x459e..b733,0x45c9..3492,40,237
1789311967595,0,0x459e..b733,0x45c9..1b79,1771749650045,165
1789311967595,0,0x459e..b733,0x45e1..9f13,1788928415236,196
1789311967595,0,0x459e..b733,0x45c0..f3af,1,153
1789311967595,0,0x459e..b733,0x45e3..a503,3500,239
1789311967595,0,0x459e..b733,0x45c4..b424,24,153
1789311967977,0,0x4524..f245,0x45f0..9e98,27,238
1789311967977,0,0x4524..f245,0x45c4..b424,24,153
1789311967977,0,0x4524..f245,0x45da..32cc,1783705828682,159
1789311967977,0,0x4524..f245,0x45e3..a503,3500,239
1789311967977,0,0x4524..f245,0x45e0..6744,1764806503255,218
1789311967977,0,0x4524..f245,0x458c..b293,1760159635296,165
1789311967977,0,0x4524..f245,0x45eb..14b6,1758744472216,165
1789311967977,0,0x4524..f245,0x45dd..68cf,1764873825714,165
1789311967977,0,0x4524..f245,0x45c9..3492,40,237
1789311967977,0,0x4524..f245,0x45c9..1b79,1771749650045,165
1789311967977,0,0x4524..f245,0x45ef..4ddd,1788674850427,165
1789311967977,0,0x4524..f245,0x45b7..7a4d,255,238
1789311967977,0,0x4524..f245,0x45b7..7c35,1764351121083,219
1789311967977,0,0x4524..f245,0x459a..68ac,31,153
1789311967977,0,0x4524..f245,0x459f..ab16,1767894945407,165
1789311967977,0,0x4524..f245,0x45a0..b08a,1789053634376,161
1789311968148,0,0x45dd..68cf,0x45d6..a9c2,1764941821467,226
1789311968148,0,0x45dd..68cf,0x45d3..9173,1746126358679,176
1789311968148,0,0x45dd..68cf,0x45d5..3379,2,171
1789311968148,0,0x45dd..68cf,0x45d0..267f,145,238
1789311968148,0,0x45dd..68cf,0x45c9..3492,40,237
1789311968148,0,0x45dd..68cf,0x45c0..8d7c,94,154
1789311968148,0,0x45dd..68cf,0x45c2..59c9,1783520555493,160
1789311968148,0,0x45dd..68cf,0x45c5..27ef,1764880403118,165
1789311968148,0,0x45dd..68cf,0x45c4..b424,24,153
1789311968148,0,0x45dd..68cf,0x45c9..1b79,1771749650045,165
1789311968148,0,0x45dd..68cf,0x45c8..93ac,2,153
1789311968148,0,0x45dd..68cf,0x45c8..fcab,1461,225
1789311968148,0,0x45dd..68cf,0x45c0..f3af,1,153
1789311968148,0,0x45dd..68cf,0x45c1..fc6d,1787639700691,218
1789311968148,0,0x45dd..68cf,0x45d8..0d81,1788834501828,167
1789311968148,0,0x45dd..68cf,0x45da..32cc,1783705828682,159
1789311968298,0,0x45c4..b424,0x45da..32cc,1783705828682,159
1789311968298,0,0x45c4..b424,0x45dd..68cf,1764873825714,165
1789311968298,0,0x45c4..b424,0x45f0..9e98,27,238
1789311968298,0,0x45c4..b424,0x45e3..3b55,2415,169
1789311968298,0,0x45c4..b424,0x45e6..6f76,1773763959983,160
1789311968298,0,0x45c4..b424,0x45ef..4ddd,1788674850427,165
1789311968298,0,0x45c4..b424,0x45e1..7095,9419,239
1789311968298,0,0x45c4..b424,0x45eb..14b6,1758744472216,165
1789311968298,0,0x45c4..b424,0x45e1..9f13,1788928415236,196
1789311968298,0,0x45c4..b424,0x45ef..b6ce,1786620718355,186
1789311968298,0,0x45c4..b424,0x45f5..e254,1782062848766,159
1789311968298,0,0x45c4..b424,0x45e1..c95e,895,161
1789311968298,0,0x45c4..b424,0x45e0..6744,1764806503255,218
1789311968298,0,0x45c4..b424,0x45ef..19a0,4,204
1789311968298,0,0x45c4..b424,0x45e3..a503,3500,239
1789311968298,0,0x45c4..b424,0x45cf..ac1f,2,153
1789311968307,0,0x45e0..6744,0x45d0..267f,145,238
1789311968307,0,0x45e0..6744,0x45c0..f3af,1,153
1789311968307,0,0x45e0..6744,0x45dd..68cf,1764873825714,165
1789311968307,0,0x45e0..6744,0x45da..32cc,1783705828682,159
1789311968307,0,0x45e0..6744,0x45c8..fcab,1461,225
1789311968307,0,0x45e0..6744,0x45cf..ac1f,2,153
1789311968307,0,0x45e0..6744,0x45c3..9d8d,1766995787359,218
1789311968307,0,0x45e0..6744,0x45c8..93ac,2,153
1789311968307,0,0x45e0..6744,0x45c5..27ef,1764880403118,165
1789311968307,0,0x45e0..6744,0x45cb..8a6d,1758162914821,165
1789311968307,0,0x45e0..6744,0x45c4..b424,24,153
1789311968307,0,0x45e0..6744,0x45c9..3492,40,237
1789311968307,0,0x45e0..6744,0x45d3..9173,1746126358679,176
1789311968307,0,0x45e0..6744,0x45c9..1b79,1771749650045,165
1789311968307,0,0x45e0..6744,0x459a..68ac,31,153
1789311968307,0,0x45e0..6744,0x45ac..2692,14139,239
1789311968307,0,0x45c0..f3af,0x45cf..ac1f,6,174
1789311968307,0,0x45c0..f3af,0x45cb..8a6d,1758162914821,165
1789311968307,0,0x45c0..f3af,0x45c8..93ac,2,153
1789311968307,0,0x45c0..f3af,0x45c9..3492,40,237
1789311968307,0,0x45c0..f3af,0x45c8..fcab,1461,225
1789311968307,0,0x45c0..f3af,0x45da..15f4,1789296883728,210
1789311968307,0,0x45c0..f3af,0x45d8..9626,3,153
1789311968307,0,0x45c0..f3af,0x45dd..c5d6,1789265105264,165
1789311968307,0,0x45c0..f3af,0x45d3..9c85,1789258690160,165
1789311968307,0,0x45c0..f3af,0x45d0..3f80,4,202
1789311968307,0,0x45c0..f3af,0x45dd..52e3,1778877298271,147
1789311968307,0,0x45c0..f3af,0x45d8..0d81,1788834501828,167
1789311968307,0,0x45c0..f3af,0x45dd..68cf,1764873825714,165
1789311968307,0,0x45c0..f3af,0x45df..d213,10,238
1789311968307,0,0x45c0..f3af,0x45d3..9173,1746126358680,168
1789311968307,0,0x45c0..f3af,0x45d0..267f,145,238
1789311968328,0,0x45e1..7095,0x45f7..b82c,1789059171762,145
1789311968328,0,0x45e1..7095,0x45f6..28e2,1788746263348,165
1789311968328,0,0x45e1..7095,0x45f1..7360,1789243215734,140
1789311968328,0,0x45e1..7095,0x45f3..bc13,1,153
1789311968328,0,0x45e1..7095,0x45fd..26da,1789039868975,145
1789311968328,0,0x45e1..7095,0x45f5..a7f4,1788836303034,165
1789311968328,0,0x45e1..7095,0x45f7..95de,1789282089711,160
1789311968328,0,0x45e1..7095,0x45f0..9e98,27,238
1789311968328,0,0x45e1..7095,0x45f5..e254,1782062848780,159
1789311968328,0,0x45e1..7095,0x45f1..790b,448,182
1789311968328,0,0x45e1..7095,0x45d5..3379,3,154
1789311968328,0,0x45e1..7095,0x45cb..8a6d,1758162914821,165
1789311968328,0,0x45e1..7095,0x45dd..52e3,1778877298271,147
1789311968328,0,0x45e1..7095,0x45c1..7796,102,154
1789311968328,0,0x45e1..7095,0x45c2..59c9,1783520555493,160
1789311968328,0,0x45e1..7095,0x45c9..3492,40,237
1789311968328,0,0x45da..32cc,0x45d6..a9c2,1764941821467,226
1789311968328,0,0x45da..32cc,0x45d5..3379,2,171
1789311968328,0,0x45da..32cc,0x45d3..9173,1746126358679,176
1789311968328,0,0x45da..32cc,0x45c0..8d7c,94,154
1789311968328,0,0x45da..32cc,0x45cb..8a6d,1758162914821,165
1789311968328,0,0x45da..32cc,0x45c5..27ef,1764880403118,165
1789311968328,0,0x45da..32cc,0x45cf..ac1f,2,153
1789311968328,0,0x45da..32cc,0x45c1..fc6d,1787639700691,218
1789311968328,0,0x45da..32cc,0x45c8..93ac,2,153
1789311968328,0,0x45da..32cc,0x45c4..b424,24,153
1789311968328,0,0x45da..32cc,0x45c9..1b79,1771749650045,165
1789311968328,0,0x45da..32cc,0x45dd..68cf,1764873825714,165
1789311968336,0,0x45c9..1b79,0x45da..32cc,1783705828682,159
1789311968336,0,0x45c9..1b79,0x45d0..267f,145,238
1789311968336,0,0x45c9..1b79,0x45d5..3379,2,171
1789311968336,0,0x45c9..1b79,0x45dd..52e3,1778877298271,147
1789311968336,0,0x45c9..1b79,0x45dd..68cf,1764873825714,165
1789311968336,0,0x45c9..1b79,0x45d3..9173,1746126358680,168
1789311968336,0,0x45c9..1b79,0x45df..d213,10,238
1789311968336,0,0x45c9..1b79,0x45ef..19a0,4,204
1789311968336,0,0x45c9..1b79,0x45f2..aeeb,29211,239
1789311968336,0,0x45c9..1b79,0x45e1..9f13,1788928415236,196
1789311968336,0,0x45c9..1b79,0x45ef..4ddd,1788674850427,165
1789311968336,0,0x45c9..1b79,0x45e2..eedc,2199,161
1789311968336,0,0x45c9..1b79,0x45e0..6744,1764806503255,218
1789311968336,0,0x45c9..1b79,0x45f0..9e98,27,238
1789311968336,0,0x45c9..1b79,0x45fe..4452,1,154
1789311968336,0,0x45c9..1b79,0x45f1..790b,448,182
1789311968354,0,0x45fe..4452,0x45e1..defa,1789098078974,148
1789311968354,0,0x45fe..4452,0x45e9..c958,1789090867729,165
1789311968354,0,0x45fe..4452,0x45ea..669b,1789241093173,148
1789311968354,0,0x45fe..4452,0x45e2..eedc,2199,161
1789311968354,0,0x45fe..4452,0x45e3..3b55,2415,169
1789311968354,0,0x45fe..4452,0x45ef..b6ce,1786620718355,186
1789311968354,0,0x45fe..4452,0x45e0..6744,1764806503255,218
1789311968354,0,0x45fe..4452,0x45ef..4ddd,1788674850427,165
1789311968354,0,0x45fe..4452,0x45eb..14b6,1758744472216,165
1789311968354,0,0x45fe..4452,0x45ef..19a0,4,204
1789311968354,0,0x45fe..4452,0x45e1..c95e,895,161
1789311968354,0,0x45fe..4452,0x45e1..7095,9419,239
1789311968354,0,0x45fe..4452,0x45e3..a503,3500,239
1789311968354,0,0x45fe..4452,0x45ed..64cf,3770,239
1789311968354,0,0x45fe..4452,0x45e1..9f13,1788928415237,196
1789311968354,0,0x45fe..4452,0x45c8..fcab,1461,225
1789311968354,0,0x45c9..3492,0x45c5..1b10,1788569457974,186
1789311968354,0,0x45c9..3492,0x45c2..2f3b,1788562433061,186
1789311968354,0,0x45c9..3492,0x45c2..131b,2,154
1789311968354,0,0x45c9..3492,0x45c6..975d,1787233217526,168
1789311968354,0,0x45c9..3492,0x45c4..1ed6,1788985230645,165
1789311968354,0,0x45c9..3492,0x45c5..fac0,1788506215798,159
1789311968354,0,0x45c9..3492,0x45c3..d3b9,1789043176862,165
1789311968354,0,0x45c9..3492,0x45c3..b3df,1787542234796,165
1789311968354,0,0x45c9..3492,0x45c2..59c9,1783520555493,160
1789311968354,0,0x45c9..3492,0x45c1..7796,102,154
1789311968354,0,0x45c9..3492,0x45c1..fc6d,1787639700691,218
1789311968354,0,0x45c9..3492,0x45c4..ebef,1788695982575,165
1789311968354,0,0x45c9..3492,0x45c4..b424,24,153
1789311968354,0,0x45c9..3492,0x45c0..f3af,1,153
1789311968354,0,0x45c9..3492,0x45c0..8d7c,94,154
1789311968354,0,0x45c9..3492,0x45d4..5cab,1789166162123,165
1789311968358,0,0x45cf..ac1f,0x45c2..59c9,1783520555493,160
1789311968358,0,0x45cf..ac1f,0x45c1..7796,222,155
1789311968358,0,0x45cf..ac1f,0x45c3..9d8d,1766995787359,218
1789311968358,0,0x45cf..ac1f,0x45c5..27ef,1764880403118,165
1789311968358,0,0x45cf..ac1f,0x45c1..fc6d,1787639700691,218
1789311968358,0,0x45cf..ac1f,0x45c0..f3af,1,153
1789311968358,0,0x45cf..ac1f,0x45da..32cc,1783705828682,159
1789311968358,0,0x45cf..ac1f,0x45dd..b87a,1789176325601,165
1789311968358,0,0x45cf..ac1f,0x45d4..5cab,1789166162123,165
1789311968358,0,0x45cf..ac1f,0x45dd..c5d6,1789265105264,165
1789311968358,0,0x45cf..ac1f,0x45dd..52e3,1778877298271,147
1789311968358,0,0x45cf..ac1f,0x45da..15f4,1789296883728,210
1789311968358,0,0x45cf..ac1f,0x45d3..9173,1746126358680,168
1789311968358,0,0x45cf..ac1f,0x45d3..9c85,1789258690160,165
1789311968358,0,0x45cf..ac1f,0x45d0..3f80,4,202
1789311968358,0,0x45cf..ac1f,0x45d0..267f,145,238
1789311968434,0,0x45eb..14b6,0x45d3..9173,1746126358680,168
1789311968434,0,0x45eb..14b6,0x45dd..68cf,1764873825714,165
1789311968434,0,0x45eb..14b6,0x45c0..f3af,1,153
1789311968434,0,0x45eb..14b6,0x45cb..8a6d,1758162914821,165
1789311968434,0,0x45eb..14b6,0x45c3..9d8d,1766995787359,218
1789311968434,0,0x45eb..14b6,0x45c9..1b79,1771749650045,165
1789311968434,0,0x45eb..14b6,0x45c2..59c9,1783520555493,160
1789311968434,0,0x45eb..14b6,0x45c9..3492,40,237
1789311968434,0,0x45eb..14b6,0x45da..32cc,1783705828682,159
1789311968434,0,0x45eb..14b6,0x45d8..0d81,1788834501828,167
1789311968434,0,0x45eb..14b6,0x45cf..ac1f,2,153
1789311968434,0,0x45eb..14b6,0x45c4..b424,24,153
1789311968434,0,0x45eb..14b6,0x45c8..93ac,2,153
1789311968434,0,0x45eb..14b6,0x45df..d213,10,238
1789311968434,0,0x45eb..14b6,0x45c5..27ef,1764880403118,165
1789311968434,0,0x45eb..14b6,0x45c8..fcab,1461,225
1789311968434,0,0x45f0..9e98,0x45e6..6f76,1773763959983,160
1789311968434,0,0x45f0..9e98,0x45ea..669b,1789241093173,148
1789311968434,0,0x45f0..9e98,0x45e8..5da0,1789049297311,165
1789311968434,0,0x45f0..9e98,0x45e9..4fd0,1789163623500,145
1789311968434,0,0x45f0..9e98,0x45e3..7fac,1789306298317,145
1789311968434,0,0x45f0..9e98,0x45e1..7095,9419,239
1789311968434,0,0x45f0..9e98,0x45eb..14b6,1758744472216,165
1789311968434,0,0x45f0..9e98,0x45ef..19a0,4,204
1789311968434,0,0x45f0..9e98,0x45ef..4ddd,1788674850427,165
1789311968434,0,0x45f0..9e98,0x45e1..9f13,1788928415237,196
1789311968434,0,0x45f0..9e98,0x45e3..a503,3500,239
1789311968434,0,0x45f0..9e98,0x45ef..b6ce,1786620718355,186
1789311968434,0,0x45f0..9e98,0x45e0..6744,1764806503255,218
1789311968434,0,0x45f0..9e98,0x45dd..c5d6,1789265105264,165
1789311968434,0,0x45f0..9e98,0x45cb..8a6d,1758162914821,165
1789311968434,0,0x45f0..9e98,0x45c3..9d8d,1766995787359,218
1789311968435,0,0x45f5..e254,0x45dd..68cf,1764873825714,165
1789311968435,0,0x45f5..e254,0x45d5..3379,2,171
1789311968479,0,0x45e3..a503,0x45f1..e3cc,1784676476410,145
1789311968479,0,0x45e3..a503,0x45fd..1bb9,1788797229080,145
1789311968479,0,0x45e3..a503,0x45f0..9e98,27,238
1789311968479,0,0x45e3..a503,0x45f8..8f71,1787918348977,145
1789311968479,0,0x45e3..a503,0x45ff..4812,1787962291316,145
1789311968479,0,0x45e3..a503,0x45fd..26da,1789039868975,145
1789311968479,0,0x45e3..a503,0x45f3..bc13,1,153
1789311968479,0,0x45e3..a503,0x45f1..61da,4,237
1789311968479,0,0x45e3..a503,0x45ff..1fb4,1788614944446,145
1789311968479,0,0x45e3..a503,0x45fd..b591,1787905448478,145
1789311968479,0,0x45e3..a503,0x45f7..95de,1789168482118,160
1789311968479,0,0x45e3..a503,0x45f3..79b4,1784822417515,210
1789311968479,0,0x45e3..a503,0x45f5..e254,1782062848778,159
1789311968479,0,0x45e3..a503,0x45f1..790b,448,182
1789311968479,0,0x45e3..a503,0x45f2..aeeb,7451,239
1789311968479,0,0x45e3..a503,0x45d4..1e78,1789258940079,145
1789311968614,0,0x45e1..9f13,0x45c9..3492,40,237
1789311968614,0,0x45e1..9f13,0x45dd..68cf,1764873825714,165
1789311968614,0,0x45e1..9f13,0x45c8..fcab,1461,225
1789311968614,0,0x45e1..9f13,0x45c0..8d7c,93,154
1789311968614,0,0x45e1..9f13,0x45c4..b424,24,153
1789311968614,0,0x45e1..9f13,0x45c3..9d8d,1766995787359,218
1789311968614,0,0x45e1..9f13,0x45c9..1b79,1771749650045,165
1789311968614,0,0x45e1..9f13,0x45c5..27ef,1764880403118,165
1789311968614,0,0x45e1..9f13,0x45d5..3379,1,154
1789311968614,0,0x45e1..9f13,0x45cf..ac1f,2,153
1789311968614,0,0x45e1..9f13,0x45cb..8a6d,1758162914821,165
1789311968614,0,0x45e1..9f13,0x45d8..9626,2,153
1789311968614,0,0x45e1..9f13,0x45da..32cc,1783705828682,159
1789311968614,0,0x45e1..9f13,0x45c0..f3af,1,153
1789311968614,0,0x45e1..9f13,0x45c8..93ac,2,153
1789311968614,0,0x45e1..9f13,0x45c2..59c9,1783520555493,160
1789311968883,-,0x33be..1a49,0x33be..1a49,735962,184
1789311969899,0,0x45c5..27ef,0x45d5..3379,2,171
1789311969899,0,0x45c5..27ef,0x45d0..267f,145,238
1789311969899,0,0x45c5..27ef,0x45df..d213,10,238
1789311969899,0,0x45c5..27ef,0x45da..32cc,1783705828682,159
1789311969899,0,0x45c5..27ef,0x45dd..68cf,1764873825714,165
1789311969899,0,0x45c5..27ef,0x45d3..9173,1746126358679,176
1789311969899,0,0x45c5..27ef,0x45e3..a503,3500,239
1789311969899,0,0x45c5..27ef,0x45fe..4452,1,154
1789311969899,0,0x45c5..27ef,0x45eb..14b6,1758744472216,165
1789311969899,0,0x45c5..27ef,0x45ef..4ddd,1788674850427,165
1789311969899,0,0x45c5..27ef,0x45e4..fbb3,1768499195887,218
1789311969899,0,0x45c5..27ef,0x45ef..b6ce,1786620718355,186
1789311969899,0,0x45c5..27ef,0x45e0..6744,1764806503255,218
1789311969899,0,0x45c5..27ef,0x45ed..64cf,3770,239
1789311969899,0,0x45c5..27ef,0x45f0..9e98,27,238
1789311969899,0,0x45c5..27ef,0x45f5..e254,1782062848776,159
1789311969919,0,0x45c8..93ac,0x45d8..0d81,1788834501828,167
1789311969919,0,0x45c8..93ac,0x45da..32cc,1783705828682,159
1789311969919,0,0x45c8..93ac,0x45dd..68cf,1764873825714,165
1789311969919,0,0x45c8..93ac,0x45dd..52e3,1778877298271,147
1789311969919,0,0x45c8..93ac,0x45df..d213,10,238
1789311969919,0,0x45c8..93ac,0x45d3..9173,1746126358679,176
1789311969919,0,0x45c8..93ac,0x45d5..3379,1,154
1789311969919,0,0x45c8..93ac,0x45d6..a9c2,1764941821467,226
1789311969919,0,0x45c8..93ac,0x45eb..14b6,1758744472216,165
1789311969919,0,0x45c8..93ac,0x45ef..b6ce,1786620718355,186
1789311969919,0,0x45c8..93ac,0x45ef..4ddd,1788674850427,165
1789311969919,0,0x45c8..93ac,0x45e0..6744,1764806503255,218
1789311969919,0,0x45c8..93ac,0x45e1..7095,9419,239
1789311969919,0,0x45c8..93ac,0x45e1..9f13,1788928415236,196
1789311969919,0,0x45c8..93ac,0x45e1..c95e,895,161
1789311969919,0,0x45c8..93ac,0x45e2..eedc,2199,161
1789311970173,-,0x3842..d090,0x3842..d090,3,202
1789311972262,0,0x45ef..b6ce,0x45c4..b424,24,153
1789311972262,0,0x45ef..b6ce,0x45dd..52e3,1778877298271,147
1789311972262,0,0x45ef..b6ce,0x45cb..8a6d,1758162914821,165
1789311972262,0,0x45ef..b6ce,0x45c1..fc6d,1787639700691,218
1789311972262,0,0x45ef..b6ce,0x45d8..9626,2,153
1789311972262,0,0x45ef..b6ce,0x45dd..68cf,1764873825714,165
1789311972262,0,0x45ef..b6ce,0x45cf..ac1f,2,153
1789311972262,0,0x45ef..b6ce,0x45da..32cc,1783705828682,159
1789311972262,0,0x45ef..b6ce,0x45c9..3492,40,237
1789311972262,0,0x45ef..b6ce,0x45c5..27ef,1764880403118,165
1789311972262,0,0x45ef..b6ce,0x45c9..1b79,1771749650045,165
1789311972262,0,0x45ef..b6ce,0x45df..d213,10,238
1789311972262,0,0x45ef..b6ce,0x45c8..fcab,1461,225
1789311972262,0,0x45ef..b6ce,0x45c8..93ac,2,153
1789311972262,0,0x45ef..b6ce,0x45c0..f3af,1,153
1789311972262,0,0x45ef..b6ce,0x45c3..9d8d,1766995787359,218
1789311972469,0,0x459f..ab16,0x45e0..6744,1764806503255,218
1789311972469,0,0x459f..ab16,0x45ef..19a0,4,204
1789311972469,0,0x459f..ab16,0x45c5..27ef,1764880403118,165
1789311972469,0,0x459f..ab16,0x45fe..4452,1,154
1789311972469,0,0x459f..ab16,0x45f0..9e98,27,238
1789311972469,0,0x459f..ab16,0x45c4..b424,24,153
1789311972469,0,0x459f..ab16,0x45ef..b6ce,1786620718355,186
1789311972469,0,0x459f..ab16,0x45e3..a503,3500,239
1789311972469,0,0x459f..ab16,0x45eb..14b6,1758744472216,165
1789311972469,0,0x459f..ab16,0x45e1..9f13,1788928415237,196
1789311972469,0,0x459f..ab16,0x45e1..7095,9419,239
1789311972469,0,0x459f..ab16,0x45c9..1b79,1771749650045,165
1789311972469,0,0x459f..ab16,0x45dd..68cf,1764873825714,165
1789311972469,0,0x459f..ab16,0x45da..32cc,1783705828682,159
1789311972469,0,0x459f..ab16,0x45c9..3492,40,237
1789311972469,0,0x459f..ab16,0x45cf..ac1f,2,153
1789311972473,-,0x29bf..bf7e,0x29bf..bf7e,3,202
1789311972500,0,0x459a..68ac,0x45ef..b6ce,1786620718355,186
1789311972500,0,0x459a..68ac,0x45eb..14b6,1758744472216,165
1789311972500,0,0x459a..68ac,0x45e0..6744,1764806503255,218
1789311972500,0,0x459a..68ac,0x45c9..3492,40,237
1789311972500,0,0x459a..68ac,0x45f5..e254,1782062848772,159
1789311972500,0,0x459a..68ac,0x45d6..a9c2,1764941821467,226
1789311972500,0,0x459a..68ac,0x45dd..68cf,1764873825714,165
1789311972500,0,0x459a..68ac,0x45c0..f3af,1,153
1789311972500,0,0x459a..68ac,0x45fe..4452,1,154
1789311972500,0,0x459a..68ac,0x45f0..9e98,27,238
1789311972500,0,0x459a..68ac,0x45cf..ac1f,2,153
1789311972500,0,0x459a..68ac,0x45c4..b424,24,153
1789311972500,0,0x459a..68ac,0x45c8..fcab,1461,225
1789311972500,0,0x459a..68ac,0x45c1..7796,102,154
1789311972500,0,0x459a..68ac,0x4506..bdcf,23,284
1789311972500,0,0x459a..68ac,0x4539..1d1c,4,237
1789311972643,0,0x45b7..7a4d,0x4593..52bd,1789196453424,196
1789311972643,0,0x45b7..7a4d,0x459a..912e,1788278037889,159
1789311972643,0,0x45b7..7a4d,0x459a..68ac,31,153
1789311972643,0,0x45b7..7a4d,0x4587..9419,6,194
1789311972643,0,0x45b7..7a4d,0x4591..62cf,1789295419363,165
1789311972643,0,0x45b7..7a4d,0x4587..7d80,62,237
1789311972643,0,0x45b7..7a4d,0x459e..45fd,2848,200
1789311972643,0,0x45b7..7a4d,0x4598..9238,52866,239
1789311972643,0,0x45b7..7a4d,0x458f..54c5,2,154
1789311972643,0,0x45b7..7a4d,0x458b..0ef5,1195,287
1789311972643,0,0x45b7..7a4d,0x45e6..6f76,1773763959983,160
1789311972643,0,0x45b7..7a4d,0x45ef..19a0,4,204
1789311972643,0,0x45b7..7a4d,0x45c1..fc6d,1787639700691,218
1789311972643,0,0x45b7..7a4d,0x45c8..fcab,1461,225
1789311972643,0,0x45b7..7a4d,0x45c4..b424,24,153
1789311972643,0,0x45b7..7a4d,0x45cf..ac1f,2,153
1789311972663,0,0x458c..b293,0x45da..32cc,1783705828682,159
1789311972663,0,0x458c..b293,0x45cf..ac1f,2,153
1789311972663,0,0x458c..b293,0x45e1..9f13,1788928415237,196
1789311972663,0,0x458c..b293,0x45c5..27ef,1764880403118,165
1789311972663,0,0x458c..b293,0x45ef..19a0,4,204
1789311972663,0,0x458c..b293,0x45c0..f3af,1,153
1789311972663,0,0x458c..b293,0x45e0..6744,1764806503255,218
1789311972663,0,0x458c..b293,0x45eb..14b6,1758744472216,165
1789311972663,0,0x458c..b293,0x45ef..b6ce,1786620718355,186
1789311972663,0,0x458c..b293,0x45c9..1b79,1771749650045,165
1789311972663,0,0x458c..b293,0x45c8..fcab,1461,225
1789311972663,0,0x458c..b293,0x45c8..93ac,2,153
1789311972663,0,0x458c..b293,0x45dd..68cf,1764873825714,165
1789311972663,0,0x458c..b293,0x45f0..9e98,27,238
1789311972663,0,0x458c..b293,0x45c4..b424,24,153
1789311972663,0,0x458c..b293,0x45fe..4452,1,154
1789311973668,1,0x9520..953e,0x9cd6..2d25,1768399079244,165
1789311973668,1,0x9520..953e,0x9fb9..7d81,17,207
1789311973668,1,0x9520..953e,0x9f24..819a,4,190
1789311973668,1,0x9520..953e,0x9d6e..a53b,9,185
1789311973668,1,0x9520..953e,0x987a..2724,5,194
1789311973668,1,0x9520..953e,0x9eb0..a4bc,2,185
1789311973668,1,0x9520..953e,0x9a10..116f,15,180
1789311973668,1,0x9520..953e,0x9aae..09c0,64,195
1789311973668,1,0x9520..953e,0x9bd5..d543,1,180
1789311973668,1,0x9520..953e,0x9888..de6c,1746470041112,165
1789311973668,1,0x9520..953e,0x9f63..660a,32,185
1789311973668,1,0x9520..953e,0x9e6e..99dc,7411,197
1789311973668,1,0x9520..953e,0x9a31..4d6e,50,185
1789311973668,1,0x9520..953e,0x9b4e..45b6,3378,200
1789311973668,1,0x9520..953e,0x82fd..2fc6,12,185
1789311973668,1,0x9520..953e,0x89d5..f918,1731357657220,165
1789311973783,1,0x9e30..f114,0x8c84..e533,1768793881935,168
1789311973783,1,0x9e30..f114,0x8a20..6198,17,185
1789311973783,1,0x9e30..f114,0x8d96..2a37,4,237
1789311973783,1,0x9e30..f114,0x85e8..e576,102324,241
1789311973783,1,0x9e30..f114,0x8621..c0e6,21,185
1789311973783,1,0x9e30..f114,0x86f3..b5b9,39,195
1789311973783,1,0x9e30..f114,0x8235..3142,4,195
1789311973783,1,0x9e30..f114,0x8375..1063,7,195
1789311973783,1,0x9e30..f114,0x84e8..0a93,85,185
1789311973783,1,0x9e30..f114,0x8094..45d7,126,195
1789311973783,1,0x9e30..f114,0x8734..43f2,134438,287
1789311973783,1,0x9e30..f114,0x8940..bdad,1602,240
1789311973783,1,0x9e30..f114,0x80fd..43de,1637,287
1789311973783,1,0x9e30..f114,0x8785..e639,7065,239
1789311973783,1,0x9e30..f114,0x8ccf..b31c,4473,215
1789311973784,1,0x9e30..f114,0x8a28..cbd6,2672,239
1789311974170,1,0x9720..f82e,0x9e2e..df01,4,223
1789311974170,1,0x9720..f82e,0x9ee1..3164,1739502189283,196
1789311974170,1,0x9720..f82e,0x9c9c..b7bf,38,195
1789311974170,1,0x9720..f82e,0x9f88..18ec,4838,240
1789311974170,1,0x9720..f82e,0x9d80..37f8,1783175165456,165
1789311974170,1,0x9720..f82e,0x988d..c83c,17,194
1789311974170,1,0x9720..f82e,0x995d..ab2a,1167,182
1789311974170,1,0x9720..f82e,0x9cc1..9951,1763524584894,165
1789311974170,1,0x9720..f82e,0x9d3f..e460,12,194
1789311974170,1,0x9720..f82e,0x9d7d..11ea,66,284
1789311974170,1,0x9720..f82e,0x9d17..afa6,12,185
1789311974170,1,0x9720..f82e,0x9cf2..2ef0,1775171862190,165
1789311974170,1,0x9720..f82e,0x9ee9..6eb9,6081,197
1789311974170,1,0x9720..f82e,0x9a68..c384,59,237
1789311974170,1,0x9720..f82e,0x8839..084b,9,185
1789311974170,1,0x9720..f82e,0x811a..04d7,4,204
1789311975357,1,0x8ccf..b31c,0x8d32..525c,270,147
1789311975357,1,0x8ccf..b31c,0x8d40..6f7b,1789056279326,201
1789311975357,1,0x8ccf..b31c,0x8d09..0dda,1784912267368,165
1789311975357,1,0x8ccf..b31c,0x8de1..4b05,2,171
1789311975357,1,0x8ccf..b31c,0x8de0..3a51,1789116567671,214
1789311975357,1,0x8ccf..b31c,0x8da0..421c,4,153
1789311975357,1,0x8ccf..b31c,0x8d5b..b877,1,154
1789311975357,1,0x8ccf..b31c,0x8d62..ba2a,1,154
1789311975357,1,0x8ccf..b31c,0x8dca..8f28,33,174
1789311975357,1,0x8ccf..b31c,0x8d47..e21d,4,204
1789311975357,1,0x8ccf..b31c,0x8d30..ccd4,4,237
1789311975357,1,0x8ccf..b31c,0x8d1c..fc47,1782460547665,218
1789311975357,1,0x8ccf..b31c,0x8dec..b5e9,4,237
1789311975357,1,0x8ccf..b31c,0x8d00..76b7,1783805401833,214
1789311975357,1,0x8ccf..b31c,0x8df2..f7e8,1778756252208,159
1789311975357,1,0x8ccf..b31c,0x8deb..5ac9,1789169600032,196
1789311975675,1,0x8df2..f7e8,0x8db9..8655,1767014739435,177
1789311975675,1,0x8df2..f7e8,0x8db6..7f8a,3,153
1789311975675,1,0x8df2..f7e8,0x8da0..421c,4,153
1789311975675,1,0x8df2..f7e8,0x8d9d..7d45,5,284
1789311975675,1,0x8df2..f7e8,0x8dbd..fcb0,1603,256
1789311975675,1,0x8df2..f7e8,0x8d87..764b,13,235
1789311975675,1,0x8df2..f7e8,0x8d8f..5833,46,237
1789311975675,1,0x8df2..f7e8,0x8d95..50ca,1778974925908,165
1789311975675,1,0x8df2..f7e8,0x8dbf..437d,1788818112232,160
1789311975675,1,0x8df2..f7e8,0x8db5..2fdb,344,204
1789311975675,1,0x8df2..f7e8,0x8d91..38a4,235,155
1789311975675,1,0x8df2..f7e8,0x8d88..02bf,1780992125075,169
1789311975675,1,0x8df2..f7e8,0x8d8b..ffac,1663261660688,165
1789311975675,1,0x8df2..f7e8,0x8d98..021d,1767957882555,165
1789311975675,1,0x8df2..f7e8,0x8db9..521b,1776911680870,165
1789311975675,1,0x8df2..f7e8,0x8d8c..f2e2,1729066535298,170
1789311975705,1,0x8d09..0dda,0x8d8f..5833,46,237
1789311975705,1,0x8d09..0dda,0x8df8..c614,1767894935813,165
1789311975705,1,0x8d09..0dda,0x8d8c..f2e2,1729066535298,170
1789311975705,1,0x8d09..0dda,0x8dd6..0d69,1780591387350,168
1789311975705,1,0x8d09..0dda,0x8dcb..8809,1746717005210,165
1789311975705,1,0x8d09..0dda,0x8dd8..5121,983,182
1789311975705,1,0x8d09..0dda,0x8ddb..43f7,2199,200
1789311975705,1,0x8d09..0dda,0x8db6..7f8a,3,153
1789311975705,1,0x8d09..0dda,0x8d95..50ca,1778974925908,165
1789311975705,1,0x8d09..0dda,0x8dbd..fcb0,1603,256
1789311975705,1,0x8d09..0dda,0x8dc2..2df4,1787872792334,169
1789311975705,1,0x8d09..0dda,0x8dc7..af65,1787668500533,165
1789311975705,1,0x8d09..0dda,0x8dc2..804e,1778432430998,165
1789311975705,1,0x8d09..0dda,0x8d98..021d,1767957882555,165
1789311975705,1,0x8d09..0dda,0x8d9d..7d45,5,284
1789311975705,1,0x8d09..0dda,0x8dca..8f28,26,174
1789311975705,1,0x8de0..3a51,0x8d9d..7d45,5,284
1789311975705,1,0x8de0..3a51,0x8d8c..f2e2,1729066535298,170
1789311975705,1,0x8de0..3a51,0x8db6..7f8a,3,153
1789311975705,1,0x8de0..3a51,0x8d98..021d,1767957882555,165
1789311975705,1,0x8de0..3a51,0x8db5..2fdb,344,204
1789311975705,1,0x8de0..3a51,0x8d8b..ffac,1663261660688,165
1789311975705,1,0x8de0..3a51,0x8da0..65c1,1762838144369,159
1789311975705,1,0x8de0..3a51,0x8d95..50ca,1778974925908,165
1789311975705,1,0x8de0..3a51,0x8d8f..5833,46,237
1789311975705,1,0x8de0..3a51,0x8dbd..fcb0,1603,256
1789311975705,1,0x8de0..3a51,0x8d88..02bf,1780992125075,169
1789311975705,1,0x8de0..3a51,0x8da0..421c,4,153
1789311975705,1,0x8de0..3a51,0x8d30..ccd4,4,237
1789311975705,1,0x8de0..3a51,0x8d5c..9f29,1788674848603,165
1789311975705,1,0x8de0..3a51,0x8d47..e21d,4,204
1789311975705,1,0x8de0..3a51,0x8d1f..fc43,1785809085110,165
1789311975711,1,0x8de1..4b05,0x8dcd..f006,1763022157185,218
1789311975711,1,0x8de1..4b05,0x8dd3..2d51,3,171
1789311975711,1,0x8de1..4b05,0x8dd8..e2ff,2,154
1789311975711,1,0x8de1..4b05,0x8dc7..54ac,1,154
1789311975711,1,0x8de1..4b05,0x8dc5..01ef,5,204
1789311975711,1,0x8de1..4b05,0x8dd4..584e,1782726523440,165
1789311975711,1,0x8de1..4b05,0x8dc4..a287,104,238
1789311975711,1,0x8de1..4b05,0x8dcd..fbdb,2,154
1789311975711,1,0x8de1..4b05,0x8ddb..43f7,2199,200
1789311975711,1,0x8de1..4b05,0x8dc2..2df4,1787872792334,169
1789311975711,1,0x8de1..4b05,0x8dca..8f28,33,174
1789311975711,1,0x8de1..4b05,0x8dcc..c58a,1787442874726,159
1789311975711,1,0x8de1..4b05,0x8dcb..8809,1746717005210,165
1789311975711,1,0x8de1..4b05,0x8dd6..0d69,1780591387350,168
1789311975711,1,0x8de1..4b05,0x8dcc..b87e,1765292110172,173
1789311975711,1,0x8de1..4b05,0x8dcc..aa4c,1764241654096,165
1789311975728,1,0x8d62..ba2a,0x8d26..d367,1,155
1789311975728,1,0x8d62..ba2a,0x8d16..1913,8,213
1789311975728,1,0x8d62..ba2a,0x8d35..a352,177,238
1789311975728,1,0x8d62..ba2a,0x8d32..525c,270,147
1789311975728,1,0x8d62..ba2a,0x8d25..1c91,1788351660872,165
1789311975728,1,0x8d62..ba2a,0x8d00..76b7,1783805401833,214
1789311975728,1,0x8d62..ba2a,0x8d09..0dda,1784912267368,165
1789311975728,1,0x8d62..ba2a,0x8d32..3db2,1761583513277,165
1789311975728,1,0x8d62..ba2a,0x8d1d..5446,1771919023120,165
1789311975728,1,0x8d62..ba2a,0x8d1c..fc47,1782460547665,218
1789311975728,1,0x8d62..ba2a,0x8d28..4f87,141,238
1789311975728,1,0x8d62..ba2a,0x8d30..ccd4,4,237
1789311975728,1,0x8d62..ba2a,0x8d1a..56ba,1780153222814,162
1789311975728,1,0x8d62..ba2a,0x8d36..8b61,1681341421986,165
1789311975728,1,0x8d62..ba2a,0x8d1f..7daf,1709536524061,165
1789311975728,1,0x8d62..ba2a,0x8d3b..8c6a,590,239
1789311975738,1,0x8d32..525c,0x8db6..7f8a,3,153
1789311975738,1,0x8d32..525c,0x8db5..2fdb,344,204
1789311975738,1,0x8d32..525c,0x8db9..521b,1776911680870,165
1789311975738,1,0x8d32..525c,0x8dbf..437d,1788818112232,160
1789311975738,1,0x8d32..525c,0x8dbd..fcb0,1603,256
1789311975738,1,0x8d32..525c,0x8da0..65c1,1762838144369,159
1789311975738,1,0x8d32..525c,0x8df0..7623,2,153
1789311975738,1,0x8d32..525c,0x8daf..5876,310,239
1789311975738,1,0x8d32..525c,0x8d91..38a4,2,154
1789311975738,1,0x8d32..525c,0x8d95..50ca,1778974925908,165
1789311975738,1,0x8d32..525c,0x8d98..021d,1767957882555,165
1789311975738,1,0x8d32..525c,0x8d87..764b,13,235
1789311975738,1,0x8d32..525c,0x8d85..83ec,3220,224
1789311975738,1,0x8d32..525c,0x8d8a..edbe,3,153
1789311975738,1,0x8d32..525c,0x8d8e..e69c,1734765208217,173
1789311975738,1,0x8d32..525c,0x8d8f..5833,46,237
1789311975748,1,0x8d47..e21d,0x8dcc..c58a,1787442874726,159
1789311975748,1,0x8d47..e21d,0x8dca..8f28,26,174
1789311975748,1,0x8d47..e21d,0x8dd6..0d69,1780591387350,168
1789311975748,1,0x8d47..e21d,0x8dd4..584e,1782726523440,165
1789311975748,1,0x8d47..e21d,0x8dd8..5121,983,182
1789311975748,1,0x8d47..e21d,0x8de1..87fd,1787121200959,160
1789311975748,1,0x8d47..e21d,0x8de1..4b05,2,171
1789311975748,1,0x8d47..e21d,0x8de0..3a51,1789116567671,214
1789311975748,1,0x8d47..e21d,0x8def..10d4,1786100006902,165
1789311975748,1,0x8d47..e21d,0x8deb..5ac9,1789169600032,196
1789311975748,1,0x8d47..e21d,0x8df4..caae,1783486569077,159
1789311975748,1,0x8d47..e21d,0x8df2..f7e8,1778756252208,159
1789311975748,1,0x8d47..e21d,0x8df0..7623,2,153
1789311975748,1,0x8d47..e21d,0x8df9..7380,56,237
1789311975748,1,0x8d47..e21d,0x8df8..9f64,1780065914229,165
1789311975748,1,0x8d47..e21d,0x8df8..c614,1767894935813,165
1789311975809,1,0x8d30..ccd4,0x8d5c..9f29,1788674848603,165
1789311975809,1,0x8d30..ccd4,0x8d71..7997,1181,239
1789311975809,1,0x8d30..ccd4,0x8d6c..9001,1788395307440,165
1789311975809,1,0x8d30..ccd4,0x8d55..15fa,1788386360293,165
1789311975809,1,0x8d30..ccd4,0x8d6e..b90b,1773662475942,173
1789311975809,1,0x8d30..ccd4,0x8d63..94ba,1759990392797,219
1789311975809,1,0x8d30..ccd4,0x8d5b..b877,1,154
1789311975809,1,0x8d30..ccd4,0x8d5e..4929,1785223110309,165
1789311975809,1,0x8d30..ccd4,0x8d5b..1b9e,3,153
1789311975809,1,0x8d30..ccd4,0x8d42..6653,1783718767291,159
1789311975809,1,0x8d30..ccd4,0x8d4c..743c,1777346262623,165
1789311975809,1,0x8d30..ccd4,0x8d79..9995,1772931377720,196
1789311975809,1,0x8d30..ccd4,0x8d49..d035,19,238
1789311975809,1,0x8d30..ccd4,0x8d54..93b0,1788444859130,165
1789311975809,1,0x8d30..ccd4,0x8d62..ba2a,1,154
1789311975809,1,0x8d30..ccd4,0x8df8..9f64,1780065914229,165
1789311975809,1,0x8dca..8f28,0x8df5..50f6,1788431326827,165
1789311975809,1,0x8dca..8f28,0x8dec..b5e9,4,237
1789311975809,1,0x8dca..8f28,0x8de4..ed75,1763370033518,218
1789311975809,1,0x8dca..8f28,0x8deb..5ac9,1789169600032,196
1789311975809,1,0x8dca..8f28,0x8de0..3a51,1789116567671,214
1789311975809,1,0x8dca..8f28,0x8df8..9f64,1780065914229,165
1789311975809,1,0x8dca..8f28,0x8df6..1ae3,1774552268764,173
1789311975809,1,0x8dca..8f28,0x8df9..7380,56,237
1789311975809,1,0x8dca..8f28,0x8de1..4b05,2,171
1789311975809,1,0x8dca..8f28,0x8df0..7623,2,153
1789311975809,1,0x8dca..8f28,0x8df8..c614,1767894935813,165
1789311975809,1,0x8dca..8f28,0x8df4..caae,1783486569077,159
1789311975809,1,0x8dca..8f28,0x8dfd..5fe9,1788426857559,165
1789311975809,1,0x8dca..8f28,0x8de5..4f6c,2,153
1789311975809,1,0x8dca..8f28,0x8de1..87fd,1787121200959,160
1789311975809,1,0x8dca..8f28,0x8df2..f7e8,1778756252208,159
1789311975836,1,0x8d1c..fc47,0x8dc7..af65,1787668500533,165
1789311975836,1,0x8d1c..fc47,0x8ddb..43f7,2199,200
1789311975836,1,0x8d1c..fc47,0x8dec..b5e9,4,237
1789311975836,1,0x8d1c..fc47,0x8df8..c614,1767894935813,165
1789311975836,1,0x8d1c..fc47,0x8df4..caae,1783486569077,159
1789311975836,1,0x8d1c..fc47,0x8db5..2fdb,344,204
1789311975836,1,0x8d1c..fc47,0x8dcb..8809,1746717005210,165
1789311975836,1,0x8d1c..fc47,0x8dc9..f321,1757498781914,165
1789311975836,1,0x8d1c..fc47,0x8df2..f7e8,1778756252208,159
1789311975836,1,0x8d1c..fc47,0x8dc2..804e,1778432430998,165
1789311975836,1,0x8d1c..fc47,0x8dbd..fcb0,1603,256
1789311975836,1,0x8d1c..fc47,0x8df0..7623,2,153
1789311975836,1,0x8d1c..fc47,0x8de1..4b05,2,171
1789311975836,1,0x8d1c..fc47,0x8d95..50ca,1778974925908,165
1789311975836,1,0x8d1c..fc47,0x8dcc..aa4c,1764241654096,165
1789311975836,1,0x8d1c..fc47,0x8dd8..5121,983,182
1789311975849,1,0x8d00..76b7,0x8df2..f7e8,1778756252208,159
1789311975849,1,0x8d00..76b7,0x8dc9..f321,1757498781914,165
1789311975849,1,0x8d00..76b7,0x8dbd..fcb0,1603,256
1789311975849,1,0x8d00..76b7,0x8dc7..af65,1787668500533,165
1789311975849,1,0x8d00..76b7,0x8df0..7623,2,153
1789311975849,1,0x8d00..76b7,0x8df9..7380,56,237
1789311975849,1,0x8d00..76b7,0x8d8f..5833,46,237
1789311975849,1,0x8d00..76b7,0x8db5..2fdb,344,204
1789311975849,1,0x8d00..76b7,0x8dc2..2df4,1787872792334,169
1789311975849,1,0x8d00..76b7,0x8dcb..8809,1746717005210,165
1789311975849,1,0x8d00..76b7,0x8df8..c614,1767894935813,165
1789311975849,1,0x8d00..76b7,0x8de1..4b05,2,171
1789311975849,1,0x8d00..76b7,0x8dcc..c58a,1787442874726,159
1789311975849,1,0x8d00..76b7,0x8dca..8f28,26,174
1789311975849,1,0x8d00..76b7,0x8dc2..804e,1778432430998,165
1789311975849,1,0x8d00..76b7,0x8de1..87fd,1787121200959,160
1789311976099,1,0x8deb..5ac9,0x8d8b..ffac,1663261660688,165
1789311976099,1,0x8deb..5ac9,0x8d98..021d,1767957882555,165
1789311976099,1,0x8deb..5ac9,0x8db6..7f8a,3,153
1789311976099,1,0x8deb..5ac9,0x8d88..02bf,1780992125075,169
1789311976099,1,0x8deb..5ac9,0x8da3..159e,2,153
1789311976099,1,0x8deb..5ac9,0x8d95..50ca,1778974925908,165
1789311976099,1,0x8deb..5ac9,0x8db5..2fdb,344,204
1789311976099,1,0x8deb..5ac9,0x8db9..521b,1776911680870,165
1789311976099,1,0x8deb..5ac9,0x8d8f..5833,46,237
1789311976099,1,0x8deb..5ac9,0x8d91..38a4,235,155
1789311976099,1,0x8deb..5ac9,0x8d9d..7d45,5,284
1789311976099,1,0x8deb..5ac9,0x8da0..65c1,1762838144369,159
1789311976099,1,0x8deb..5ac9,0x8d8e..e69c,1734765208190,173
1789311976099,1,0x8deb..5ac9,0x8dbd..fcb0,1603,256
1789311976099,1,0x8deb..5ac9,0x8d8a..edbe,3,153
1789311976099,1,0x8deb..5ac9,0x8d32..3db2,1761583513277,165
1789311976138,1,0x8dec..b5e9,0x8dce..829f,1756801998857,165
1789311976138,1,0x8dec..b5e9,0x8dd8..5121,983,182
1789311976138,1,0x8dec..b5e9,0x8dc2..804e,1778432430998,165
1789311976138,1,0x8dec..b5e9,0x8ddb..43f7,2199,200
1789311976138,1,0x8dec..b5e9,0x8dc9..c8ec,1786670561573,222
1789311976138,1,0x8dec..b5e9,0x8dc8..bc70,1698624719931,173
1789311976138,1,0x8dec..b5e9,0x8dca..8f28,33,174
1789311976138,1,0x8dec..b5e9,0x8dcc..c58a,1787442874726,159
1789311976138,1,0x8dec..b5e9,0x8dd4..d295,3376,214
1789311976138,1,0x8dec..b5e9,0x8dcb..8809,1746717005210,165
1789311976138,1,0x8dec..b5e9,0x8dc7..af65,1787668500533,165
1789311976138,1,0x8dec..b5e9,0x8dd6..0d69,1780591387350,168
1789311976138,1,0x8dec..b5e9,0x8dc9..f321,1757498781914,165
1789311976138,1,0x8dec..b5e9,0x8dc2..2df4,1787872792334,169
1789311976138,1,0x8dec..b5e9,0x8dcc..aa4c,1764241654096,165
1789311976138,1,0x8dec..b5e9,0x8dd4..584e,1782726523440,165
1789311976151,1,0x8db5..2fdb,0x8da3..159e,2,153
1789311976151,1,0x8db5..2fdb,0x8da0..65c1,1762838144369,159
1789311976151,1,0x8db5..2fdb,0x8da0..421c,4,153
1789311976151,1,0x8db5..2fdb,0x8daf..5876,310,239
1789311976151,1,0x8db5..2fdb,0x8d87..dc61,1991,239
1789311976151,1,0x8db5..2fdb,0x8d91..38a4,235,155
1789311976151,1,0x8db5..2fdb,0x8d9d..7d45,5,284
1789311976151,1,0x8db5..2fdb,0x8d8a..edbe,3,153
1789311976151,1,0x8db5..2fdb,0x8d85..83ec,3220,224
1789311976151,1,0x8db5..2fdb,0x8d81..318e,1788165962909,159
1789311976151,1,0x8db5..2fdb,0x8d96..96b2,1751468197274,173
1789311976151,1,0x8db5..2fdb,0x8d95..50ca,1778974925908,165
1789311976151,1,0x8db5..2fdb,0x8d84..9e19,1744892508474,165
1789311976151,1,0x8db5..2fdb,0x8d8f..5833,46,237
1789311976151,1,0x8db5..2fdb,0x8d8b..ffac,1663261660688,165
1789311976151,1,0x8db5..2fdb,0x8db9..521b,1776911680870,165
1789311976164,1,0x8d8c..f2e2,0x8db6..7f8a,3,153
1789311976164,1,0x8d8c..f2e2,0x8daf..5876,310,239
1789311976164,1,0x8d8c..f2e2,0x8dc8..bc70,1698624719931,173
1789311976164,1,0x8d8c..f2e2,0x8df8..9f64,1780065914229,165
1789311976164,1,0x8d8c..f2e2,0x8d98..021d,1767957882555,165
1789311976164,1,0x8d8c..f2e2,0x8d91..38a4,235,155
1789311976164,1,0x8d8c..f2e2,0x8d95..50ca,1778974925908,165
1789311976180,1,0x8db9..521b,0x8da0..65c1,1762838144369,159
1789311976180,1,0x8db9..521b,0x8daf..5876,310,239
1789311976180,1,0x8db9..521b,0x8da3..b6ef,1756782020345,173
1789311976180,1,0x8db9..521b,0x8da3..159e,2,153
1789311976180,1,0x8db9..521b,0x8da0..421c,4,153
1789311976180,1,0x8db9..521b,0x8daf..5a4a,1772120043999,177
1789311976180,1,0x8db9..521b,0x8d81..318e,1788165962909,159
1789311976180,1,0x8db9..521b,0x8d87..764b,13,235
1789311976180,1,0x8db9..521b,0x8d98..021d,1767957882555,165
1789311976180,1,0x8db9..521b,0x8d91..38a4,235,155
1789311976180,1,0x8db9..521b,0x8d84..9e19,1744892508474,165
1789311976180,1,0x8db9..521b,0x8d88..02bf,1780992125075,169
1789311976180,1,0x8db9..521b,0x8d96..96b2,1751468197274,173
1789311976180,1,0x8db9..521b,0x8d95..50ca,1778974925908,165
1789311976180,1,0x8db9..521b,0x8d8c..f2e2,1729066535298,170
1789311976180,1,0x8db9..521b,0x8d9d..7d45,5,284
1789311976444,1,0x8db6..7f8a,0x8db9..14c8,1789199973280,159
1789311976444,1,0x8db6..7f8a,0x8db9..521b,1776911680870,165
1789311976444,1,0x8db6..7f8a,0x8dbf..437d,1788818112232,160
1789311976444,1,0x8db6..7f8a,0x8db9..8655,1767014739435,177
1789311976444,1,0x8db6..7f8a,0x8dbd..fcb0,1603,256
1789311976444,1,0x8db6..7f8a,0x8da1..d988,1789240694634,165
1789311976444,1,0x8db6..7f8a,0x8da7..3a14,1789254345486,160
1789311976444,1,0x8db6..7f8a,0x8da4..dcce,1,153
1789311976444,1,0x8db6..7f8a,0x8da0..421c,4,153
1789311976444,1,0x8db6..7f8a,0x8daf..5a4a,1772120043999,177
1789311976444,1,0x8db6..7f8a,0x8da3..b6ef,1756782020345,173
1789311976444,1,0x8db6..7f8a,0x8daf..5876,310,239
1789311976444,1,0x8db6..7f8a,0x8da3..159e,2,153
1789311976444,1,0x8db6..7f8a,0x8da0..65c1,1762838144369,159
1789311976444,1,0x8db6..7f8a,0x8dac..fd79,30,284
1789311976444,1,0x8db6..7f8a,0x8d85..83ec,3220,224
1789311976482,1,0x8d88..02bf,0x8dbf..437d,1788818112232,160
1789311976482,1,0x8d88..02bf,0x8da3..159e,2,153
1789311976482,1,0x8d88..02bf,0x8dbd..fcb0,1603,256
1789311976482,1,0x8d88..02bf,0x8db9..7303,1752473160778,165
1789311976482,1,0x8d88..02bf,0x8db9..521b,1776911680870,165
1789311976482,1,0x8d88..02bf,0x8dac..fd79,30,284
1789311976482,1,0x8d88..02bf,0x8db5..2fdb,344,204
1789311976482,1,0x8d88..02bf,0x8db6..7f8a,3,153
1789311976482,1,0x8d88..02bf,0x8ddb..43f7,2199,200
1789311976482,1,0x8d88..02bf,0x8df2..f7e8,1778756252208,159
1789311976482,1,0x8d88..02bf,0x8dc2..2df4,1787872792334,169
1789311976482,1,0x8d88..02bf,0x8df8..9f64,1780065914229,165
1789311976482,1,0x8d88..02bf,0x8dd4..584e,1782726523440,165
1789311976482,1,0x8d88..02bf,0x8df9..7380,56,237
1789311976482,1,0x8d88..02bf,0x8dca..8f28,26,174
1789311976482,1,0x8d88..02bf,0x8dcc..c58a,1787442874726,159
1789311976482,1,0x8dbd..fcb0,0x8db2..fba4,3,202
1789311976482,1,0x8dbd..fcb0,0x8db0..c009,1789066403562,159
1789311976482,1,0x8dbd..fcb0,0x8db2..e27e,1789303200523,140
1789311976482,1,0x8dbd..fcb0,0x8db5..2fdb,344,204
1789311976482,1,0x8dbd..fcb0,0x8db6..7f8a,3,153
1789311976482,1,0x8dbd..fcb0,0x8da0..9b33,1788988907791,159
1789311976482,1,0x8dbd..fcb0,0x8da1..d988,1789240694634,165
1789311976482,1,0x8dbd..fcb0,0x8da1..e290,1789114635748,159
1789311976482,1,0x8dbd..fcb0,0x8da7..3a14,1789254345486,160
1789311976482,1,0x8dbd..fcb0,0x8da9..55eb,1789075254350,165
1789311976482,1,0x8dbd..fcb0,0x8dad..60f9,1788940476477,165
1789311976482,1,0x8dbd..fcb0,0x8da4..dcce,1,153
1789311976482,1,0x8dbd..fcb0,0x8dac..fd79,30,284
1789311976482,1,0x8dbd..fcb0,0x8daf..5a4a,1772120043999,177
1789311976482,1,0x8dbd..fcb0,0x8da3..b6ef,1756782020345,173
1789311976482,1,0x8dbd..fcb0,0x8da0..421c,4,153
1789311976580,1,0x8d8f..5833,0x8d98..4ec1,1788666851313,140
1789311976580,1,0x8d8f..5833,0x8d98..2e3d,8,237
1789311976580,1,0x8d8f..5833,0x8d9e..9159,1788269694770,159
1789311976580,1,0x8d8f..5833,0x8d9a..948b,1788953942654,165
1789311976580,1,0x8d8f..5833,0x8d99..c00a,4,202
1789311976580,1,0x8d8f..5833,0x8d9a..856f,1787235214207,159
1789311976580,1,0x8d8f..5833,0x8d90..0178,1788571065869,160
1789311976580,1,0x8d8f..5833,0x8d90..6df6,1787862241855,165
1789311976580,1,0x8d8f..5833,0x8d94..2470,8,237
1789311976580,1,0x8d8f..5833,0x8d9e..b4ec,1787069862763,165
1789311976580,1,0x8d8f..5833,0x8d96..ec2c,1788173253516,140
1789311976580,1,0x8d8f..5833,0x8d96..96b2,1751468197274,173
1789311976580,1,0x8d8f..5833,0x8d9e..6a2f,7,202
1789311976580,1,0x8d8f..5833,0x8d9d..7d45,5,284
1789311976580,1,0x8d8f..5833,0x8d98..021d,1767957882555,165
1789311976580,1,0x8d8f..5833,0x8d95..50ca,1778974925908,165
1789311976743,1,0x8d8b..ffac,0x8db9..521b,1776911680870,165
1789311976743,1,0x8d8b..ffac,0x8db9..7303,1752473160778,165
1789311976743,1,0x8d8b..ffac,0x8da0..421c,4,153
1789311976743,1,0x8d8b..ffac,0x8db5..2fdb,344,204
1789311976743,1,0x8d8b..ffac,0x8da0..65c1,1762838144369,159
1789311976743,1,0x8d8b..ffac,0x8db6..7f8a,3,153
1789311976743,1,0x8d8b..ffac,0x8dac..fd79,30,284
1789311976743,1,0x8d8b..ffac,0x8daf..5a4a,1772120043999,177
1789311976743,1,0x8d8b..ffac,0x8dbd..fcb0,1603,256
1789311976743,1,0x8d8b..ffac,0x8dcc..c58a,1787442874726,159
1789311976743,1,0x8d8b..ffac,0x8df8..9f64,1780065914229,165
1789311976743,1,0x8d8b..ffac,0x8deb..5ac9,1789169600032,196
1789311976743,1,0x8d8b..ffac,0x8de1..87fd,1787121200959,160
1789311976743,1,0x8d8b..ffac,0x8dc9..f321,1757498781914,165
1789311976743,1,0x8d8b..ffac,0x8dc2..2df4,1787872792334,169
1789311976743,1,0x8d8b..ffac,0x8dd4..584e,1782726523440,165
1789311978246,1,0x8d9d..7d45,0x8d8c..f2e2,1729066535298,170
1789311978246,1,0x8d9d..7d45,0x8d80..00ad,1789175673638,160
1789311978246,1,0x8d9d..7d45,0x8d88..43ef,1789239753793,145
1789311978246,1,0x8d9d..7d45,0x8d85..e5cf,1789295172903,165
1789311978246,1,0x8d9d..7d45,0x8d8a..edbe,3,153
1789311978246,1,0x8d9d..7d45,0x8d81..318e,1788165962909,159
1789311978246,1,0x8d9d..7d45,0x8d87..5a10,1789310313800,145
1789311978246,1,0x8d9d..7d45,0x8d84..9e19,1744892508474,165
1789311978246,1,0x8d9d..7d45,0x8da7..3a14,1789254345486,160
1789311978246,1,0x8d9d..7d45,0x8da0..e0ff,1789258112280,145
1789311978246,1,0x8d9d..7d45,0x8da0..421c,4,153
1789311978246,1,0x8d9d..7d45,0x8da3..159e,2,153
1789311978246,1,0x8d9d..7d45,0x8da4..dcce,1,153
1789311978246,1,0x8d9d..7d45,0x8db2..e27e,1789303200523,140
1789311978246,1,0x8d9d..7d45,0x8da0..65c1,1762838144369,159
1789311978246,1,0x8d9d..7d45,0x8db9..14c8,1789199973280,159
1789311978338,1,0x8d98..021d,0x8db9..8655,1767014739435,177
1789311978338,1,0x8d98..021d,0x8daf..5a4a,1772120043999,177
1789311978338,1,0x8d98..021d,0x8dbf..437d,1788818112232,160
1789311978338,1,0x8d98..021d,0x8daf..5876,310,239
1789311978338,1,0x8d98..021d,0x8da0..65c1,1762838144369,159
1789311978338,1,0x8d98..021d,0x8db6..7f8a,3,153
1789311978338,1,0x8d98..021d,0x8db9..7303,1752473160778,165
1789311978338,1,0x8d98..021d,0x8dac..fd79,30,284
1789311978338,1,0x8d98..021d,0x8dbd..fcb0,1603,256
1789311978338,1,0x8d98..021d,0x8db9..521b,1776911680870,165
1789311978338,1,0x8d98..021d,0x8da0..421c,4,153
1789311978338,1,0x8d98..021d,0x8dd6..0d69,1780591387350,168
1789311978338,1,0x8d98..021d,0x8df0..7623,2,153
1789311978338,1,0x8d98..021d,0x8dec..b5e9,4,237
1789311978338,1,0x8d98..021d,0x8df2..f7e8,1778756252208,159
1789311978338,1,0x8d98..021d,0x8dc2..804e,1778432430998,165
1789311978847,1,0x8d95..50ca,0x8db9..8655,1767014739435,177
1789311978847,1,0x8d95..50ca,0x8db9..521b,1776911680870,165
1789311978847,1,0x8d95..50ca,0x8db6..7f8a,3,153
1789311978847,1,0x8d95..50ca,0x8da3..159e,2,153
1789311978847,1,0x8d95..50ca,0x8db9..7303,1752473160778,165
1789311978847,1,0x8d95..50ca,0x8dbf..437d,1788818112232,160
1789311978847,1,0x8d95..50ca,0x8db5..2fdb,344,204
1789311978847,1,0x8d95..50ca,0x8da0..421c,4,153
1789311978847,1,0x8d95..50ca,0x8daf..5876,310,239
1789311978847,1,0x8d95..50ca,0x8dbd..fcb0,1603,256
1789311978847,1,0x8d95..50ca,0x8dc9..f321,1757498781914,165
1789311978847,1,0x8d95..50ca,0x8df8..c614,1767894935813,165
1789311978847,1,0x8d95..50ca,0x8dd8..5121,983,182
1789311978847,1,0x8d95..50ca,0x8dca..8f28,26,174
1789311978847,1,0x8d95..50ca,0x8df8..9f64,1780065914229,165
1789311978847,1,0x8d95..50ca,0x8dc2..804e,1778432430998,165
1789311979266,1,0x8dfd..5fe9,0x8d87..764b,13,235
1789311979266,1,0x8dfd..5fe9,0x8db6..7f8a,3,153
1789311979266,1,0x8dfd..5fe9,0x8d8e..e69c,1734765208201,173
1789311979266,1,0x8dfd..5fe9,0x8d95..50ca,1778974925908,165
1789311979266,1,0x8dfd..5fe9,0x8d91..38a4,2,154
1789311979266,1,0x8dfd..5fe9,0x8d3c..7bf7,1788566441861,165
1789311979266,1,0x8dfd..5fe9,0x8d20..0f11,4,237
1789311979266,1,0x8dfd..5fe9,0x8d69..ae5d,62,237
1789311979266,1,0x8dfd..5fe9,0x8d30..ccd4,4,237
1789311979266,1,0x8dfd..5fe9,0x8d62..ba2a,1,154
1789311979266,1,0x8dfd..5fe9,0x8d16..1913,8,213
1789311979266,1,0x8dfd..5fe9,0x8d40..6f7b,1789056279326,201
1789311979266,1,0x8dfd..5fe9,0x8d3b..8c6a,590,239
1789311979266,1,0x8dfd..5fe9,0x8d0d..276b,55,237
1789311979266,1,0x8dfd..5fe9,0x8d09..d963,1,153
1789311979266,1,0x8dfd..5fe9,0x8d4c..743c,1777346262623,165
1789311979451,1,0x8df8..9f64,0x8d84..9e19,1744892508474,165
1789311979451,1,0x8df8..9f64,0x8db5..2fdb,344,204
1789311979451,1,0x8df8..9f64,0x8db6..7f8a,3,153
1789311979451,1,0x8df8..9f64,0x8d91..38a4,235,155
1789311979451,1,0x8df8..9f64,0x8d8c..f2e2,1729066535298,170
1789311979451,1,0x8df8..9f64,0x8d95..50ca,1778974925908,165
1789311979451,1,0x8df8..9f64,0x8d8b..ffac,1663261660688,165
1789311979451,1,0x8df8..9f64,0x8d9d..7d45,5,284
1789311979451,1,0x8df8..9f64,0x8db9..7303,1752473160778,165
1789311979451,1,0x8df8..9f64,0x8d87..dc61,1991,239
1789311979451,1,0x8df8..9f64,0x8d98..021d,1767957882555,165
1789311979451,1,0x8df8..9f64,0x8dbd..fcb0,1603,256
1789311979451,1,0x8df8..9f64,0x8d8f..5833,46,237
1789311979451,1,0x8df8..9f64,0x8d88..02bf,1780992125075,169
1789311979451,1,0x8df8..9f64,0x8db9..521b,1776911680870,165
1789311979451,1,0x8df8..9f64,0x8da0..421c,4,153
1789311979572,1,0x8df8..c614,0x8db9..8655,1767014739435,177
1789311979572,1,0x8df8..c614,0x8d95..50ca,1778974925908,165
1789311979572,1,0x8df8..c614,0x8da0..421c,4,153
1789311979572,1,0x8df8..c614,0x8d98..021d,1767957882555,165
1789311979572,1,0x8df8..c614,0x8dbd..fcb0,1603,256
1789311979572,1,0x8df8..c614,0x8da3..159e,2,153
1789311979572,1,0x8df8..c614,0x8d8c..f2e2,1729066535298,170
1789311979572,1,0x8df8..c614,0x8db9..521b,1776911680870,165
1789311979572,1,0x8df8..c614,0x8db6..7f8a,3,153
1789311979572,1,0x8df8..c614,0x8daf..5876,310,239
1789311979572,1,0x8df8..c614,0x8d9d..7d45,5,284
1789311979572,1,0x8df8..c614,0x8d8b..ffac,1663261660688,165
1789311979572,1,0x8df8..c614,0x8db5..2fdb,344,204
1789311979572,1,0x8df8..c614,0x8d87..dc61,1991,239
1789311979572,1,0x8df8..c614,0x8d91..38a4,235,155
1789311979572,1,0x8df8..c614,0x8d8f..5833,46,237
1789311979572,1,0x8df4..caae,0x8d8c..f2e2,1729066535298,170
1789311979572,1,0x8df4..caae,0x8dac..fd79,30,284
1789311979572,1,0x8df4..caae,0x8da3..159e,2,153
1789311979572,1,0x8df4..caae,0x8d8b..ffac,1663261660688,165
1789311979572,1,0x8df4..caae,0x8d8f..5833,46,237
1789311979572,1,0x8df4..caae,0x8d9d..7d45,5,284
1789311979572,1,0x8df4..caae,0x8dbd..fcb0,1603,256
1789311979572,1,0x8df4..caae,0x8d98..021d,1767957882555,165
1789311979572,1,0x8df4..caae,0x8db5..2fdb,344,204
1789311979572,1,0x8df4..caae,0x8d88..02bf,1780992125075,169
1789311979572,1,0x8df4..caae,0x8d95..50ca,1778974925908,165
1789311979572,1,0x8df4..caae,0x8db9..8655,1767014739435,177
1789311979572,1,0x8df4..caae,0x8d91..38a4,235,155
1789311979572,1,0x8df4..caae,0x8db9..521b,1776911680870,165
1789311979572,1,0x8df4..caae,0x8db6..7f8a,3,153
1789311979572,1,0x8df4..caae,0x8d49..d035,19,238
1789311979634,1,0x8df9..7380,0x8dd8..5121,983,182
1789311979634,1,0x8df9..7380,0x8dcc..b87e,1765292110172,173
1789311979634,1,0x8df9..7380,0x8dcd..f006,1763022157185,218
1789311979634,1,0x8df9..7380,0x8dce..aadf,1788158000513,165
1789311979634,1,0x8df9..7380,0x8dd4..584e,1782726523440,165
1789311979634,1,0x8df9..7380,0x8dc2..804e,1778432430998,165
1789311979634,1,0x8df9..7380,0x8dcb..8809,1746717005210,165
1789311979634,1,0x8df9..7380,0x8ddb..43f7,2199,200
1789311979634,1,0x8df9..7380,0x8dca..8f28,26,174
1789311979634,1,0x8df9..7380,0x8dcc..aa4c,1764241654096,165
1789311979634,1,0x8df9..7380,0x8dc2..2df4,1787872792334,169
1789311979634,1,0x8df9..7380,0x8dcc..c58a,1787442874726,159
1789311979634,1,0x8df9..7380,0x8dc7..af65,1787668500533,165
1789311979634,1,0x8df9..7380,0x8dc9..f321,1757498781914,165
1789311979634,1,0x8df9..7380,0x8dd6..0d69,1780591387350,168
1789311979634,1,0x8df9..7380,0x8dc4..a287,104,238
1789311979648,1,0x8df5..50f6,0x8d8f..5833,46,237
1789311979648,1,0x8df5..50f6,0x8da0..421c,4,153
1789311979648,1,0x8df5..50f6,0x8db6..7f8a,3,153
1789311979648,1,0x8df5..50f6,0x8d1f..fc43,1785809085110,165
1789311979648,1,0x8df5..50f6,0x8d62..ba2a,1,154
1789311979648,1,0x8df5..50f6,0x8d53..729b,362,240
1789311979648,1,0x8df5..50f6,0x8d20..0f11,4,237
1789311979648,1,0x8df5..50f6,0x8d54..93b0,1788444859130,165
1789311979648,1,0x8df5..50f6,0x8d32..3db2,1761583513277,165
1789311979648,1,0x8df5..50f6,0x8d1a..56ba,1780153222814,162
1789311979648,1,0x8df5..50f6,0x8d40..6f7b,1789056279326,201
1789311979648,1,0x8df5..50f6,0x8d69..ae5d,62,237
1789311979648,1,0x8df5..50f6,0x8d3c..7bf7,1788566441861,165
1789311979648,1,0x8df5..50f6,0x8d09..d963,1,153
1789311979648,1,0x8df5..50f6,0x8d3b..8c6a,590,239
1789311979648,1,0x8df5..50f6,0x8d5b..b877,1,154
1789311979658,1,0x8de1..87fd,0x8dbd..fcb0,1603,256
1789311979658,1,0x8de1..87fd,0x8d87..764b,13,235
1789311979658,1,0x8de1..87fd,0x8d8f..5833,46,237
1789311979658,1,0x8de1..87fd,0x8db6..7f8a,3,153
1789311979658,1,0x8de1..87fd,0x8d98..021d,1767957882555,165
1789311979658,1,0x8de1..87fd,0x8d9d..7d45,5,284
1789311979658,1,0x8de1..87fd,0x8db5..2fdb,344,204
1789311979658,1,0x8de1..87fd,0x8db9..521b,1776911680870,165
1789311979658,1,0x8de1..87fd,0x8da0..65c1,1762838144369,159
1789311979659,1,0x8de1..87fd,0x8da3..159e,2,153
1789311979659,1,0x8de1..87fd,0x8da0..421c,4,153
1789311979659,1,0x8de1..87fd,0x8d8c..f2e2,1729066535298,170
1789311979659,1,0x8de1..87fd,0x8d95..50ca,1778974925908,165
1789311979659,1,0x8de1..87fd,0x8d8b..ffac,1663261660688,165
1789311979659,1,0x8de1..87fd,0x8da7..b71d,1765354257836,159
1789311979659,1,0x8de1..87fd,0x8d36..8b61,1681341421986,165
1789311979798,1,0x8dcc..aa4c,0x8d8b..ffac,1663261660688,165
1789311979798,1,0x8dcc..aa4c,0x8db9..521b,1776911680870,165
1789311979798,1,0x8dcc..aa4c,0x8d88..02bf,1780992125075,169
1789311979798,1,0x8dcc..aa4c,0x8d84..9e19,1744892508474,165
1789311979798,1,0x8dcc..aa4c,0x8d9d..7d45,5,284
1789311979798,1,0x8dcc..aa4c,0x8db9..8655,1767014739435,177
1789311979798,1,0x8dcc..aa4c,0x8d8c..f2e2,1729066535298,170
1789311979798,1,0x8dcc..aa4c,0x8d98..021d,1767957882555,165
1789311979798,1,0x8dcc..aa4c,0x8dbd..fcb0,1603,256
1789311979798,1,0x8dcc..aa4c,0x8da3..b6ef,1756782020345,173
1789311979798,1,0x8dcc..aa4c,0x8d8f..5833,46,237
1789311979798,1,0x8dcc..aa4c,0x8dbf..437d,1788818112232,160
1789311979798,1,0x8dcc..aa4c,0x8d95..50ca,1778974925908,165
1789311979798,1,0x8dcc..aa4c,0x8db5..2fdb,344,204
1789311979798,1,0x8dcc..aa4c,0x8db6..7f8a,3,153
1789311979798,1,0x8dcc..aa4c,0x8da0..421c,4,153
1789311979818,1,0x8dcc..c58a,0x8db9..521b,1776911680870,165
1789311979818,1,0x8dcc..c58a,0x8da0..421c,4,153
1789311979818,1,0x8dcc..c58a,0x8d88..02bf,1780992125075,169
1789311979818,1,0x8dcc..c58a,0x8d8f..5833,46,237
1789311979818,1,0x8dcc..c58a,0x8d91..38a4,2,154
1789311979818,1,0x8dcc..c58a,0x8db9..8655,1767014739435,177
1789311979818,1,0x8dcc..c58a,0x8db6..7f8a,3,153
1789311979818,1,0x8dcc..c58a,0x8daf..5a4a,1772120043999,177
1789311979818,1,0x8dcc..c58a,0x8d8b..ffac,1663261660688,165
1789311979818,1,0x8dcc..c58a,0x8d95..50ca,1778974925908,165
1789311979818,1,0x8dcc..c58a,0x8db5..2fdb,344,204
1789311979818,1,0x8dcc..c58a,0x8d85..83ec,3220,224
1789311979818,1,0x8dcc..c58a,0x8d98..021d,1767957882555,165
1789311979818,1,0x8dcc..c58a,0x8dbd..fcb0,1603,256
1789311979818,1,0x8dcc..c58a,0x8d8c..f2e2,1729066535298,170
1789311979818,1,0x8dcc..c58a,0x8d9d..7d45,5,284
1789311979836,1,0x8df0..7623,0x8ddd..a346,1782371404121,219
1789311979836,1,0x8df0..7623,0x8dd8..5121,983,182
1789311979836,1,0x8df0..7623,0x8dd6..0d69,1780591387350,168
1789311979836,1,0x8df0..7623,0x8dc7..cd34,1746126034474,168
1789311979836,1,0x8df0..7623,0x8dd4..584e,1782726523440,165
1789311979836,1,0x8df0..7623,0x8ddb..43f7,2199,200
1789311979836,1,0x8df0..7623,0x8dc2..2df4,1787872792334,169
1789311979836,1,0x8df0..7623,0x8dc9..f321,1757498781914,165
1789311979836,1,0x8df0..7623,0x8dcc..aa4c,1764241654096,165
1789311979836,1,0x8df0..7623,0x8dcc..c58a,1787442874726,159
1789311979836,1,0x8df0..7623,0x8dcd..fbdb,2,154
1789311979836,1,0x8df0..7623,0x8dcb..8809,1746717005210,165
1789311979836,1,0x8df0..7623,0x8dca..8f28,33,174
1789311979836,1,0x8df0..7623,0x8dcc..b87e,1765292110172,173
1789311979836,1,0x8df0..7623,0x8dce..aadf,1788158000513,165
1789311979836,1,0x8df0..7623,0x8dc8..bc70,1698624719931,173
1789311980119,1,0x8dc4..a287,0x8dbf..437d,1788818112232,160
1789311980119,1,0x8dc4..a287,0x8d91..38a4,2,154
1789311980119,1,0x8dc4..a287,0x8de9..13d2,1,153
1789311980119,1,0x8dc4..a287,0x8dfd..5fe9,1788426857559,165
1789311980119,1,0x8dc4..a287,0x8de5..4f6c,2,153
1789311980119,1,0x8dc4..a287,0x8df5..50f6,1788431326827,165
1789311980119,1,0x8dc4..a287,0x8df6..1ae3,1774552268764,173
1789311980119,1,0x8dc4..a287,0x8def..10d4,1786100006902,165
1789311980119,1,0x8dc4..a287,0x8df8..9f64,1780065914229,165
1789311980119,1,0x8dc4..a287,0x8deb..5ac9,1789169600032,196
1789311980119,1,0x8dc4..a287,0x8df2..f7e8,1778756252208,159
1789311980119,1,0x8dc4..a287,0x8df0..7623,2,153
1789311980119,1,0x8dc4..a287,0x8df4..caae,1783486569077,159
1789311980119,1,0x8dc4..a287,0x8df8..c614,1767894935813,165
1789311980119,1,0x8dc4..a287,0x8de1..4b05,1,154
1789311980119,1,0x8dc4..a287,0x8dfe..7dc4,1757497173111,165
1789311980193,1,0x8dcb..8809,0x8dbd..fcb0,1603,256
1789311980193,1,0x8dcb..8809,0x8d95..50ca,1778974925908,165
1789311980193,1,0x8dcb..8809,0x8d91..38a4,235,155
1789311980193,1,0x8dcb..8809,0x8db6..7f8a,3,153
1789311980193,1,0x8dcb..8809,0x8da0..421c,4,153
1789311980193,1,0x8dcb..8809,0x8d8f..5833,46,237
1789311980193,1,0x8dcb..8809,0x8d84..9e19,1744892508474,165
1789311980193,1,0x8dcb..8809,0x8db9..7303,1752473160778,165
1789311980193,1,0x8dcb..8809,0x8d8b..ffac,1663261660688,165
1789311980193,1,0x8dcb..8809,0x8da0..65c1,1762838144369,159
1789311980193,1,0x8dcb..8809,0x8db9..521b,1776911680870,165
1789311980193,1,0x8dcb..8809,0x8d98..021d,1767957882555,165
1789311980193,1,0x8dcb..8809,0x8d87..764b,13,235
1789311980193,1,0x8dcb..8809,0x8db5..2fdb,344,204
1789311980193,1,0x8dcb..8809,0x8d9d..7d45,5,284
1789311980193,1,0x8dcb..8809,0x8daf..5a4a,1772120043999,177
1789311980247,1,0x8dc7..af65,0x8daf..5876,310,239
1789311980247,1,0x8dc7..af65,0x8d8f..5833,46,237
1789311980247,1,0x8dc7..af65,0x8d95..50ca,1778974925908,165
1789311980247,1,0x8dc7..af65,0x8d96..96b2,1751468197274,173
1789311980247,1,0x8dc7..af65,0x8db6..7f8a,3,153
1789311980247,1,0x8dc7..af65,0x8dbf..437d,1788818112232,160
1789311980247,1,0x8dc7..af65,0x8d8c..f2e2,1729066535298,170
1789311980247,1,0x8dc7..af65,0x8d91..38a4,235,155
1789311980247,1,0x8dc7..af65,0x8db9..521b,1776911680870,165
1789311980247,1,0x8dc7..af65,0x8d8b..ffac,1663261660688,165
1789311980247,1,0x8dc7..af65,0x8da0..421c,4,153
1789311980247,1,0x8dc7..af65,0x8d9d..7d45,5,284
1789311980247,1,0x8dc7..af65,0x8d98..021d,1767957882555,165
1789311980247,1,0x8dc7..af65,0x8d88..02bf,1780992125075,169
1789311980247,1,0x8dc7..af65,0x8dbd..fcb0,1603,256
1789311980247,1,0x8dc7..af65,0x8da3..b6ef,1756782020345,173
1789311980366,1,0x8dc9..f321,0x8db9..521b,1776911680870,165
1789311980366,1,0x8dc9..f321,0x8d91..38a4,235,155
1789311980366,1,0x8dc9..f321,0x8d85..83ec,3220,224
1789311980366,1,0x8dc9..f321,0x8d98..021d,1767957882555,165
1789311980366,1,0x8dc9..f321,0x8da0..421c,4,153
1789311980366,1,0x8dc9..f321,0x8d95..50ca,1778974925908,165
1789311980366,1,0x8dc9..f321,0x8d8b..ffac,1663261660688,165
1789311980366,1,0x8dc9..f321,0x8dbd..fcb0,1603,256
1789311980366,1,0x8dc9..f321,0x8db9..8655,1767014739435,177
1789311980366,1,0x8dc9..f321,0x8d8a..edbe,3,153
1789311980366,1,0x8dc9..f321,0x8db6..7f8a,3,153
1789311980366,1,0x8dc9..f321,0x8da0..65c1,1762838144369,159
1789311980366,1,0x8dc9..f321,0x8d87..764b,13,235
1789311980366,1,0x8dc9..f321,0x8d8f..5833,46,237
1789311980366,1,0x8dc9..f321,0x8d28..4f87,141,238
1789311980366,1,0x8dc9..f321,0x8d25..1c91,1788351660872,165
1789311980530,1,0x8dc2..804e,0x8da0..421c,4,153
1789311980530,1,0x8dc2..804e,0x8d8c..f2e2,1729066535298,170
1789311980530,1,0x8dc2..804e,0x8d8f..5833,46,237
1789311980530,1,0x8dc2..804e,0x8db9..7303,1752473160778,165
1789311980530,1,0x8dc2..804e,0x8d96..96b2,1751468197274,173
1789311980530,1,0x8dc2..804e,0x8da3..159e,2,153
1789311980530,1,0x8dc2..804e,0x8db9..8655,1767014739435,177
1789311980530,1,0x8dc2..804e,0x8d98..021d,1767957882555,165
1789311980530,1,0x8dc2..804e,0x8d87..dc61,1991,239
1789311980530,1,0x8dc2..804e,0x8d9d..7d45,5,284
1789311980530,1,0x8dc2..804e,0x8daf..5a4a,1772120043999,177
1789311980530,1,0x8dc2..804e,0x8d95..50ca,1778974925908,165
1789311980530,1,0x8dc2..804e,0x8d85..83ec,3220,224
1789311980530,1,0x8dc2..804e,0x8d79..9995,1772931377720,196
1789311980530,1,0x8dc2..804e,0x8d31..daa5,1762838144312,159
1789311980530,1,0x8dc2..804e,0x8d62..ba2a,1,154
1789311980581,1,0x8dc2..2df4,0x8dbd..fcb0,1603,256
1789311980581,1,0x8dc2..2df4,0x8d8b..ffac,1663261660688,165
1789311980581,1,0x8dc2..2df4,0x8d8f..5833,46,237
1789311980581,1,0x8dc2..2df4,0x8d87..764b,13,235
1789311980581,1,0x8dc2..2df4,0x8da0..421c,4,153
1789311980581,1,0x8dc2..2df4,0x8d98..021d,1767957882555,165
1789311980581,1,0x8dc2..2df4,0x8db5..2fdb,344,204
1789311980581,1,0x8dc2..2df4,0x8d96..96b2,1751468197274,173
1789311980581,1,0x8dc2..2df4,0x8d91..38a4,235,155
1789311980581,1,0x8dc2..2df4,0x8d88..02bf,1780992125075,169
1789311980581,1,0x8dc2..2df4,0x8d84..9e19,1744892508474,165
1789311980581,1,0x8dc2..2df4,0x8d8c..f2e2,1729066535298,170
1789311980581,1,0x8dc2..2df4,0x8d9d..7d45,5,284
1789311980581,1,0x8dc2..2df4,0x8da0..65c1,1762838144369,159
1789311980581,1,0x8dc2..2df4,0x8db6..7f8a,3,153
1789311980581,1,0x8dc2..2df4,0x8d95..50ca,1778974925908,165
1789311980762,1,0x8ddb..43f7,0x8df6..1ae3,1774552268764,173
1789311980762,1,0x8ddb..43f7,0x8de1..a9ab,1786030762042,145
1789311980762,1,0x8ddb..43f7,0x8df4..4986,1,154
1789311980762,1,0x8ddb..43f7,0x8de1..366d,144,238
1789311980762,1,0x8ddb..43f7,0x8df9..7380,56,237
1789311980762,1,0x8ddb..43f7,0x8def..10d4,1786100006902,165
1789311980762,1,0x8ddb..43f7,0x8df5..50f6,1788431326827,165
1789311980762,1,0x8ddb..43f7,0x8dec..b5e9,4,237
1789311980762,1,0x8ddb..43f7,0x8df8..9f64,1780065914229,165
1789311980762,1,0x8ddb..43f7,0x8df0..7623,2,153
1789311980762,1,0x8ddb..43f7,0x8df2..f7e8,1778756252208,159
1789311980762,1,0x8ddb..43f7,0x8df4..caae,1783486569077,159
1789311980762,1,0x8ddb..43f7,0x8de1..4b05,2,171
1789311980762,1,0x8ddb..43f7,0x8de0..3a51,1789116567671,214
1789311980762,1,0x8ddb..43f7,0x8de1..87fd,1787121200959,160
1789311980762,1,0x8ddb..43f7,0x8df8..c614,1767894935813,165
1789311980827,1,0x8dd8..5121,0x8da0..65c1,1762838144369,159
1789311980827,1,0x8dd8..5121,0x8daf..5876,310,239
1789311980827,1,0x8dd8..5121,0x8d8f..5833,46,237
1789311980827,1,0x8dd8..5121,0x8da3..159e,2,153
1789311980827,1,0x8dd8..5121,0x8dac..fd79,30,284
1789311980827,1,0x8dd8..5121,0x8d8a..edbe,3,153
1789311980827,1,0x8dd8..5121,0x8d8b..ffac,1663261660688,165
1789311980827,1,0x8dd8..5121,0x8db5..2fdb,344,204
1789311980827,1,0x8dd8..5121,0x8d91..38a4,235,155
1789311980827,1,0x8dd8..5121,0x8d9d..7d45,5,284
1789311980827,1,0x8dd8..5121,0x8db9..8655,1767014739435,177
1789311980827,1,0x8dd8..5121,0x8d95..50ca,1778974925908,165
1789311980827,1,0x8dd8..5121,0x8da0..421c,4,153
1789311980827,1,0x8dd8..5121,0x8d87..dc61,1991,239
1789311980827,1,0x8dd8..5121,0x8db6..7f8a,3,153
1789311980827,1,0x8dd8..5121,0x8d12..3e2e,1760390676693,173
1789311980857,1,0x8dd6..0d69,0x8d9d..7d45,5,284
1789311980857,1,0x8dd6..0d69,0x8d85..83ec,3220,224
1789311980857,1,0x8dd6..0d69,0x8d95..50ca,1778974925908,165
1789311980857,1,0x8dd6..0d69,0x8da0..65c1,1762838144369,159
1789311980857,1,0x8dd6..0d69,0x8db6..7f8a,3,153
1789311980857,1,0x8dd6..0d69,0x8db9..521b,1776911680870,165
1789311980857,1,0x8dd6..0d69,0x8dbd..fcb0,1603,256
1789311980857,1,0x8dd6..0d69,0x8d8f..5833,46,237
1789311980857,1,0x8dd6..0d69,0x8d98..021d,1767957882555,165
1789311980857,1,0x8dd6..0d69,0x8d88..02bf,1780992125075,169
1789311980857,1,0x8dd6..0d69,0x8da0..421c,4,153
1789311980857,1,0x8dd6..0d69,0x8db9..7303,1752473160778,165
1789311980857,1,0x8dd6..0d69,0x8d8c..f2e2,1729066535298,170
1789311980857,1,0x8dd6..0d69,0x8d91..38a4,235,155
1789311980857,1,0x8dd6..0d69,0x8db5..2fdb,344,204
1789311980857,1,0x8dd6..0d69,0x8d8b..ffac,1663261660688,165
1789311980867,1,0x8dd4..584e,0x8db6..7f8a,3,153
1789311980867,1,0x8dd4..584e,0x8dbf..437d,1788818112232,160
1789311980867,1,0x8dd4..584e,0x8db9..521b,1776911680870,165
1789311980867,1,0x8dd4..584e,0x8d95..50ca,1778974925908,165
1789311980867,1,0x8dd4..584e,0x8d88..02bf,1780992125075,169
1789311980867,1,0x8dd4..584e,0x8d98..021d,1767957882555,165
1789311980867,1,0x8dd4..584e,0x8d8c..f2e2,1729066535298,170
1789311980867,1,0x8dd4..584e,0x8d91..38a4,235,155
1789311980867,1,0x8dd4..584e,0x8d87..764b,13,235
1789311980867,1,0x8dd4..584e,0x8dbd..fcb0,1603,256
1789311980867,1,0x8dd4..584e,0x8d9d..7d45,5,284
1789311980867,1,0x8dd4..584e,0x8da0..421c,4,153
1789311980867,1,0x8dd4..584e,0x8d8b..ffac,1663261660688,165
1789311980867,1,0x8dd4..584e,0x8da0..65c1,1762838144369,159
1789311980867,1,0x8dd4..584e,0x8db5..2fdb,344,204
1789311980867,1,0x8dd4..584e,0x8d8f..5833,46,237
1789311981005,1,0x8dfe..7dc4,0x8d88..02bf,1780992125075,169
1789311981005,1,0x8dfe..7dc4,0x8d9d..7d45,5,284
1789311981005,1,0x8dfe..7dc4,0x8db5..2fdb,344,204
1789311981005,1,0x8dfe..7dc4,0x8dbd..fcb0,1603,256
1789311981005,1,0x8dfe..7dc4,0x8d8c..f2e2,1729066535298,170
1789311981005,1,0x8dfe..7dc4,0x8d8b..ffac,1663261660688,165
1789311981005,1,0x8dfe..7dc4,0x8d95..50ca,1778974925908,165
1789311981005,1,0x8dfe..7dc4,0x8d98..021d,1767957882555,165
1789311981005,1,0x8dfe..7dc4,0x8db9..521b,1776911680870,165
1789311981005,1,0x8dfe..7dc4,0x8db6..7f8a,3,153
1789311981005,1,0x8dfe..7dc4,0x8da0..421c,4,153
1789311981005,1,0x8dfe..7dc4,0x8d1c..fc47,1782460547665,218
1789311981005,1,0x8dfe..7dc4,0x8d0d..276b,55,237
1789311981005,1,0x8dfe..7dc4,0x8d5c..9f29,1788674848603,165
1789311981005,1,0x8dfe..7dc4,0x8d4c..743c,1777346262623,165
1789311981005,1,0x8dfe..7dc4,0x8d5e..4929,1785223110309,165
1789311981027,1,0x8d25..1c91,0x8dc2..2df4,1787872792334,169
1789311981027,1,0x8d25..1c91,0x8df9..7380,56,237
1789311981027,1,0x8d25..1c91,0x8de1..4b05,2,171
1789311981027,1,0x8d25..1c91,0x8dd8..5121,983,182
1789311981027,1,0x8d25..1c91,0x8dcc..aa4c,1764241654096,165
1789311981027,1,0x8d25..1c91,0x8dc9..f321,1757498781914,165
1789311981027,1,0x8d25..1c91,0x8dd6..0d69,1780591387350,168
1789311981027,1,0x8d25..1c91,0x8df0..7623,2,153
1789311981027,1,0x8d25..1c91,0x8dca..8f28,26,174
1789311981027,1,0x8d25..1c91,0x8dcc..c58a,1787442874726,159
1789311981027,1,0x8d25..1c91,0x8d9d..7d45,5,284
1789311981027,1,0x8d25..1c91,0x8d8f..5833,46,237
1789311981027,1,0x8d25..1c91,0x8df8..c614,1767894935813,165
1789311981027,1,0x8d25..1c91,0x8dec..b5e9,4,237
1789311981027,1,0x8d25..1c91,0x8d98..021d,1767957882555,165
1789311981027,1,0x8d25..1c91,0x8dcb..8809,1746717005210,165
1789311981066,1,0x8dd4..d295,0x8d87..dc61,1991,239
1789311981066,1,0x8dd4..d295,0x8d91..38a4,235,155
1789311981066,1,0x8dd4..d295,0x8daf..5876,310,239
1789311981066,1,0x8dd4..d295,0x8d87..764b,13,235
1789311981066,1,0x8dd4..d295,0x8db5..2fdb,344,204
1789311981066,1,0x8dd4..d295,0x8d9d..7d45,5,284
1789311981066,1,0x8dd4..d295,0x8d88..02bf,1780992125075,169
1789311981066,1,0x8dd4..d295,0x8d95..50ca,1778974925908,165
1789311981066,1,0x8dd4..d295,0x8da3..159e,2,153
1789311981066,1,0x8dd4..d295,0x8da0..421c,4,153
1789311981066,1,0x8dd4..d295,0x8d8b..ffac,1663261660688,165
1789311981066,1,0x8dd4..d295,0x8d8f..5833,46,237
1789311981066,1,0x8dd4..d295,0x8da0..65c1,1762838144369,159
1789311981066,1,0x8dd4..d295,0x8d23..51d3,3,153
1789311981066,1,0x8dd4..d295,0x8d31..daa5,1762838144312,159
1789311981066,1,0x8dd4..d295,0x8d69..ae5d,62,237
1789311981121,1,0x8d28..4f87,0x8dcc..c58a,1787442874726,159
1789311981121,1,0x8d28..4f87,0x8d8c..f2e2,1729066535298,170
1789311981121,1,0x8d28..4f87,0x8da0..65c1,1762838144369,159
1789311981121,1,0x8d28..4f87,0x8d46..55ea,1783948857772,165
1789311981121,1,0x8d28..4f87,0x8d55..7e49,1787044838602,165
1789311981121,1,0x8d28..4f87,0x8d72..68e0,1788584221930,196
1789311981121,1,0x8d28..4f87,0x8d63..94ba,1759990392796,219
1789311981121,1,0x8d28..4f87,0x8d79..9995,1772931377718,196
1789311981121,1,0x8d28..4f87,0x8d6e..e79e,1789140195461,165
1789311981121,1,0x8d28..4f87,0x8d5b..b877,1,154
1789311981121,1,0x8d28..4f87,0x8d5e..4929,1785223110309,165
1789311981121,1,0x8d28..4f87,0x8d5c..9f29,1788674848603,165
1789311981121,1,0x8d28..4f87,0x8d62..ba2a,1,154
1789311981121,1,0x8d28..4f87,0x8d55..15fa,1788386360293,165
1789311981121,1,0x8d28..4f87,0x8d4c..743c,1777346262623,165
1789311981121,1,0x8d28..4f87,0x8d42..6653,1783718767291,159
1789311981196,1,0x8d36..8b61,0x8df2..f7e8,1778756252208,159
1789311981196,1,0x8d36..8b61,0x8df0..7623,2,153
1789311981196,1,0x8d36..8b61,0x8dc2..2df4,1787872792334,169
1789311981196,1,0x8d36..8b61,0x8dd6..0d69,1780591387350,168
1789311981196,1,0x8d36..8b61,0x8de1..4b05,2,171
1789311981196,1,0x8d36..8b61,0x8d95..50ca,1778974925908,165
1789311981196,1,0x8d36..8b61,0x8dcc..c58a,1787442874726,159
1789311981196,1,0x8d36..8b61,0x8df4..caae,1783486569077,159
1789311981196,1,0x8d36..8b61,0x8dca..8f28,26,174
1789311981196,1,0x8d36..8b61,0x8dcb..8809,1746717005210,165
1789311981196,1,0x8d36..8b61,0x8db6..7f8a,3,153
1789311981196,1,0x8d36..8b61,0x8def..10d4,1786100006902,165
1789311981196,1,0x8d36..8b61,0x8dcc..aa4c,1764241654096,165
1789311981196,1,0x8d36..8b61,0x8d98..021d,1767957882555,165
1789311981196,1,0x8d36..8b61,0x8dd8..5121,983,182
1789311981196,1,0x8d36..8b61,0x8d9d..7d45,5,284
1789311981198,1,0x8d3b..8c6a,0x8d71..5b37,2,154
1789311981198,1,0x8d3b..8c6a,0x8d63..94ba,1759990392797,219
1789311981198,1,0x8d3b..8c6a,0x8d79..9995,1772931377720,196
1789311981198,1,0x8d3b..8c6a,0x8d42..6653,1783718767291,159
1789311981198,1,0x8d3b..8c6a,0x8d62..ba2a,1,154
1789311981198,1,0x8d3b..8c6a,0x8d6c..9001,1788395307440,165
1789311981198,1,0x8d3b..8c6a,0x8d5e..4929,1785223110309,165
1789311981199,1,0x8d3b..8c6a,0x8d4c..743c,1777346262623,165
1789311981199,1,0x8d3b..8c6a,0x8d5b..b877,1,154
1789311981199,1,0x8d3b..8c6a,0x8def..10d4,1786100006902,165
1789311981199,1,0x8d3b..8c6a,0x8dca..8f28,3,154
1789311981199,1,0x8d3b..8c6a,0x8deb..5ac9,1789169600032,196
1789311981199,1,0x8d3b..8c6a,0x8df5..50f6,1788431326827,165
1789311981199,1,0x8d3b..8c6a,0x8df4..caae,1783486569077,159
1789311981199,1,0x8d3b..8c6a,0x8dc9..f321,1757498781914,165
1789311981199,1,0x8d3b..8c6a,0x8df2..f7e8,1778756252208,159
1789311981216,1,0x8d3c..7bf7,0x8dc7..af65,1787668500533,165
1789311981216,1,0x8d3c..7bf7,0x8df5..50f6,1788431326827,165
1789311981216,1,0x8d3c..7bf7,0x8df8..c614,1767894935813,165
1789311981216,1,0x8d3c..7bf7,0x8dd6..0d69,1780591387350,168
1789311981216,1,0x8d3c..7bf7,0x8def..10d4,1786100006902,165
1789311981216,1,0x8d3c..7bf7,0x8dd4..584e,1782726523440,165
1789311981216,1,0x8d3c..7bf7,0x8de1..4b05,2,171
1789311981216,1,0x8d3c..7bf7,0x8dcc..c58a,1787442874726,159
1789311981216,1,0x8d3c..7bf7,0x8df0..7623,2,153
1789311981216,1,0x8d3c..7bf7,0x8db6..7f8a,3,153
1789311981216,1,0x8d3c..7bf7,0x8de5..4f6c,2,153
1789311981216,1,0x8d3c..7bf7,0x8dd8..5121,983,182
1789311981216,1,0x8d3c..7bf7,0x8df4..caae,1783486569077,159
1789311981216,1,0x8d3c..7bf7,0x8dcc..aa4c,1764241654096,165
1789311981216,1,0x8d3c..7bf7,0x8dc2..2df4,1787872792334,169
1789311981216,1,0x8d3c..7bf7,0x8dc9..f321,1757498781914,165
1789311981286,1,0x8d20..0f11,0x8d54..93b0,1788444859130,165
1789311981286,1,0x8d20..0f11,0x8d49..d035,19,238
1789311981286,1,0x8d20..0f11,0x8d55..15fa,1788386360293,165
1789311981286,1,0x8d20..0f11,0x8d71..7997,1181,239
1789311981286,1,0x8d20..0f11,0x8d6c..9001,1788395307440,165
1789311981286,1,0x8d20..0f11,0x8d5c..9f29,1788674848603,165
1789311981286,1,0x8d20..0f11,0x8d41..fc1e,1773102232627,165
1789311981286,1,0x8d20..0f11,0x8d43..1385,1786650239991,166
1789311981286,1,0x8d20..0f11,0x8d63..94ba,1759990392797,219
1789311981286,1,0x8d20..0f11,0x8d79..9995,1772931377720,196
1789311981286,1,0x8d20..0f11,0x8d5e..4929,1785223110309,165
1789311981286,1,0x8d20..0f11,0x8d62..ba2a,1,154
1789311981286,1,0x8d20..0f11,0x8d4c..743c,1777346262623,165
1789311981286,1,0x8d20..0f11,0x8d5b..b877,1,154
1789311981286,1,0x8d20..0f11,0x8d5b..1b9e,3,153
1789311981286,1,0x8d20..0f11,0x8d42..6653,1783718767291,159
1789311981370,1,0x8d32..3db2,0x8df5..50f6,1788431326827,165
1789311981370,1,0x8d32..3db2,0x8dc2..804e,1778432430998,165
1789311981370,1,0x8d32..3db2,0x8dd6..0d69,1780591387350,168
1789311981370,1,0x8d32..3db2,0x8dd8..5121,983,182
1789311981370,1,0x8d32..3db2,0x8d8f..5833,46,237
1789311981370,1,0x8d32..3db2,0x8dbd..fcb0,1603,256
1789311981370,1,0x8d32..3db2,0x8ddb..43f7,2199,200
1789311981370,1,0x8d32..3db2,0x8df8..c614,1767894935813,165
1789311981370,1,0x8d32..3db2,0x8dec..b5e9,4,237
1789311981370,1,0x8d32..3db2,0x8d95..50ca,1778974925908,165
1789311981370,1,0x8d32..3db2,0x8de1..4b05,2,171
1789311981370,1,0x8d32..3db2,0x8df0..7623,2,153
1789311981370,1,0x8d32..3db2,0x8db5..2fdb,344,204
1789311981370,1,0x8d32..3db2,0x8de1..87fd,1787121200959,160
1789311981370,1,0x8d32..3db2,0x8dc2..2df4,1787872792334,169
1789311981370,1,0x8d32..3db2,0x8df4..caae,1783486569077,159
1789311981459,1,0x8d35..a352,0x8d6f..bf91,1788596885755,165
1789311981459,1,0x8d35..a352,0x8d79..9995,1772931377716,196
1789311981459,1,0x8d35..a352,0x8d40..9d74,1783948857773,165
1789311981459,1,0x8d35..a352,0x8d76..2b48,1787089911527,165
1789311981459,1,0x8d35..a352,0x8d5f..b00c,7,237
1789311981459,1,0x8d35..a352,0x8d4c..743c,1777346262623,165
1789311981459,1,0x8d35..a352,0x8d7c..cc0e,3,154
1789311981459,1,0x8d35..a352,0x8d5e..4929,1785223110309,165
1789311981459,1,0x8d35..a352,0x8d63..94ba,1759990392797,219
1789311981459,1,0x8d35..a352,0x8d5b..b877,1,154
1789311981459,1,0x8d35..a352,0x8d71..7997,1181,239
1789311981459,1,0x8d35..a352,0x8d42..6653,1783718767291,159
1789311981459,1,0x8d35..a352,0x8dc8..d0fa,3,238
1789311981459,1,0x8d35..a352,0x8d9e..b4ec,1787069862763,165
1789311981459,1,0x8d35..a352,0x8dd8..b020,1,153
1789311981459,1,0x8d35..a352,0x8dcc..aa4c,1764241654096,165
1789311981501,1,0x8d0d..276b,0x8d55..15fa,1788386360293,165
1789311981501,1,0x8d0d..276b,0x8d5f..b00c,7,237
1789311981501,1,0x8d0d..276b,0x8d5b..1b9e,3,153
1789311981501,1,0x8d0d..276b,0x8d71..5b37,2,154
1789311981501,1,0x8d0d..276b,0x8d54..93b0,1788444859130,165
1789311981501,1,0x8d0d..276b,0x8d7c..cc0e,3,154
1789311981501,1,0x8d0d..276b,0x8d79..9995,1772931377720,196
1789311981501,1,0x8d0d..276b,0x8d5c..9f29,1788674848603,165
1789311981501,1,0x8d0d..276b,0x8d62..ba2a,1,154
1789311981501,1,0x8d0d..276b,0x8d4c..743c,1777346262623,165
1789311981501,1,0x8d0d..276b,0x8d69..ae5d,62,237
1789311981501,1,0x8d0d..276b,0x8d5e..4929,1785223110309,165
1789311981501,1,0x8d0d..276b,0x8d47..e21d,4,204
1789311981501,1,0x8d0d..276b,0x8d42..6653,1783718767291,159
1789311981501,1,0x8d0d..276b,0x8d5b..b877,1,154
1789311981501,1,0x8d0d..276b,0x8d63..94ba,1759990392797,219
1789311981508,1,0x8d09..d963,0x8d47..e21d,4,204
1789311981508,1,0x8d09..d963,0x8d49..d035,19,238
1789311981508,1,0x8d09..d963,0x8d69..ae5d,62,237
1789311981508,1,0x8d09..d963,0x8d71..7997,1181,239
1789311981508,1,0x8d09..d963,0x8d42..6653,1783718767291,159
1789311981508,1,0x8d09..d963,0x8d62..ba2a,1,154
1789311981508,1,0x8d09..d963,0x8d63..94ba,1759990392797,219
1789311981508,1,0x8d09..d963,0x8d54..93b0,1788444859130,165
1789311981508,1,0x8d09..d963,0x8d5e..4929,1785223110309,165
1789311981508,1,0x8d09..d963,0x8d5c..9f29,1788674848603,165
1789311981508,1,0x8d09..d963,0x8d40..6f7b,1789056279326,201
1789311981508,1,0x8d09..d963,0x8d6c..9001,1788395307440,165
1789311981508,1,0x8d09..d963,0x8d7c..cc0e,3,154
1789311981508,1,0x8d09..d963,0x8d55..15fa,1788386360293,165
1789311981508,1,0x8d09..d963,0x8d79..9995,1772931377720,196
1789311981508,1,0x8d09..d963,0x8d5b..1b9e,3,153
1789311981688,1,0x8d1f..7daf,0x8dcc..c58a,1787442874726,159
1789311981688,1,0x8d1f..7daf,0x8df2..f7e8,1778756252208,159
1789311981688,1,0x8d1f..7daf,0x8dc4..a287,104,238
1789311981688,1,0x8d1f..7daf,0x8df4..caae,1783486569077,159
1789311981688,1,0x8d1f..7daf,0x8db9..521b,1776911680870,165
1789311981688,1,0x8d1f..7daf,0x8dc2..804e,1778432430998,165
1789311981688,1,0x8d1f..7daf,0x8df0..7623,2,153
1789311981688,1,0x8d1f..7daf,0x8dec..b5e9,4,237
1789311981688,1,0x8d1f..7daf,0x8df8..c614,1767894935813,165
1789311981688,1,0x8d1f..7daf,0x8dc2..2df4,1787872792334,169
1789311981688,1,0x8d1f..7daf,0x8de1..4b05,2,171
1789311981688,1,0x8d1f..7daf,0x8dcb..8809,1746717005210,165
1789311981688,1,0x8d1f..7daf,0x8d88..02bf,1780992125075,169
1789311981688,1,0x8d1f..7daf,0x8dc7..af65,1787668500533,165
1789311981688,1,0x8d1f..7daf,0x8dcc..aa4c,1764241654096,165
1789311981688,1,0x8d1f..7daf,0x8dbd..fcb0,1603,256
1789311981706,1,0x8d1a..56ba,0x8dc7..af65,1787668500533,165
1789311981706,1,0x8d1a..56ba,0x8dec..b5e9,4,237
1789311981706,1,0x8d1a..56ba,0x8df8..c614,1767894935813,165
1789311981706,1,0x8d1a..56ba,0x8ddb..43f7,2199,200
1789311981706,1,0x8d1a..56ba,0x8de1..4b05,2,171
1789311981706,1,0x8d1a..56ba,0x8dd6..0d69,1780591387350,168
1789311981706,1,0x8d1a..56ba,0x8dcc..c58a,1787442874726,159
1789311981706,1,0x8d1a..56ba,0x8df2..f7e8,1778756252208,159
1789311981706,1,0x8d1a..56ba,0x8df5..50f6,1788431326827,165
1789311981706,1,0x8d1a..56ba,0x8dc2..804e,1778432430998,165
1789311981706,1,0x8d1a..56ba,0x8df8..9f64,1780065914229,165
1789311981706,1,0x8d1a..56ba,0x8dbd..fcb0,1603,256
1789311981706,1,0x8d1a..56ba,0x8de0..3a51,1789116567671,214
1789311981706,1,0x8d1a..56ba,0x8d95..50ca,1778974925908,165
1789311981706,1,0x8d1a..56ba,0x8dc2..2df4,1787872792334,169
1789311981706,1,0x8d1a..56ba,0x8dd8..5121,983,182
1789311981783,1,0x8d31..daa5,0x8da0..65c1,1762838144369,159
1789311981783,1,0x8d31..daa5,0x8cb3..5c28,1762736900636,159
1789311981783,1,0x8d31..daa5,0x8ce2..b328,1762736900636,159
1789311981783,1,0x8d31..daa5,0x8c0f..e63d,1762838144313,159
1789311981783,1,0x8d31..daa5,0x8c2f..5653,1762838144368,159
1789311981876,1,0x8d16..1913,0x8dcc..c58a,1787442874726,159
1789311981876,1,0x8d16..1913,0x8df4..caae,1783486569077,159
1789311981876,1,0x8d16..1913,0x8d9d..7d45,5,284
1789311981876,1,0x8d16..1913,0x8dd4..584e,1782726523440,165
1789311981876,1,0x8d16..1913,0x8de0..3a51,1789116567671,214
1789311981876,1,0x8d16..1913,0x8dec..b5e9,4,237
1789311981876,1,0x8d16..1913,0x8dd8..5121,983,182
1789311981876,1,0x8d16..1913,0x8de1..4b05,2,171
1789311981876,1,0x8d16..1913,0x8dbf..437d,1788818112232,160
1789311981876,1,0x8d16..1913,0x8da0..65c1,1762838144369,159
1789311981876,1,0x8d16..1913,0x8dcc..b87e,1765292110172,173
1789311981876,1,0x8d16..1913,0x8d91..38a4,235,155
1789311981876,1,0x8d16..1913,0x8d88..02bf,1780992125075,169
1789311981876,1,0x8d16..1913,0x8d8b..ffac,1663261660688,165
1789311981876,1,0x8d16..1913,0x8db5..2fdb,344,204
1789311981876,1,0x8d16..1913,0x8df2..f7e8,1778756252208,159
1789311981997,1,0x8d1f..fc43,0x8df2..f7e8,1778756252208,159
1789311981997,1,0x8d1f..fc43,0x8dc2..2df4,1787872792334,169
1789311981997,1,0x8d1f..fc43,0x8d9d..7d45,5,284
1789311981997,1,0x8d1f..fc43,0x8dd8..5121,983,182
1789311981997,1,0x8d1f..fc43,0x8df4..caae,1783486569077,159
1789311981998,1,0x8d1f..fc43,0x8dca..8f28,26,174
1789311981998,1,0x8d1f..fc43,0x8d95..50ca,1778974925908,165
1789311981998,1,0x8d1f..fc43,0x8db9..8655,1767014739435,177
1789311981998,1,0x8d1f..fc43,0x8df8..9f64,1780065914229,165
1789311981998,1,0x8d1f..fc43,0x8dcc..c58a,1787442874726,159
1789311981998,1,0x8d1f..fc43,0x8deb..5ac9,1789169600032,196
1789311981998,1,0x8d1f..fc43,0x8dfd..5fe9,1788426857559,165
1789311981998,1,0x8d1f..fc43,0x8de0..3a51,1789116567671,214
1789311981998,1,0x8d1f..fc43,0x8dd4..584e,1782726523440,165
1789311981998,1,0x8d1f..fc43,0x8d98..021d,1767957882555,165
1789311981998,1,0x8d1f..fc43,0x8df5..50f6,1788431326827,165
1789311982038,1,0x8d1d..5446,0x8dcb..8809,1746717005210,165
1789311982038,1,0x8d1d..5446,0x8d8f..5833,46,237
1789311982038,1,0x8d1d..5446,0x8df8..c614,1767894935813,165
1789311982038,1,0x8d1d..5446,0x8dcc..aa4c,1764241654096,165
1789311982038,1,0x8d1d..5446,0x8ddb..43f7,2199,200
1789311982038,1,0x8d1d..5446,0x8dcc..c58a,1787442874726,159
1789311982038,1,0x8d1d..5446,0x8dca..8f28,26,174
1789311982038,1,0x8d1d..5446,0x8df8..9f64,1780065914229,165
1789311982038,1,0x8d1d..5446,0x8dec..b5e9,4,237
1789311982038,1,0x8d1d..5446,0x8de1..4b05,2,171
1789311982038,1,0x8d1d..5446,0x8dbd..fcb0,1603,256
1789311982038,1,0x8d1d..5446,0x8dd8..5121,983,182
1789311982038,1,0x8d1d..5446,0x8df2..f7e8,1778756252208,159
1789311982038,1,0x8d1d..5446,0x8df0..7623,2,153
1789311982038,1,0x8d1d..5446,0x8df9..7380,56,237
1789311982038,1,0x8d1d..5446,0x8dc9..f321,1757498781914,165
1789311982099,1,0x8d6c..9001,0x8deb..5ac9,1789169600032,196
1789311982099,1,0x8d6c..9001,0x8dc2..2df4,1787872792334,169
1789311982099,1,0x8d6c..9001,0x8d87..764b,13,235
1789311982099,1,0x8d6c..9001,0x8d95..50ca,1778974925908,165
1789311982099,1,0x8d6c..9001,0x8de0..3a51,1789116567671,214
1789311982099,1,0x8d6c..9001,0x8db6..7f8a,3,153
1789311982099,1,0x8d6c..9001,0x8df0..7623,2,153
1789311982099,1,0x8d6c..9001,0x8df4..caae,1783486569077,159
1789311982099,1,0x8d6c..9001,0x8dfe..7dc4,1757497173109,165
1789311982099,1,0x8d6c..9001,0x8dcc..aa4c,1764241654096,165
1789311982099,1,0x8d6c..9001,0x8dca..8f28,33,174
1789311982099,1,0x8d6c..9001,0x8dc7..af65,1787668500533,165
1789311982099,1,0x8d6c..9001,0x8d8c..f2e2,1729066535298,170
1789311982099,1,0x8d6c..9001,0x8df5..50f6,1788431326827,165
1789311982099,1,0x8d6c..9001,0x8de1..4b05,2,171
1789311982099,1,0x8d6c..9001,0x8c27..b0c8,1,153
1789311982518,1,0x8d69..ae5d,0x8d26..d367,1,155
1789311982518,1,0x8d69..ae5d,0x8d16..1913,8,213
1789311982518,1,0x8d69..ae5d,0x8d35..a352,177,238
1789311982518,1,0x8d69..ae5d,0x8d3c..7bf7,1788566441861,165
1789311982518,1,0x8d69..ae5d,0x8d25..1c91,1788351660872,165
1789311982518,1,0x8d69..ae5d,0x8d09..0dda,1784912267368,165
1789311982518,1,0x8d69..ae5d,0x8d1d..5446,1771919023120,165
1789311982518,1,0x8d69..ae5d,0x8d36..b2f6,1788509557013,165
1789311982518,1,0x8d69..ae5d,0x8d1c..fc47,1782460547665,218
1789311982518,1,0x8d69..ae5d,0x8d1a..56ba,1780153222814,162
1789311982518,1,0x8d69..ae5d,0x8d32..525c,270,147
1789311982518,1,0x8d69..ae5d,0x8d00..76b7,1783805401833,214
1789311982518,1,0x8d69..ae5d,0x8d36..8b61,1681341421986,165
1789311982518,1,0x8d69..ae5d,0x8d32..3db2,1761583513277,165
1789311982518,1,0x8d69..ae5d,0x8d31..daa5,1762838144312,159
1789311982518,1,0x8d69..ae5d,0x8d1f..fc43,1785809085110,165
1789311982529,1,0x8d63..94ba,0x8db9..521b,1776911680870,165
1789311982529,1,0x8d63..94ba,0x8d95..50ca,1778974925908,165
1789311982529,1,0x8d63..94ba,0x8dbd..fcb0,1603,256
1789311982529,1,0x8d63..94ba,0x8db6..7f8a,3,153
1789311982529,1,0x8d63..94ba,0x8df8..c614,1767894935813,165
1789311982529,1,0x8d63..94ba,0x8df9..7380,56,237
1789311982529,1,0x8d63..94ba,0x8df2..f7e8,1778756252208,159
1789311982529,1,0x8d63..94ba,0x8dd8..5121,983,182
1789311982529,1,0x8d63..94ba,0x8de1..4b05,2,171
1789311982529,1,0x8d63..94ba,0x8de1..87fd,1787121200959,160
1789311982529,1,0x8d63..94ba,0x8d8f..5833,46,237
1789311982529,1,0x8d63..94ba,0x8dca..8f28,26,174
1789311982529,1,0x8d63..94ba,0x8df0..7623,2,153
1789311982529,1,0x8d63..94ba,0x8dec..b5e9,4,237
1789311982529,1,0x8d63..94ba,0x8dc7..af65,1787668500533,165
1789311982529,1,0x8d63..94ba,0x8df8..9f64,1780065914229,165
1789311983276,2,0xc61f..b733,0xd2f8..ded3,1,153
1789311983276,2,0xc61f..b733,0xd4f8..27c5,1,153
1789311983276,2,0xc61f..b733,0xd39b..d9b7,28342,286
1789311983276,2,0xc61f..b733,0xd71b..924f,168,154
1789311983276,2,0xc61f..b733,0xd56b..2c29,1,153
1789311983276,2,0xc61f..b733,0xdd98..1f20,108,260
1789311983276,2,0xc61f..b733,0xde4f..6603,1768825473426,159
1789311983276,2,0xc61f..b733,0xd931..e203,663,200
1789311983276,2,0xc61f..b733,0xd876..012b,1785931831309,140
1789311983276,2,0xc61f..b733,0xd2ee..1c56,1,153
1789311983276,2,0xc61f..b733,0xd638..ab72,740,215
1789311983276,2,0xc61f..b733,0xd9cd..5269,298,239
1789311983276,2,0xc61f..b733,0xd936..f382,93,284
1789311983276,2,0xc61f..b733,0xd8f9..ff82,1764936909454,160
1789311983276,2,0xc61f..b733,0xdec4..07a6,1,153
1789311983276,2,0xc61f..b733,0xd321..80ba,16,238
1789311983386,2,0xcb94..268b,0xd2d1..656a,90,194
1789311983386,2,0xcb94..268b,0xd674..fce4,7,194
1789311983386,2,0xcb94..268b,0xd61e..3567,206,238
1789311983386,2,0xcb94..268b,0xd814..429d,1766095973614,168
1789311983386,2,0xcb94..268b,0xd889..9960,6,237
1789311983386,2,0xcb94..268b,0xdfc5..f8c8,1710432040402,196
1789311983386,2,0xcb94..268b,0xd4ba..bb93,53,237
1789311983386,2,0xcb94..268b,0xd125..7e45,2,157
1789311983386,2,0xcb94..268b,0xd143..9bb8,537,239
1789311983386,2,0xcb94..268b,0xd9b7..59fd,1762882314612,165
1789311983386,2,0xcb94..268b,0xdaf4..2158,61,237
1789311983386,2,0xcb94..268b,0xd304..b470,1764266828554,214
1789311983386,2,0xcb94..268b,0xd1a4..1f7c,1763380233374,165
1789311983386,2,0xcb94..268b,0xd2b1..8856,1764197305612,165
1789311983386,2,0xcb94..268b,0xde82..f464,3077,192
1789311983386,2,0xcb94..268b,0xd848..3d2d,880,200
1789311983569,2,0xf7fa..2492,0xd3da..beb5,1768135992538,164
1789311983569,2,0xf7fa..2492,0xc269..1dec,23,204
1789311983569,2,0xf7fa..2492,0xcfb9..99d6,1771359096086,165
1789311983569,2,0xf7fa..2492,0xde3b..5e3f,1780591610640,165
1789311983569,2,0xf7fa..2492,0xdcd2..e21d,2737,204
1789311983569,2,0xf7fa..2492,0xd3c5..e858,849,262
1789311983569,2,0xf7fa..2492,0xc5e9..bb5a,1789105591022,201
1789311983569,2,0xf7fa..2492,0xd711..c1f1,1788835268758,201
1789311983569,2,0xf7fa..2492,0xc07a..934c,1787911767967,201
1789311983569,2,0xf7fa..2492,0xd46d..9eb3,1787911756286,201
1789311983569,2,0xf7fa..2492,0xd345..6385,1781118512799,159
1789311983569,2,0xf7fa..2492,0xdef1..1bdb,1762736900636,159
1789311983569,2,0xf7fa..2492,0xddb8..d0c0,1762736900636,159
1789311983569,2,0xf7fa..2492,0xdd1d..3b89,1766389639364,218
1789311983569,2,0xf7fa..2492,0xdd13..70b9,1762472397226,159
1789311983569,2,0xf7fa..2492,0xdccf..1af4,350,207
1789311983705,2,0xd876..012b,0xd812..98ad,1775586931300,165
1789311983705,2,0xd876..012b,0xd800..e370,260,143
1789311983705,2,0xd876..012b,0xd80c..3fad,6903,239
1789311983705,2,0xd876..012b,0xd82d..30bd,1766422586399,165
1789311983705,2,0xd876..012b,0xd81b..8bb9,1757930362077,165
1789311983705,2,0xd876..012b,0xd805..1277,1788413312729,165
1789311983705,2,0xd876..012b,0xd83e..f025,1787205736653,165
1789311983705,2,0xd876..012b,0xd839..4088,1774442838392,161
1789311983706,2,0xd876..012b,0xd83e..37e2,1774489875281,161
1789311983706,2,0xd876..012b,0xd833..5eab,412,196
1789311983706,2,0xd876..012b,0xd83b..b184,264,147
1789311983706,2,0xd876..012b,0xd834..1e1c,950,200
1789311983706,2,0xd876..012b,0xd80f..7e71,1767972626714,165
1789311983706,2,0xd876..012b,0xd80c..5caf,7244,204
1789311983706,2,0xd876..012b,0xd80c..9c90,1784811501626,214
1789311983706,2,0xd876..012b,0xd80f..ef61,1692361549160,165
1789311983916,2,0xd8f9..ff82,0xd81b..8bb9,1757930362077,165
1789311983916,2,0xd8f9..ff82,0xd846..de1f,1743505667684,165
1789311983916,2,0xd8f9..ff82,0xd80f..7e71,1767972626714,165
1789311983916,2,0xd8f9..ff82,0xd83e..37e2,1774489875281,161
1789311983916,2,0xd8f9..ff82,0xd80f..ef61,1692361549160,165
1789311983916,2,0xd8f9..ff82,0xd83e..f025,1787205736653,165
1789311983916,2,0xd8f9..ff82,0xd876..012b,1785931831309,140
1789311983916,2,0xd8f9..ff82,0xd853..d265,1763194502070,218
1789311983916,2,0xd8f9..ff82,0xd83b..b184,264,147
1789311983916,2,0xd8f9..ff82,0xd839..4088,1774442838392,161
1789311983916,2,0xd8f9..ff82,0xd844..788a,1787038072800,159
1789311983916,2,0xd8f9..ff82,0xd84f..56a3,1763993167583,165
1789311983916,2,0xd8f9..ff82,0xd843..50de,125,237
1789311983916,2,0xd8f9..ff82,0xd86a..7a02,3,171
1789311983916,2,0xd8f9..ff82,0xd800..e370,260,143
1789311983916,2,0xd8f9..ff82,0xd848..3d2d,1311,200
1789311983929,2,0xd936..f382,0xd9c3..8b7b,1783792065913,165
1789311983929,2,0xd936..f382,0xd9b7..1c82,1764835755999,165
1789311983929,2,0xd936..f382,0xd9aa..cbee,64,223
1789311983929,2,0xd936..f382,0xd989..1d77,1785064785889,165
1789311983929,2,0xd936..f382,0xd9ea..0f80,2,153
1789311983929,2,0xd936..f382,0xd9b5..a58d,3,171
1789311983929,2,0xd936..f382,0xd9b1..c85b,3296,200
1789311983929,2,0xd936..f382,0xd9d1..d92b,1779358051612,165
1789311983929,2,0xd936..f382,0xd995..f755,1743842182516,165
1789311983929,2,0xd936..f382,0xd9aa..069c,1750688347546,165
1789311983929,2,0xd936..f382,0xd98f..ddc5,1772699839780,218
1789311983929,2,0xd936..f382,0xd9a3..41d3,1785826062522,165
1789311983929,2,0xd936..f382,0xd984..65ed,1,153
1789311983929,2,0xd936..f382,0xd9ed..7a2b,1738678614046,165
1789311983929,2,0xd936..f382,0xd9db..2518,1787179669731,210
1789311983929,2,0xd936..f382,0xd9e4..dbf6,1777978153772,219
1789311983938,2,0xd848..3d2d,0xd873..58ad,4,237
1789311983938,2,0xd848..3d2d,0xd876..012f,1,158
1789311983938,2,0xd848..3d2d,0xd86a..7a02,3,171
1789311983938,2,0xd848..3d2d,0xd874..eb94,1781617774070,159
1789311983938,2,0xd848..3d2d,0xd860..6e92,1763671621213,218
1789311983938,2,0xd848..3d2d,0xd87f..0370,1786001960518,219
1789311983938,2,0xd848..3d2d,0xd876..012b,1785931831309,140
1789311983938,2,0xd848..3d2d,0xd869..6244,1788413333195,165
1789311983938,2,0xd848..3d2d,0xd871..f09b,1,153
1789311983938,2,0xd848..3d2d,0xd861..dfe6,18,163
1789311983938,2,0xd848..3d2d,0xd873..31cd,509,239
1789311983938,2,0xd848..3d2d,0xd87d..0042,1779105773558,159
1789311983938,2,0xd848..3d2d,0xd877..0bb7,1781107887643,196
1789311983938,2,0xd848..3d2d,0xd87f..c03d,1771753607203,165
1789311983938,2,0xd848..3d2d,0xd87a..7379,54,237
1789311983938,2,0xd848..3d2d,0xd802..db5f,70,155
1789311984048,2,0xd931..e203,0xd9ae..2900,27751,239
1789311984048,2,0xd931..e203,0xd993..b560,1771918333586,214
1789311984048,2,0xd931..e203,0xd9c0..da16,1780520293680,159
1789311984048,2,0xd931..e203,0xd9df..3f2d,1752856494325,159
1789311984048,2,0xd931..e203,0xd9dc..aabf,1762838144312,159
1789311984048,2,0xd931..e203,0xd9e5..c356,1780806814443,159
1789311984048,2,0xd931..e203,0xd9f3..6b34,42,221
1789311984048,2,0xd931..e203,0xd9ed..7a2b,1738678614046,165
1789311984048,2,0xd931..e203,0xd9e9..0dd6,1,154
1789311984048,2,0xd931..e203,0xd9f9..62d2,1763620981095,218
1789311984048,2,0xd931..e203,0xd9e1..0a3b,4,171
1789311984048,2,0xd931..e203,0xd9b1..c85b,3296,200
1789311984048,2,0xd931..e203,0xd9df..8dea,1788674818494,165
1789311984048,2,0xd931..e203,0xd9a3..41d3,1785826062522,165
1789311984048,2,0xd931..e203,0xd984..65ed,1,153
1789311984048,2,0xd931..e203,0xd9e4..dbf6,1777978153772,219
1789311984053,2,0xdd98..1f20,0xd91e..93ad,1133,239
1789311984053,2,0xdd98..1f20,0xd8a6..f10a,1734642054899,165
1789311984053,2,0xdd98..1f20,0xd97e..8a83,104,212
1789311984053,2,0xdd98..1f20,0xd848..3d2d,1311,200
1789311984053,2,0xdd98..1f20,0xd8b0..3cde,18,237
1789311984053,2,0xdd98..1f20,0xd8b8..fde6,28,237
1789311984053,2,0xdd98..1f20,0xdb9e..518d,293,197
1789311984053,2,0xdd98..1f20,0xdb9b..1724,12,154
1789311984053,2,0xdd98..1f20,0xd886..4556,1787689332937,159
1789311984053,2,0xdd98..1f20,0xdaba..150a,1706350229879,165
1789311984053,2,0xdd98..1f20,0xd9b1..c85b,3296,200
1789311984053,2,0xdd98..1f20,0xd843..50de,125,237
1789311984053,2,0xdd98..1f20,0xdade..3dc5,1362,239
1789311984053,2,0xdd98..1f20,0xda2b..0c65,55937,239
1789311984053,2,0xdd98..1f20,0xd959..4c7f,1,153
1789311984053,2,0xdd98..1f20,0xd984..65ed,1,153
1789311984065,2,0xd9cd..5269,0xd825..113f,12,237
1789311984065,2,0xd9cd..5269,0xd8fc..99cf,2,154
1789311984065,2,0xd9cd..5269,0xd88a..e9a6,24,237
1789311984065,2,0xd9cd..5269,0xd8c9..9925,2,153
1789311984065,2,0xd9cd..5269,0xd844..788a,1787038072800,159
1789311984065,2,0xd9cd..5269,0xd8b8..fde6,28,237
1789311984065,2,0xd9cd..5269,0xd8d1..b2d3,2,153
1789311984065,2,0xd9cd..5269,0xd843..50de,125,237
1789311984065,2,0xd9cd..5269,0xd848..3d2d,156,199
1789311984065,2,0xd9cd..5269,0xd830..1b9b,21,237
1789311984065,2,0xd9cd..5269,0xd873..31cd,506,239
1789311984065,2,0xd9cd..5269,0xd8d0..9991,42,198
1789311984065,2,0xd9cd..5269,0xd88b..98aa,2447,286
1789311984065,2,0xd9cd..5269,0xd8f6..db7a,1781022881406,160
1789311984065,2,0xd9cd..5269,0xd80c..5caf,7244,204
1789311984065,2,0xd9cd..5269,0xd8fa..4aa2,1788540229828,201
1789311984193,2,0xdccf..1af4,0xd874..eb94,1781617774070,159
1789311984193,2,0xdccf..1af4,0xd9e5..c356,1780806814443,159
1789311984193,2,0xdccf..1af4,0xdbc8..1e65,1762838144368,159
1789311984193,2,0xdccf..1af4,0xdba1..d1c1,1762838144313,159
1789311984193,2,0xdccf..1af4,0xdab6..1a93,1762736900632,159
1789311984193,2,0xdccf..1af4,0xda3e..2ff1,1789171438112,214
1789311984193,2,0xdccf..1af4,0xd993..b560,1771918333586,214
1789311984193,2,0xdccf..1af4,0xdaf7..a845,1789047022111,219
1789311984193,2,0xdccf..1af4,0xdbe2..ba17,1770324252830,165
1789311984193,2,0xdccf..1af4,0xd9b5..a58d,3,171
1789311984193,2,0xdccf..1af4,0xd980..a4bc,3,153
1789311984193,2,0xdccf..1af4,0xd80c..9c90,1784811501626,214
1789311984193,2,0xdccf..1af4,0xd918..d38d,6693,204
1789311984193,2,0xdccf..1af4,0xd853..d265,1763194502070,218
1789311984193,2,0xdccf..1af4,0xdabb..2b3f,1686792558398,165
1789311984193,2,0xdccf..1af4,0xdba8..e136,32,237
1789311984253,2,0xddb8..d0c0,0xd971..9623,1762345914532,159
1789311984253,2,0xddb8..d0c0,0xd8b0..0f6d,1762472397226,159
1789311984253,2,0xddb8..d0c0,0xdab6..1a93,1762736900632,159
1789311984253,2,0xddb8..d0c0,0xdbc8..1e65,1762838144368,159
1789311984253,2,0xddb8..d0c0,0xdb7b..7422,1762838144315,159
1789311984253,2,0xddb8..d0c0,0xda56..1e82,1762838144306,159
1789311984253,2,0xddb8..d0c0,0xdba1..d1c1,1762838144313,159
1789311984253,2,0xddb8..d0c0,0xd9dc..aabf,1762838144312,159
1789311984253,2,0xddb8..d0c0,0xd303..b691,1762349673643,159
1789311984253,2,0xddb8..d0c0,0xd65d..2e90,1762349673643,159
1789311984253,2,0xddb8..d0c0,0xd2b6..5317,1762472397233,159
1789311984253,2,0xddb8..d0c0,0xd584..3420,1762472397230,159
1789311984253,2,0xddb8..d0c0,0xd235..0c10,1762736900637,159
1789311984253,2,0xddb8..d0c0,0xd77e..c3da,1762736900637,159
1789311984253,2,0xddb8..d0c0,0xd3b7..0a94,1762736900637,159
1789311984253,2,0xddb8..d0c0,0xd136..4525,1762838144312,159
1789311984253,2,0xdd13..70b9,0xd971..9623,1762345914532,159
1789311984253,2,0xdd13..70b9,0xd8b0..0f6d,1762472397226,159
1789311984253,2,0xdd13..70b9,0xdab6..1a93,1762736900632,159
1789311984253,2,0xdd13..70b9,0xdbc8..1e65,1762838144368,159
1789311984253,2,0xdd13..70b9,0xdb7b..7422,1762838144315,159
1789311984253,2,0xdd13..70b9,0xda56..1e82,1762838144306,159
1789311984253,2,0xdd13..70b9,0xdba1..d1c1,1762838144313,159
1789311984253,2,0xdd13..70b9,0xd9dc..aabf,1762838144312,159
1789311984253,2,0xdd13..70b9,0xd303..b691,1762349673643,159
1789311984253,2,0xdd13..70b9,0xd65d..2e90,1762349673643,159
1789311984253,2,0xdd13..70b9,0xd2b6..5317,1762472397233,159
1789311984253,2,0xdd13..70b9,0xd584..3420,1762472397230,159
1789311984253,2,0xdd13..70b9,0xd235..0c10,1762736900637,159
1789311984253,2,0xdd13..70b9,0xd77e..c3da,1762736900637,159
1789311984253,2,0xdd13..70b9,0xd3b7..0a94,1762736900637,159
1789311984253,2,0xdd13..70b9,0xd136..4525,1762838144312,159
1789311984276,2,0xd80c..9c90,0xd805..1277,1788413312729,165
1789311984276,2,0xd80c..9c90,0xd800..e370,260,143
1789311984276,2,0xd80c..9c90,0xd812..98ad,1775586931300,165
1789311984276,2,0xd80c..9c90,0xd816..d8a9,1788417807904,165
1789311984276,2,0xd80c..9c90,0xd81b..8bb9,1757930362077,165
1789311984326,2,0xd800..e370,0xd805..1277,1788413312729,165
1789311984326,2,0xd800..e370,0xd807..8026,81,285
1789311984326,2,0xd800..e370,0xd809..aaef,2,153
1789311984326,2,0xd800..e370,0xd80d..90ff,133,265
1789311984326,2,0xd800..e370,0xd80e..2b92,1757608686558,159
1789311984326,2,0xd800..e370,0xd80f..7e71,1767972626714,165
1789311984326,2,0xd800..e370,0xd80c..9c90,1784811501626,214
1789311984326,2,0xd800..e370,0xd80c..5caf,7244,204
1789311984326,2,0xd800..e370,0xd80c..3fad,6903,239
1789311984326,2,0xd800..e370,0xd80f..ef61,1692361549160,165
1789311984326,2,0xd800..e370,0xd803..cf6f,1789180665351,210
1789311984338,2,0xdd1d..3b89,0xdbfb..a340,1,154
1789311984338,2,0xdd1d..3b89,0xdb18..665b,1789060085096,201
1789311984338,2,0xdd1d..3b89,0xd8fa..4aa2,1788540229828,201
1789311984338,2,0xdd1d..3b89,0xda44..89c3,1784063183170,196
1789311984338,2,0xdd1d..3b89,0xdbd0..7a1e,1772533105069,165
1789311984338,2,0xdd1d..3b89,0xd918..d38d,6693,204
1789311984338,2,0xdd1d..3b89,0xda2f..734f,1649517267655,165
1789311984338,2,0xdd1d..3b89,0xd993..b560,1771918333586,214
1789311984338,2,0xdd1d..3b89,0xd9aa..cbee,64,223
1789311984338,2,0xdd1d..3b89,0xdbe2..ba17,1770324252830,165
1789311984338,2,0xdd1d..3b89,0xda31..8ce6,2,154
1789311984338,2,0xdd1d..3b89,0xd922..a4ae,70,230
1789311984338,2,0xdd1d..3b89,0xda3e..b51f,6,202
1789311984338,2,0xdd1d..3b89,0xda4f..ae02,8563,205
1789311984338,2,0xdd1d..3b89,0xdb44..6d4a,7,213
1789311984338,2,0xdd1d..3b89,0xdb25..2ff2,1788889599261,164
1789311984397,2,0xd80c..3fad,0xd80b..773c,1742896647168,196
1789311984397,2,0xd80c..3fad,0xd80b..c165,1,154
1789311984397,2,0xd80c..3fad,0xd80b..5715,1786028020125,169
1789311984397,2,0xd80c..3fad,0xd80b..3810,1778465567445,168
1789311984397,2,0xd80c..3fad,0xd809..204b,1782151622936,165
1789311984397,2,0xd80c..3fad,0xd809..bc67,1776455930569,140
1789311984397,2,0xd80c..3fad,0xd809..eb1c,1787251049530,196
1789311984397,2,0xd80c..3fad,0xd809..c550,1,153
1789311984397,2,0xd80c..3fad,0xd809..019c,1787626441222,160
1789311984397,2,0xd80c..3fad,0xd808..4890,1776974699552,147
1789311984397,2,0xd80c..3fad,0xd80a..fa4f,1788553424725,159
1789311984397,2,0xd80c..3fad,0xd808..d0ae,156,237
1789311984397,2,0xd80c..3fad,0xd80a..040f,1780467198100,165
1789311984397,2,0xd80c..3fad,0xd80b..de13,1787555863639,165
1789311984397,2,0xd80c..3fad,0xd809..aaef,2,153
1789311984397,2,0xd80c..3fad,0xd809..5ece,1,154
1789311984459,2,0xdcd2..e21d,0xdbf7..9f9a,1,154
1789311984459,2,0xdcd2..e21d,0xdba8..e136,32,237
1789311984459,2,0xdcd2..e21d,0xd959..4c7f,1,153
1789311984459,2,0xdcd2..e21d,0xda18..3598,1,153
1789311984459,2,0xdcd2..e21d,0xda3e..b51f,6,202
1789311984459,2,0xdcd2..e21d,0xd989..1d77,1785064785889,165
1789311984459,2,0xdcd2..e21d,0xd9e4..9936,1742377715924,173
1789311984460,2,0xdcd2..e21d,0xdb91..a956,6,194
1789311984460,2,0xdcd2..e21d,0xd8fa..f36d,1,153
1789311984460,2,0xdcd2..e21d,0xd951..1e4c,1763395803670,218
1789311984460,2,0xdcd2..e21d,0xd8b0..0f6d,1762472397226,159
1789311984460,2,0xdcd2..e21d,0xd841..1892,1764744188344,218
1789311984460,2,0xdcd2..e21d,0xd94b..9b78,443164,240
1789311984460,2,0xdcd2..e21d,0xd9aa..cbee,64,223
1789311984460,2,0xdcd2..e21d,0xdbcd..864a,1743044367535,165
1789311984460,2,0xdcd2..e21d,0xdaba..150a,1706350229879,165
1789311984506,2,0xd80f..7e71,0xd805..1277,1788413312729,165
1789311984506,2,0xd80f..7e71,0xd807..8026,81,285
1789311984506,2,0xd80f..7e71,0xd800..e370,260,143
1789311984506,2,0xd80f..7e71,0xd803..cf6f,1789180665351,210
1789311984506,2,0xd80f..7e71,0xd812..98ad,1775586931300,165
1789311984506,2,0xd80f..7e71,0xd81b..8bb9,1757930362077,165
1789311984506,2,0xd80f..7e71,0xd816..d8a9,1788417807904,165
1789311984506,2,0xd80f..7e71,0xd814..52eb,32,285
1789311984506,2,0xd80f..7e71,0xd816..6e5a,1769528864828,173
1789311984506,2,0xd80f..7e71,0xd81e..2900,1789058931337,159
1789311984506,2,0xd80f..7e71,0xd818..7d04,1762531874581,226
1789311984506,2,0xd80f..7e71,0xd81b..250c,1789300301482,159
1789311984506,2,0xd80f..7e71,0xd809..aaef,2,153
1789311984508,2,0xd80c..5caf,0xd81b..8bb9,1757930362077,165
1789311984508,2,0xd80c..5caf,0xd812..98ad,1775586931300,165
1789311984508,2,0xd80c..5caf,0xd809..aaef,2,153
1789311984508,2,0xd80c..5caf,0xd805..1277,1788413312729,165
1789311984508,2,0xd80c..5caf,0xd807..8026,81,285
1789311984508,2,0xd80c..5caf,0xd800..e370,260,143
1789311984508,2,0xd80c..5caf,0xd816..d8a9,1788417807904,165
1789311984535,2,0xd80f..ef61,0xd807..8026,81,285
1789311984535,2,0xd80f..ef61,0xd805..1277,1788413312729,165
1789311984535,2,0xd80f..ef61,0xd800..e370,260,143
1789311984535,2,0xd80f..ef61,0xd812..98ad,1775586931300,165
1789311984535,2,0xd80f..ef61,0xd81b..250c,1789300301482,159
1789311984535,2,0xd80f..ef61,0xd816..d8a9,1788417807904,165
1789311984535,2,0xd80f..ef61,0xd81b..8bb9,1757930362077,165
1789311984535,2,0xd80f..ef61,0xd809..aaef,2,153
1789311984559,2,0xd81b..8bb9,0xd80f..ef61,1692361549160,165
1789311984559,2,0xd81b..8bb9,0xd80c..9c90,1784811501626,214
1789311984559,2,0xd81b..8bb9,0xd805..1277,1788413312729,165
1789311984559,2,0xd81b..8bb9,0xd809..aaef,2,153
1789311984559,2,0xd81b..8bb9,0xd80c..3fad,6903,239
1789311984559,2,0xd81b..8bb9,0xd80c..5caf,7244,204
1789311984559,2,0xd81b..8bb9,0xd800..e370,260,143
1789311984559,2,0xd81b..8bb9,0xd80f..7e71,1767972626714,165
1789311984559,2,0xd81b..8bb9,0xd807..8026,81,285
1789311984559,2,0xd81b..8bb9,0xd80e..2b92,1757608686558,159
1789311984559,2,0xd81b..8bb9,0xd830..1b9b,25,237
1789311984559,2,0xd81b..8bb9,0xd83e..f025,1787205736653,165
1789311984559,2,0xd81b..8bb9,0xd83e..37e2,1774489875281,161
1789311984559,2,0xd81b..8bb9,0xd834..1e1c,950,200
1789311984559,2,0xd81b..8bb9,0xd82d..30bd,1766422586399,165
1789311984559,2,0xd81b..8bb9,0xd82c..f849,1782110005839,218
1789311984674,-,0xef4c..8269,0xef4c..8269,44,173
1789311984697,2,0xd816..d8a9,0xd80f..ef61,1692361549160,165
1789311984697,2,0xd816..d8a9,0xd80c..9c90,1784811501626,214
1789311984697,2,0xd816..d8a9,0xd80c..3fad,6903,239
1789311984697,2,0xd816..d8a9,0xd80c..5caf,7244,204
1789311984697,2,0xd816..d8a9,0xd807..8026,81,285
1789311984697,2,0xd816..d8a9,0xd805..1277,1788413312729,165
1789311984697,2,0xd816..d8a9,0xd800..e370,260,143
1789311984697,2,0xd816..d8a9,0xd809..aaef,2,153
1789311984697,2,0xd816..d8a9,0xd80f..7e71,1767972626714,165
1789311984697,2,0xd816..d8a9,0xd803..cf6f,1789180665351,210
1789311984697,2,0xd816..d8a9,0xd838..7b90,231,236
1789311984697,2,0xd816..d8a9,0xd82d..30bd,1766422586399,165
1789311984697,2,0xd816..d8a9,0xd83e..37e2,1774489875281,161
1789311984697,2,0xd816..d8a9,0xd839..4088,1774442838392,161
1789311984697,2,0xd816..d8a9,0xd82c..f849,1782110005839,218
1789311984697,2,0xd816..d8a9,0xd83e..f025,1787205736653,165
1789311984896,2,0xd812..98ad,0xd80c..3fad,6903,239
1789311984896,2,0xd812..98ad,0xd803..cf6f,1789180665351,210
1789311984896,2,0xd812..98ad,0xd800..e370,260,143
1789311984896,2,0xd812..98ad,0xd80c..9c90,1784811501626,214
1789311984896,2,0xd812..98ad,0xd80c..5caf,7244,204
1789311984896,2,0xd812..98ad,0xd80d..90ff,133,265
1789311984896,2,0xd812..98ad,0xd80f..7e71,1767972626714,165
1789311984896,2,0xd812..98ad,0xd805..1277,1788413312729,165
1789311984896,2,0xd812..98ad,0xd80f..ef61,1692361549160,165
1789311984896,2,0xd812..98ad,0xd83e..37e2,1774489875281,161
1789311984896,2,0xd812..98ad,0xd83b..b184,264,147
1789311984896,2,0xd812..98ad,0xd839..4088,1774442838392,161
1789311984896,2,0xd812..98ad,0xd838..7b90,231,236
1789311984896,2,0xd812..98ad,0xd833..5eab,412,196
1789311984896,2,0xd812..98ad,0xd834..1e1c,950,200
1789311984896,2,0xd812..98ad,0xd828..58b7,1746076676351,165
1789311984928,-,0xe6e8..a36b,0xe6e8..a36b,46,173
1789311986145,2,0xd82d..30bd,0xd800..e370,260,143
1789311986145,2,0xd82d..30bd,0xd805..1277,1788413312729,165
1789311986145,2,0xd82d..30bd,0xd80f..ef61,1692361549160,165
1789311986145,2,0xd82d..30bd,0xd81b..250c,1789300301482,159
1789311986145,2,0xd82d..30bd,0xd812..98ad,1775586931300,165
1789311986145,2,0xd82d..30bd,0xd80f..7e71,1767972626714,165
1789311986145,2,0xd82d..30bd,0xd80d..90ff,133,265
1789311986145,2,0xd82d..30bd,0xd816..d8a9,1788417807904,165
1789311986145,2,0xd82d..30bd,0xd80c..5caf,7244,204
1789311986145,2,0xd82d..30bd,0xd80e..2b92,1757608686558,159
1789311986145,2,0xd82d..30bd,0xd80c..3fad,6903,239
1789311986145,2,0xd82d..30bd,0xd803..cf6f,1789180665351,210
1789311986145,2,0xd82d..30bd,0xd80c..9c90,1784811501626,214
1789311986145,2,0xd82d..30bd,0xd81b..8bb9,1757930362077,165
1789311986145,2,0xd82d..30bd,0xd87a..7379,54,237
1789311986145,2,0xd82d..30bd,0xd849..516e,1781487058742,214
1789311986317,2,0xd834..1e1c,0xd82f..3d5f,2,141
1789311986317,2,0xd834..1e1c,0xd823..d96b,2,157
1789311986317,2,0xd834..1e1c,0xd822..0ee3,1789173130210,165
1789311986317,2,0xd834..1e1c,0xd829..9bfb,5,204
1789311986317,2,0xd834..1e1c,0xd82b..923c,1788696305383,145
1789311986317,2,0xd834..1e1c,0xd820..7189,85,237
1789311986317,2,0xd834..1e1c,0xd82d..e17e,2,153
1789311986317,2,0xd834..1e1c,0xd82c..f849,1782110005839,218
1789311986317,2,0xd834..1e1c,0xd828..58b7,1746076676351,165
1789311986317,2,0xd834..1e1c,0xd82a..afb1,1773200882396,226
1789311986317,2,0xd834..1e1c,0xd829..ea28,1788793892361,145
1789311986317,2,0xd834..1e1c,0xd829..f75c,1788864841722,159
1789311986317,2,0xd834..1e1c,0xd820..7ddd,1788877183993,165
1789311986317,2,0xd834..1e1c,0xd82a..f7f8,1789113783857,145
1789311986317,2,0xd834..1e1c,0xd827..552c,1789279253970,160
1789311986317,2,0xd834..1e1c,0xd82d..30bd,1766422586399,165
1789311986386,2,0xd828..58b7,0xd85b..788c,1,154
1789311986386,2,0xd828..58b7,0xd81b..8bb9,1757930362077,165
1789311986386,2,0xd828..58b7,0xd80f..7e71,1767972626714,165
1789311986386,2,0xd828..58b7,0xd807..8026,81,285
1789311986386,2,0xd828..58b7,0xd816..d8a9,1788417807904,165
1789311986386,2,0xd828..58b7,0xd809..aaef,2,153
1789311986386,2,0xd828..58b7,0xd805..1277,1788413312729,165
1789311986386,2,0xd828..58b7,0xd800..e370,260,143
1789311986386,2,0xd828..58b7,0xd80c..3fad,6903,239
1789311986386,2,0xd828..58b7,0xd80f..ef61,1692361549160,165
1789311986386,2,0xd828..58b7,0xd80c..9c90,1784811501626,214
1789311986386,2,0xd828..58b7,0xd812..98ad,1775586931300,165
1789311986386,2,0xd828..58b7,0xd87f..c03d,1771753607203,165
1789311986386,2,0xd828..58b7,0xd843..50de,125,237
1789311986386,2,0xd828..58b7,0xd874..eb94,1781617774070,159
1789311986386,2,0xd828..58b7,0xd849..516e,1781487058742,214
1789311986524,2,0xd83e..37e2,0xd800..e370,260,143
1789311986524,2,0xd83e..37e2,0xd80c..9c90,1784811501626,214
1789311986524,2,0xd83e..37e2,0xd876..012b,1785931831309,140
1789311986524,2,0xd83e..37e2,0xd85d..4d71,1,154
1789311986524,2,0xd83e..37e2,0xd871..f09b,1,153
1789311986524,2,0xd83e..37e2,0xd849..516e,1781487058742,214
1789311986696,2,0xd83e..f025,0xd80e..2b92,1757608686558,159
1789311986696,2,0xd83e..f025,0xd816..d8a9,1788417807904,165
1789311986696,2,0xd83e..f025,0xd812..98ad,1775586931300,165
1789311986696,2,0xd83e..f025,0xd80c..5caf,7244,204
1789311986696,2,0xd83e..f025,0xd816..6e5a,1769528864828,173
1789311986696,2,0xd83e..f025,0xd81b..8bb9,1757930362077,165
1789311986696,2,0xd83e..f025,0xd81b..250c,1789300301482,159
1789311986696,2,0xd83e..f025,0xd805..1277,1788413312729,165
1789311986696,2,0xd83e..f025,0xd80f..ef61,1692361549160,165
1789311986696,2,0xd83e..f025,0xd800..e370,260,143
1789311986696,2,0xd83e..f025,0xd80c..3fad,6903,239
1789311986696,2,0xd83e..f025,0xd80f..7e71,1767972626714,165
1789311986696,2,0xd83e..f025,0xd80c..9c90,1784811501626,214
1789311986696,2,0xd83e..f025,0xd87f..c03d,1771753607203,165
1789311986696,2,0xd83e..f025,0xd876..012b,1785931831309,140
1789311986696,2,0xd83e..f025,0xd844..788a,1787038072800,159
1789311987218,2,0xd839..4088,0xd81b..250c,1789300301482,159
1789311987218,2,0xd839..4088,0xd80c..9c90,1784811501626,214
1789311987218,2,0xd839..4088,0xd800..e370,260,143
1789311987218,2,0xd839..4088,0xd85b..788c,1,154
1789311987218,2,0xd839..4088,0xd876..012b,1785931831309,140
1789311987218,2,0xd839..4088,0xd871..f09b,1,153
1789311987218,2,0xd839..4088,0xd849..516e,1781487058742,214
1789311987271,2,0xd838..7b90,0xd822..eaf1,1788393461036,145
1789311987271,2,0xd838..7b90,0xd825..0b0e,1789052364194,165
1789311987271,2,0xd838..7b90,0xd829..0d0f,1788966954025,160
1789311987271,2,0xd838..7b90,0xd823..b7b3,1788965739155,145
1789311987271,2,0xd838..7b90,0xd82d..e17e,2,153
1789311987271,2,0xd838..7b90,0xd82f..3d5f,2,141
1789311987271,2,0xd838..7b90,0xd822..0ee3,1789173130210,165
1789311987271,2,0xd838..7b90,0xd823..d96b,2,157
1789311987271,2,0xd838..7b90,0xd825..113f,12,237
1789311987271,2,0xd838..7b90,0xd827..552c,1789279253970,160
1789311987271,2,0xd838..7b90,0xd820..7189,85,237
1789311987271,2,0xd838..7b90,0xd82c..f849,1782110005839,218
1789311987271,2,0xd838..7b90,0xd828..58b7,1746076676351,165
1789311987271,2,0xd838..7b90,0xd82f..9dfc,1789221785876,165
1789311987271,2,0xd838..7b90,0xd82d..30bd,1766422586399,165
1789311987271,2,0xd838..7b90,0xd807..2217,4,204
1789311987577,2,0xd83b..b184,0xd80e..2b92,1757608686558,159
1789311987577,2,0xd83b..b184,0xd80d..90ff,133,265
1789311987577,2,0xd83b..b184,0xd80c..5caf,7244,204
1789311987577,2,0xd83b..b184,0xd81b..8bb9,1757930362077,165
1789311987577,2,0xd83b..b184,0xd81b..250c,1789300301482,159
1789311987577,2,0xd83b..b184,0xd818..7d04,1762531874581,226
1789311987577,2,0xd83b..b184,0xd812..f809,1,153
1789311987577,2,0xd83b..b184,0xd816..d8a9,1788417807904,165
1789311987577,2,0xd83b..b184,0xd814..52eb,32,285
1789311987577,2,0xd83b..b184,0xd809..aaef,2,153
1789311987577,2,0xd83b..b184,0xd80f..7e71,1767972626714,165
1789311987577,2,0xd83b..b184,0xd80f..ef61,1692361549160,165
1789311987577,2,0xd83b..b184,0xd80c..9c90,1784811501626,214
1789311987577,2,0xd83b..b184,0xd80c..3fad,6903,239
1789311987577,2,0xd83b..b184,0xd803..cf6f,1789180665351,210
1789311987577,2,0xd83b..b184,0xd802..b7a4,1789307554426,145
1789311987590,2,0xd844..788a,0xd81b..8bb9,1757930362077,165
1789311987590,2,0xd844..788a,0xd800..e370,260,143
1789311987590,2,0xd844..788a,0xd83e..f025,1787205736653,165
1789311987590,2,0xd844..788a,0xd80c..5caf,7244,204
1789311987590,2,0xd844..788a,0xd80f..ef61,1692361549160,165
1789311987590,2,0xd844..788a,0xd80f..7e71,1767972626714,165
1789311987590,2,0xd844..788a,0xd805..1277,1788413312729,165
1789311987590,2,0xd844..788a,0xd839..4088,1774442838392,161
1789311987590,2,0xd844..788a,0xd834..1e1c,950,200
1789311987590,2,0xd844..788a,0xd82d..30bd,1766422586399,165
1789311987590,2,0xd844..788a,0xd838..7b90,231,236
1789311987590,2,0xd844..788a,0xd83e..37e2,1774489875281,161
1789311987590,2,0xd844..788a,0xd80c..3fad,6903,239
1789311987590,2,0xd844..788a,0xd80c..9c90,1784811501626,214
1789311987590,2,0xd844..788a,0xd812..98ad,1775586931300,165
1789311987590,2,0xd844..788a,0xd816..d8a9,1788417807904,165
1789311987799,2,0xd846..de1f,0xd81b..8bb9,1757930362077,165
1789311987799,2,0xd846..de1f,0xd839..4088,1774442838392,161
1789311987799,2,0xd846..de1f,0xd80f..7e71,1767972626714,165
1789311987799,2,0xd846..de1f,0xd82d..30bd,1766422586399,165
1789311987799,2,0xd846..de1f,0xd83e..37e2,1774489875281,161
1789311987799,2,0xd846..de1f,0xd828..58b7,1746076676351,165
1789311987799,2,0xd846..de1f,0xd80c..3fad,6903,239
1789311987799,2,0xd846..de1f,0xd838..7b90,231,236
1789311987799,2,0xd846..de1f,0xd800..e370,260,143
1789311987799,2,0xd846..de1f,0xd83b..b184,264,147
1789311987799,2,0xd846..de1f,0xd81e..2900,1789058931337,159
1789311987799,2,0xd846..de1f,0xd834..1e1c,950,200
1789311987799,2,0xd846..de1f,0xd812..98ad,1775586931300,165
1789311987799,2,0xd846..de1f,0xd80c..9c90,1784811501626,214
1789311987799,2,0xd846..de1f,0xd80c..5caf,7244,204
1789311987799,2,0xd846..de1f,0xd80f..ef61,1692361549160,165
1789311987876,2,0xd849..516e,0xd800..e370,260,143
1789311987876,2,0xd849..516e,0xd81b..8bb9,1757930362077,165
1789311987876,2,0xd849..516e,0xd80c..3fad,6903,239
1789311987876,2,0xd849..516e,0xd80f..7e71,1767972626714,165
1789311987876,2,0xd849..516e,0xd83e..f025,1787205736653,165
1789311987876,2,0xd849..516e,0xd838..7b90,231,236
1789311987876,2,0xd849..516e,0xd839..4088,1774442838392,161
1789311987876,2,0xd849..516e,0xd805..1277,1788413312729,165
1789311987876,2,0xd849..516e,0xd816..d8a9,1788417807904,165
1789311987876,2,0xd849..516e,0xd812..98ad,1775586931300,165
1789311987876,2,0xd849..516e,0xd82d..30bd,1766422586399,165
1789311987876,2,0xd849..516e,0xd83e..37e2,1774489875281,161
1789311987876,2,0xd849..516e,0xd834..1e1c,950,200
1789311987876,2,0xd849..516e,0xd80c..9c90,1784811501626,214
1789311987876,2,0xd849..516e,0xd83b..b184,264,147
1789311987876,2,0xd849..516e,0xd80f..ef61,1692361549160,165
1789311987917,2,0xd843..50de,0xd86b..4500,1789213290637,145
1789311987917,2,0xd843..50de,0xd866..0476,1789002680885,145
1789311987917,2,0xd843..50de,0xd87a..7379,54,237
1789311987917,2,0xd843..50de,0xd861..dfe6,18,163
1789311987917,2,0xd843..50de,0xd869..6244,1788413333195,165
1789311987917,2,0xd843..50de,0xd87d..0042,1779105773558,159
1789311987917,2,0xd843..50de,0xd86e..7827,4,134
1789311987917,2,0xd843..50de,0xd860..6e92,1763671621213,218
1789311987917,2,0xd843..50de,0xd876..012f,1,158
1789311987917,2,0xd843..50de,0xd877..0bb7,1781107887643,196
1789311987917,2,0xd843..50de,0xd871..f09b,1,153
1789311987917,2,0xd843..50de,0xd873..31cd,509,239
1789311987917,2,0xd843..50de,0xd86a..7a02,3,171
1789311987917,2,0xd843..50de,0xd87f..c03d,1771753607203,165
1789311987917,2,0xd843..50de,0xd80c..3fad,6903,239
1789311987917,2,0xd843..50de,0xd805..1277,1788413312729,165
1789311988034,2,0xd84f..56a3,0xd82a..afb1,1773200882396,226
1789311988034,2,0xd84f..56a3,0xd83e..f025,1787205736653,165
1789311988034,2,0xd84f..56a3,0xd80c..9c90,1784811501626,214
1789311988034,2,0xd84f..56a3,0xd81b..8bb9,1757930362077,165
1789311988034,2,0xd84f..56a3,0xd839..4088,1774442838392,161
1789311988034,2,0xd84f..56a3,0xd82d..30bd,1766422586399,165
1789311988034,2,0xd84f..56a3,0xd834..1e1c,950,200
1789311988034,2,0xd84f..56a3,0xd812..98ad,1775586931300,165
1789311988034,2,0xd84f..56a3,0xd80c..3fad,6903,239
1789311988034,2,0xd84f..56a3,0xd800..e370,260,143
1789311988034,2,0xd84f..56a3,0xd83e..37e2,1774489875281,161
1789311988034,2,0xd84f..56a3,0xd820..7189,85,237
1789311988034,2,0xd84f..56a3,0xd80f..ef61,1692361549160,165
1789311988034,2,0xd84f..56a3,0xd838..7b90,231,236
1789311988034,2,0xd84f..56a3,0xd80f..7e71,1767972626714,165
1789311988034,2,0xd84f..56a3,0xd83b..b184,264,147
1789311988034,2,0xd853..d265,0xd80c..3fad,6903,239
1789311988034,2,0xd853..d265,0xd80f..ef61,1692361549160,165
1789311988034,2,0xd853..d265,0xd81b..8bb9,1757930362077,165
1789311988034,2,0xd853..d265,0xd83e..f025,1787205736653,165
1789311988034,2,0xd853..d265,0xd80c..9c90,1784811501626,214
1789311988034,2,0xd853..d265,0xd830..1b9b,25,237
1789311988034,2,0xd853..d265,0xd838..7b90,231,236
1789311988034,2,0xd853..d265,0xd82d..30bd,1766422586399,165
1789311988034,2,0xd853..d265,0xd839..4088,1774442838392,161
1789311988034,2,0xd853..d265,0xd800..e370,260,143
1789311988034,2,0xd853..d265,0xd80c..5caf,7244,204
1789311988034,2,0xd853..d265,0xd83b..b184,264,147
1789311988034,2,0xd853..d265,0xd812..98ad,1775586931300,165
1789311988034,2,0xd853..d265,0xd80f..7e71,1767972626714,165
1789311988034,2,0xd853..d265,0xd834..1e1c,950,200
1789311988034,2,0xd853..d265,0xd833..5eab,412,196
1789311988088,2,0xd85d..4d71,0xd864..cbb6,1789255388976,145
1789311988088,2,0xd85d..4d71,0xd860..6e92,1763671621213,218
1789311988088,2,0xd85d..4d71,0xd869..6244,1788413333195,165
1789311988088,2,0xd85d..4d71,0xd873..31cd,509,239
1789311988088,2,0xd85d..4d71,0xd87f..c03d,1771753607203,165
1789311988088,2,0xd85d..4d71,0xd87d..0042,1779105773558,159
1789311988088,2,0xd85d..4d71,0xd86e..7827,4,134
1789311988088,2,0xd85d..4d71,0xd86a..7a02,3,171
1789311988088,2,0xd85d..4d71,0xd861..dfe6,18,163
1789311988088,2,0xd85d..4d71,0xd871..f09b,1,153
1789311988088,2,0xd85d..4d71,0xd876..012b,1785931831309,140
1789311988088,2,0xd85d..4d71,0xd87a..7379,54,237
1789311988088,2,0xd85d..4d71,0xd877..0bb7,1781107887643,196
1789311988088,2,0xd85d..4d71,0xd876..012f,1,158
1789311988088,2,0xd85d..4d71,0xd87f..0370,1786001960518,219
1789311988088,2,0xd85d..4d71,0xd80c..5caf,7244,204
1789311988166,2,0xd85b..788c,0xd864..cbb6,1789255388976,145
1789311988166,2,0xd85b..788c,0xd87f..c03d,1771753607203,165
1789311988166,2,0xd85b..788c,0xd873..31cd,509,239
1789311988166,2,0xd85b..788c,0xd860..6e92,1763671621213,218
1789311988166,2,0xd85b..788c,0xd87d..0042,1779105773558,159
1789311988166,2,0xd85b..788c,0xd876..012f,1,158
1789311988166,2,0xd85b..788c,0xd87a..7379,54,237
1789311988166,2,0xd85b..788c,0xd861..dfe6,18,163
1789311988166,2,0xd85b..788c,0xd876..012b,1785931831309,140
1789311988166,2,0xd85b..788c,0xd86a..7a02,3,171
1789311988166,2,0xd85b..788c,0xd86e..7827,4,134
1789311988166,2,0xd85b..788c,0xd87f..0370,1786001960518,219
1789311988166,2,0xd85b..788c,0xd871..f09b,1,153
1789311988166,2,0xd85b..788c,0xd869..6244,1788413333195,165
1789311988166,2,0xd85b..788c,0xd877..0bb7,1781107887643,196
1789311988166,2,0xd85b..788c,0xd80c..5caf,7244,204
1789311988246,2,0xd841..1892,0xd838..7b90,231,236
1789311988246,2,0xd841..1892,0xd80c..3fad,6903,239
1789311988246,2,0xd841..1892,0xd81b..8bb9,1757930362077,165
1789311988246,2,0xd841..1892,0xd80c..5caf,7244,204
1789311988246,2,0xd841..1892,0xd80c..9c90,1784811501626,214
1789311988246,2,0xd841..1892,0xd83b..b184,264,147
1789311988246,2,0xd841..1892,0xd839..4088,1774442838392,161
1789311988246,2,0xd841..1892,0xd805..1277,1788413312729,165
1789311988246,2,0xd841..1892,0xd816..d8a9,1788417807904,165
1789311988246,2,0xd841..1892,0xd812..98ad,1775586931300,165
1789311988246,2,0xd841..1892,0xd834..1e1c,950,200
1789311988246,2,0xd841..1892,0xd800..e370,260,143
1789311988246,2,0xd841..1892,0xd83e..f025,1787205736653,165
1789311988246,2,0xd841..1892,0xd83e..37e2,1774489875281,161
1789311988246,2,0xd841..1892,0xd80f..ef61,1692361549160,165
1789311988246,2,0xd841..1892,0xd80f..7e71,1767972626714,165
1789311988477,2,0xd869..6244,0xd805..1277,1788413312729,165
1789311988477,2,0xd869..6244,0xd834..2ff8,43,204
1789311988477,2,0xd869..6244,0xd80f..7e71,1767972626714,165
1789311988477,2,0xd869..6244,0xd809..aaef,2,153
1789311988477,2,0xd869..6244,0xd816..d8a9,1788417807904,165
1789311988477,2,0xd869..6244,0xd834..1e1c,611,239
1789311988477,2,0xd869..6244,0xd838..7b90,231,236
1789311988477,2,0xd869..6244,0xd8fa..4aa2,1788540229828,201
1789311988477,2,0xd869..6244,0xd8cc..8aaf,1786883721932,165
1789311988477,2,0xd869..6244,0xd8f9..ff82,1764936909454,160
1789311988477,2,0xd869..6244,0xd88b..98aa,2447,286
1789311988477,2,0xd869..6244,0xd8de..98d5,203,239
1789311988477,2,0xd869..6244,0xd8b8..fde6,28,237
1789311988477,2,0xd869..6244,0xd883..96a4,19016,155
1789311988477,2,0xd869..6244,0xd8ff..6d1b,34,202
1789311988477,2,0xd869..6244,0xd8f2..6353,1780949356382,159
1789311988674,2,0xd877..0bb7,0xd83e..37e2,1774489875281,161
1789311988674,2,0xd877..0bb7,0xd80f..7e71,1767972626714,165
1789311988674,2,0xd877..0bb7,0xd816..d8a9,1788417807904,165
1789311988674,2,0xd877..0bb7,0xd80c..9c90,1784811501626,214
1789311988674,2,0xd877..0bb7,0xd833..5eab,412,196
1789311988674,2,0xd877..0bb7,0xd805..1277,1788413312729,165
1789311988674,2,0xd877..0bb7,0xd80c..5caf,7244,204
1789311988674,2,0xd877..0bb7,0xd80f..ef61,1692361549160,165
1789311988674,2,0xd877..0bb7,0xd83b..b184,264,147
1789311988674,2,0xd877..0bb7,0xd839..4088,1774442838392,161
1789311988674,2,0xd877..0bb7,0xd83e..f025,1787205736653,165
1789311988674,2,0xd877..0bb7,0xd800..e370,260,143
1789311988674,2,0xd877..0bb7,0xd834..1e1c,950,200
1789311988674,2,0xd877..0bb7,0xd80c..3fad,6903,239
1789311988674,2,0xd877..0bb7,0xd812..98ad,1775586931300,165
1789311988674,2,0xd877..0bb7,0xd80d..90ff,133,265
1789311988694,2,0xd871..f09b,0xd840..6dc6,1745407344687,165
1789311988694,2,0xd871..f09b,0xd855..7e75,1771083861020,165
1789311988694,2,0xd871..f09b,0xd843..50de,125,237
1789311988694,2,0xd871..f09b,0xd851..d15d,1771753051877,165
1789311988694,2,0xd871..f09b,0xd85f..e446,4518,205
1789311988694,2,0xd871..f09b,0xd84e..4e41,1767933372887,165
1789311988694,2,0xd871..f09b,0xd848..3d2d,1311,200
1789311988694,2,0xd871..f09b,0xd85c..14be,1786584696822,168
1789311988694,2,0xd871..f09b,0xd85d..4d71,1,154
1789311988694,2,0xd871..f09b,0xd849..516e,1781487058742,214
1789311988694,2,0xd871..f09b,0xd84f..56a3,1763993167583,165
1789311988694,2,0xd871..f09b,0xd842..3570,140,214
1789311988694,2,0xd871..f09b,0xd844..788a,1787038072800,159
1789311988694,2,0xd871..f09b,0xd85b..788c,1,154
1789311988694,2,0xd871..f09b,0xd841..1892,1764744188344,218
1789311988694,2,0xd871..f09b,0xd853..d265,1763194502070,218
1789311988734,2,0xd874..eb94,0xd812..98ad,1775586931300,165
1789311988734,2,0xd874..eb94,0xd812..f809,1,153
1789311988734,2,0xd874..eb94,0xd83e..37e2,1774489875281,161
1789311988734,2,0xd874..eb94,0xd83b..b184,264,147
1789311988734,2,0xd874..eb94,0xd834..1e1c,950,200
1789311988734,2,0xd874..eb94,0xd81b..8bb9,1757930362077,165
1789311988734,2,0xd874..eb94,0xd83e..f025,1787205736653,165
1789311988734,2,0xd874..eb94,0xd80f..ef61,1692361549160,165
1789311988734,2,0xd874..eb94,0xd80c..9c90,1784811501626,214
1789311988734,2,0xd874..eb94,0xd838..7b90,231,236
1789311988734,2,0xd874..eb94,0xd828..58b7,1746076676351,165
1789311988734,2,0xd874..eb94,0xd82d..30bd,1766422586399,165
1789311988734,2,0xd874..eb94,0xd800..e370,260,143
1789311988734,2,0xd874..eb94,0xd839..4088,1774442838392,161
1789311988734,2,0xd874..eb94,0xd80f..7e71,1767972626714,165
1789311988734,2,0xd874..eb94,0xd80c..5caf,7244,204
1789311988761,2,0xd86a..7a02,0xd85d..4d71,1,154
1789311988761,2,0xd86a..7a02,0xd84e..4e41,1767933372887,165
1789311988761,2,0xd86a..7a02,0xd841..1892,1764744188344,218
1789311988761,2,0xd86a..7a02,0xd85c..14be,1786584696822,168
1789311988761,2,0xd86a..7a02,0xd840..6dc6,1745407344687,165
1789311988761,2,0xd86a..7a02,0xd855..7e75,1771083861020,165
1789311988761,2,0xd86a..7a02,0xd851..d15d,1771753051877,165
1789311988761,2,0xd86a..7a02,0xd849..516e,1781487058742,214
1789311988761,2,0xd86a..7a02,0xd848..3d2d,1311,200
1789311988761,2,0xd86a..7a02,0xd844..788a,1787038072800,159
1789311988761,2,0xd86a..7a02,0xd85b..788c,1,154
1789311988761,2,0xd86a..7a02,0xd853..d265,1763194502070,218
1789311988761,2,0xd86a..7a02,0xd84f..56a3,1763993167583,165
1789311988761,2,0xd86a..7a02,0xd842..3570,140,214
1789311988761,2,0xd86a..7a02,0xd846..de1f,1743505667684,165
1789311988761,2,0xd86a..7a02,0xd843..50de,125,237
1789311989045,2,0xd873..31cd,0xd844..788a,1787038072800,159
1789311989045,2,0xd873..31cd,0xd847..0f88,1788381791284,165
1789311989045,2,0xd873..31cd,0xd85f..e446,4518,205
1789311989045,2,0xd873..31cd,0xd849..516e,1781487058742,214
1789311989045,2,0xd873..31cd,0xd84b..2d22,1757554671229,165
1789311989045,2,0xd873..31cd,0xd843..50de,125,237
1789311989045,2,0xd873..31cd,0xd85d..4d71,1,154
1789311989045,2,0xd873..31cd,0xd85b..788c,1,154
1789311989045,2,0xd873..31cd,0xd842..3570,140,214
1789311989045,2,0xd873..31cd,0xd841..1892,1764744188344,218
1789311989045,2,0xd873..31cd,0xd853..d265,1763194502070,218
1789311989045,2,0xd873..31cd,0xd840..6dc6,1745407344687,165
1789311989045,2,0xd873..31cd,0xd85c..14be,1786584696822,168
1789311989045,2,0xd873..31cd,0xd848..3d2d,1311,200
1789311989045,2,0xd873..31cd,0xd851..d15d,1771753051877,165
1789311989045,2,0xd873..31cd,0xd84f..56a3,1763993167583,165
1789311989108,2,0xd87f..c03d,0xd82d..30bd,1766422586399,165
1789311989108,2,0xd87f..c03d,0xd80c..9c90,1784811501626,214
1789311989108,2,0xd87f..c03d,0xd800..e370,260,143
1789311989108,2,0xd87f..c03d,0xd81e..2900,1789058931337,159
1789311989108,2,0xd87f..c03d,0xd839..4088,1774442838392,161
1789311989108,2,0xd87f..c03d,0xd83b..b184,264,147
1789311989108,2,0xd87f..c03d,0xd812..98ad,1775586931300,165
1789311989108,2,0xd87f..c03d,0xd834..1e1c,950,200
1789311989108,2,0xd87f..c03d,0xd805..1277,1788413312729,165
1789311989108,2,0xd87f..c03d,0xd81b..8bb9,1757930362077,165
1789311989108,2,0xd87f..c03d,0xd80f..7e71,1767972626714,165
1789311989108,2,0xd87f..c03d,0xd80f..ef61,1692361549160,165
1789311989108,2,0xd87f..c03d,0xd83e..37e2,1774489875281,161
1789311989108,2,0xd87f..c03d,0xd838..7b90,231,236
1789311989108,2,0xd87f..c03d,0xd80c..3fad,6903,239
1789311989108,2,0xd87f..c03d,0xd83e..f025,1787205736653,165
1789311989179,2,0xd840..6dc6,0xd80f..ef61,1692361549160,165
1789311989179,2,0xd840..6dc6,0xd80c..3fad,6903,239
1789311989179,2,0xd840..6dc6,0xd812..98ad,1775586931300,165
1789311989179,2,0xd840..6dc6,0xd83b..b184,264,147
1789311989179,2,0xd840..6dc6,0xd834..1e1c,950,200
1789311989179,2,0xd840..6dc6,0xd82d..30bd,1766422586399,165
1789311989179,2,0xd840..6dc6,0xd81b..8bb9,1757930362077,165
1789311989179,2,0xd840..6dc6,0xd80c..9c90,1784811501626,214
1789311989179,2,0xd840..6dc6,0xd805..1277,1788413312729,165
1789311989179,2,0xd840..6dc6,0xd818..7d04,1762531874581,226
1789311989179,2,0xd840..6dc6,0xd83e..f025,1787205736653,165
1789311989179,2,0xd840..6dc6,0xd809..aaef,2,153
1789311989179,2,0xd840..6dc6,0xd839..4088,1774442838392,161
1789311989179,2,0xd840..6dc6,0xd83e..37e2,1774489875281,161
1789311989179,2,0xd840..6dc6,0xd80f..7e71,1767972626714,165
1789311989179,2,0xd840..6dc6,0xd838..7b90,231,236
1789311989192,2,0xd842..3570,0xd816..d8a9,1788417807904,165
1789311989192,2,0xd842..3570,0xd83e..37e2,1774489875281,161
1789311989192,2,0xd842..3570,0xd80c..5caf,7244,204
1789311989192,2,0xd842..3570,0xd834..1e1c,950,200
1789311989192,2,0xd842..3570,0xd81b..8bb9,1757930362077,165
1789311989192,2,0xd842..3570,0xd80c..9c90,1784811501626,214
1789311989192,2,0xd842..3570,0xd80c..3fad,6903,239
1789311989192,2,0xd842..3570,0xd805..1277,1788413312729,165
1789311989192,2,0xd842..3570,0xd838..7b90,231,236
1789311989192,2,0xd842..3570,0xd80f..ef61,1692361549160,165
1789311989192,2,0xd842..3570,0xd83b..b184,264,147
1789311989192,2,0xd842..3570,0xd83e..f025,1787205736653,165
1789311989192,2,0xd842..3570,0xd80f..7e71,1767972626714,165
1789311989192,2,0xd842..3570,0xd80f..6ee4,140,239
1789311989192,2,0xd842..3570,0xd839..4088,1774442838392,161
1789311989192,2,0xd842..3570,0xd814..52eb,32,285
1789311989222,2,0xd84e..4e41,0xd834..1e1c,950,200
1789311989222,2,0xd84e..4e41,0xd82d..30bd,1766422586399,165
1789311989222,2,0xd84e..4e41,0xd80f..ef61,1692361549160,165
1789311989222,2,0xd84e..4e41,0xd838..7b90,231,236
1789311989222,2,0xd84e..4e41,0xd831..8758,2,154
1789311989222,2,0xd84e..4e41,0xd80c..9c90,1784811501626,214
1789311989222,2,0xd84e..4e41,0xd814..52eb,32,285
1789311989222,2,0xd84e..4e41,0xd828..58b7,1746076676351,165
1789311989222,2,0xd84e..4e41,0xd812..98ad,1775586931300,165
1789311989222,2,0xd84e..4e41,0xd80f..7e71,1767972626714,165
1789311989222,2,0xd84e..4e41,0xd83b..b184,264,147
1789311989222,2,0xd84e..4e41,0xd83e..37e2,1774489875281,161
1789311989222,2,0xd84e..4e41,0xd83e..f025,1787205736653,165
1789311989222,2,0xd84e..4e41,0xd81b..8bb9,1757930362077,165
1789311989222,2,0xd84e..4e41,0xd839..4088,1774442838392,161
1789311989222,2,0xd84e..4e41,0xd80c..3fad,6903,239
1789311989383,2,0xd855..7e75,0xd838..7b90,231,236
1789311989383,2,0xd855..7e75,0xd812..98ad,1775586931300,165
1789311989383,2,0xd855..7e75,0xd80c..9c90,1784811501626,214
1789311989383,2,0xd855..7e75,0xd83e..f025,1787205736653,165
1789311989383,2,0xd855..7e75,0xd81b..8bb9,1757930362077,165
1789311989383,2,0xd855..7e75,0xd80f..ef61,1692361549160,165
1789311989383,2,0xd855..7e75,0xd82d..30bd,1766422586399,165
1789311989383,2,0xd855..7e75,0xd80c..5caf,7244,204
1789311989383,2,0xd855..7e75,0xd820..7189,85,237
1789311989383,2,0xd855..7e75,0xd83e..37e2,1774489875281,161
1789311989383,2,0xd855..7e75,0xd839..4088,1774442838392,161
1789311989383,2,0xd855..7e75,0xd834..1e1c,950,200
1789311989383,2,0xd855..7e75,0xd805..1277,1788413312729,165
1789311989383,2,0xd855..7e75,0xd83b..b184,264,147
1789311989383,2,0xd855..7e75,0xd803..cf6f,1789180665351,210
1789311989383,2,0xd855..7e75,0xd800..e370,260,143
1789311989402,2,0xd851..d15d,0xd80c..9c90,1784811501626,214
1789311989402,2,0xd851..d15d,0xd816..d8a9,1788417807904,165
1789311989402,2,0xd851..d15d,0xd80f..7e71,1767972626714,165
1789311989402,2,0xd851..d15d,0xd800..e370,260,143
1789311989402,2,0xd851..d15d,0xd812..98ad,1775586931300,165
1789311989402,2,0xd851..d15d,0xd80c..3fad,6903,239
1789311989402,2,0xd851..d15d,0xd82d..30bd,1766422586399,165
1789311989402,2,0xd851..d15d,0xd838..7b90,231,236
1789311989402,2,0xd851..d15d,0xd833..5eab,412,196
1789311989402,2,0xd851..d15d,0xd834..1e1c,950,200
1789311989402,2,0xd851..d15d,0xd81b..8bb9,1757930362077,165
1789311989402,2,0xd851..d15d,0xd83e..f025,1787205736653,165
1789311989402,2,0xd851..d15d,0xd839..4088,1774442838392,161
1789311989402,2,0xd851..d15d,0xd83b..b184,264,147
1789311989402,2,0xd851..d15d,0xd80f..ef61,1692361549160,165
1789311989402,2,0xd851..d15d,0xd83e..37e2,1774489875281,161
1789311989417,2,0xd847..0f88,0xd82d..30bd,1766422586399,165
1789311989417,2,0xd847..0f88,0xd816..d8a9,1788417807904,165
1789311989417,2,0xd847..0f88,0xd80c..9c90,1784811501626,214
1789311989417,2,0xd847..0f88,0xd838..7b90,231,236
1789311989417,2,0xd847..0f88,0xd834..1e1c,611,239
1789311989417,2,0xd847..0f88,0xd828..58b7,1746076676351,165
1789311989417,2,0xd847..0f88,0xd8d8..9812,1784147002979,165
1789311989417,2,0xd847..0f88,0xd8cc..f73e,2,171
1789311989417,2,0xd847..0f88,0xd8fa..4aa2,1788540229828,201
1789311989417,2,0xd847..0f88,0xd8a6..f10a,1734642054899,165
1789311989417,2,0xd847..0f88,0xd8b8..fde6,28,237
1789311989417,2,0xd847..0f88,0xd8af..7ca9,1769696967434,165
1789311989418,2,0xd847..0f88,0xd8d0..9991,54,198
1789311989418,2,0xd847..0f88,0xd8b2..8b38,1782152379803,214
1789311989418,2,0xd847..0f88,0xd89a..c327,1675249341371,165
1789311989418,2,0xd847..0f88,0xd89a..3d78,1768352657631,165
1789311989429,2,0xd85c..14be,0xd834..1e1c,950,200
1789311989429,2,0xd85c..14be,0xd82d..30bd,1766422586399,165
1789311989429,2,0xd85c..14be,0xd81b..8bb9,1757930362077,165
1789311989429,2,0xd85c..14be,0xd83e..f025,1787205736653,165
1789311989429,2,0xd85c..14be,0xd838..7b90,231,236
1789311989429,2,0xd85c..14be,0xd812..98ad,1775586931300,165
1789311989429,2,0xd85c..14be,0xd800..e370,260,143
1789311989429,2,0xd85c..14be,0xd805..1277,1788413312729,165
1789311989429,2,0xd85c..14be,0xd80f..ef61,1692361549160,165
1789311989429,2,0xd85c..14be,0xd816..d8a9,1788417807904,165
1789311989429,2,0xd85c..14be,0xd83e..37e2,1774489875281,161
1789311989429,2,0xd85c..14be,0xd80c..3fad,6903,239
1789311989429,2,0xd85c..14be,0xd839..4088,1774442838392,161
1789311989429,2,0xd85c..14be,0xd80c..9c90,1784811501626,214
1789311989429,2,0xd85c..14be,0xd80f..7e71,1767972626714,165
1789311989429,2,0xd85c..14be,0xd83b..b184,264,147
1789311989438,2,0xd87f..0370,0xd800..e370,260,143
1789311989438,2,0xd87f..0370,0xd83e..37e2,1774489875281,161
1789311989438,2,0xd87f..0370,0xd81b..8bb9,1757930362077,165
1789311989438,2,0xd87f..0370,0xd828..58b7,1746076676351,165
1789311989438,2,0xd87f..0370,0xd80c..5caf,7244,204
1789311989438,2,0xd87f..0370,0xd839..4088,1774442838392,161
1789311989438,2,0xd87f..0370,0xd82d..30bd,1766422586399,165
1789311989438,2,0xd87f..0370,0xd80f..ef61,1692361549160,165
1789311989438,2,0xd87f..0370,0xd80f..7e71,1767972626714,165
1789311989438,2,0xd87f..0370,0xd83e..f025,1787205736653,165
1789311989438,2,0xd87f..0370,0xd83e..ba1d,35582,240
1789311989438,2,0xd87f..0370,0xd807..8026,81,285
1789311989438,2,0xd87f..0370,0xd838..7b90,231,236
1789311989438,2,0xd87f..0370,0xd80c..9c90,1784811501626,214
1789311989438,2,0xd87f..0370,0xd80c..3fad,6903,239
1789311989438,2,0xd87f..0370,0xd834..1e1c,950,200
1789311989452,2,0xd87a..7379,0xd847..0f88,1788381791284,165
1789311989452,2,0xd87a..7379,0xd840..6dc6,1745407344687,165
1789311989452,2,0xd87a..7379,0xd842..3570,140,214
1789311989452,2,0xd87a..7379,0xd84b..2d22,1757554671229,165
1789311989452,2,0xd87a..7379,0xd853..d265,1763194502070,218
1789311989452,2,0xd87a..7379,0xd851..d15d,1771753051877,165
1789311989452,2,0xd87a..7379,0xd844..788a,1787038072800,159
1789311989452,2,0xd87a..7379,0xd85c..14be,1786584696822,168
1789311989452,2,0xd87a..7379,0xd85b..788c,1,154
1789311989452,2,0xd87a..7379,0xd841..1892,1764744188344,218
1789311989452,2,0xd87a..7379,0xd85d..4d71,1,154
1789311989452,2,0xd87a..7379,0xd84e..4e41,1767933372887,165
1789311989452,2,0xd87a..7379,0xd849..516e,1781487058742,214
1789311989452,2,0xd87a..7379,0xd848..3d2d,1311,200
1789311989452,2,0xd87a..7379,0xd84f..56a3,1763993167583,165
1789311989452,2,0xd87a..7379,0xd83e..f025,1787205736653,165
1789311989452,2,0xd85f..e446,0xd834..1e1c,950,200
1789311989452,2,0xd85f..e446,0xd83b..b184,264,147
1789311989452,2,0xd85f..e446,0xd80c..5caf,7244,204
1789311989452,2,0xd85f..e446,0xd831..8758,4,171
1789311989452,2,0xd85f..e446,0xd800..e370,260,143
1789311989452,2,0xd85f..e446,0xd80c..9c90,1784811501626,214
1789311989452,2,0xd85f..e446,0xd838..7b90,231,236
1789311989452,2,0xd85f..e446,0xd82d..e17e,2,153
1789311989452,2,0xd85f..e446,0xd80d..90ff,133,265
1789311989452,2,0xd85f..e446,0xd814..52eb,32,285
1789311989452,2,0xd85f..e446,0xd82c..f849,1782110005839,218
1789311989452,2,0xd85f..e446,0xd83e..37e2,1774489875281,161
1789311989452,2,0xd85f..e446,0xd80c..3fad,6903,239
1789311989452,2,0xd85f..e446,0xd80f..7e71,1767972626714,165
1789311989452,2,0xd85f..e446,0xd830..1b9b,25,237
1789311989452,2,0xd85f..e446,0xd809..aaef,2,153
1789311989539,2,0xd883..96a4,0xd842..3570,140,214
1789311989539,2,0xd883..96a4,0xd834..1e1c,611,239
1789311989539,2,0xd883..96a4,0xd86a..7a02,2,154
1789311989539,2,0xd883..96a4,0xd869..6244,1788413333195,165
1789311989539,2,0xd883..96a4,0xd919..8c11,3,153
1789311989539,2,0xd883..96a4,0xd911..b12f,2,153
1789311989539,2,0xd883..96a4,0xd980..a4bc,3,153
1789311989539,2,0xd883..96a4,0xd9ff..9e07,3,154
1789311989539,2,0xd883..96a4,0xd922..a4ae,70,230
1789311989539,2,0xd883..96a4,0xd995..f755,1743842182516,165
1789311989539,2,0xd883..96a4,0xd9e9..0dd6,1,154
1789311989539,2,0xd883..96a4,0xd9b1..c85b,3296,200
1789311989539,2,0xd883..96a4,0xd9ea..0f80,2,153
1789311989539,2,0xd883..96a4,0xd967..7e96,2,153
1789311989539,2,0xd883..96a4,0xd984..65ed,1,153
1789311989539,2,0xd883..96a4,0xd959..4c7f,1,153
1789311989738,2,0xd8a6..f10a,0xd84f..56a3,1763993167583,165
1789311989738,2,0xd8a6..f10a,0xd839..4088,1774442838392,161
1789311989738,2,0xd8a6..f10a,0xd877..0bb7,1781107887643,196
1789311989738,2,0xd8a6..f10a,0xd85b..788c,1,154
1789311989738,2,0xd8a6..f10a,0xd841..1892,1764744188344,218
1789311989738,2,0xd8a6..f10a,0xd84e..4e41,1767933372887,165
1789311989738,2,0xd8a6..f10a,0xd848..3d2d,1311,200
1789311989738,2,0xd8a6..f10a,0xd80f..ef61,1692361549160,165
1789311989738,2,0xd8a6..f10a,0xd874..eb94,1781617774070,159
1789311989738,2,0xd8a6..f10a,0xd87a..7379,54,237
1789311989738,2,0xd8a6..f10a,0xd85c..14be,1786584696822,168
1789311989738,2,0xd8a6..f10a,0xd834..1e1c,950,200
1789311989738,2,0xd8a6..f10a,0xd86a..7a02,3,171
1789311989738,2,0xd8a6..f10a,0xd842..3570,140,214
1789311989738,2,0xd8a6..f10a,0xd843..50de,125,237
1789311989738,2,0xd8a6..f10a,0xd876..012b,1785931831309,140
1789311989766,2,0xd89a..c327,0xd85b..788c,1,154
1789311989766,2,0xd89a..c327,0xd839..4088,1774442838392,161
1789311989766,2,0xd89a..c327,0xd871..f09b,1,153
1789311989766,2,0xd89a..c327,0xd842..3570,140,214
1789311989766,2,0xd89a..c327,0xd843..50de,125,237
1789311989766,2,0xd89a..c327,0xd80c..9c90,1784811501626,214
1789311989766,2,0xd89a..c327,0xd841..1892,1764744188344,218
1789311989766,2,0xd89a..c327,0xd849..516e,1781487058742,214
1789311989766,2,0xd89a..c327,0xd847..0f88,1788381791284,165
1789311989766,2,0xd89a..c327,0xd853..d265,1763194502070,218
1789311989766,2,0xd89a..c327,0xd876..012b,1785931831309,140
1789311989766,2,0xd89a..c327,0xd846..de1f,1743505667684,165
1789311989766,2,0xd89a..c327,0xd81b..8bb9,1757930362077,165
1789311989766,2,0xd89a..c327,0xd85c..14be,1786584696822,168
1789311989766,2,0xd89a..c327,0xd84e..4e41,1767933372887,165
1789311989766,2,0xd89a..c327,0xd87a..7379,54,237
1789311989807,2,0xd8b2..8b38,0xd80f..7e71,1767972626714,165
1789311989807,2,0xd8b2..8b38,0xd849..516e,1781487058742,214
1789311989807,2,0xd8b2..8b38,0xd844..788a,1787038072800,159
1789311989807,2,0xd8b2..8b38,0xd85f..e446,4516,205
1789311989807,2,0xd8b2..8b38,0xd80f..ef61,1692361549160,165
1789311989807,2,0xd8b2..8b38,0xd847..0f88,1788381791284,165
1789311989807,2,0xd8b2..8b38,0xd841..1892,1764744188344,218
1789311989807,2,0xd8b2..8b38,0xd877..0bb7,1781107887643,196
1789311989807,2,0xd8b2..8b38,0xd853..d265,1763194502070,218
1789311989807,2,0xd8b2..8b38,0xd851..d15d,1771753051877,165
1789311989807,2,0xd8b2..8b38,0xd871..f09b,1,153
1789311989807,2,0xd8b2..8b38,0xd84f..56a3,1763993167583,165
1789311989807,2,0xd8b2..8b38,0xd81b..8bb9,1757930362077,165
1789311989807,2,0xd8b2..8b38,0xd80c..9c90,1784811501626,214
1789311989807,2,0xd8b2..8b38,0xd87f..0370,1786001960518,219
1789311989807,2,0xd8b2..8b38,0xd846..de1f,1743505667684,165
1789311989846,2,0xd8af..7ca9,0xd80c..3fad,6903,239
1789311989846,2,0xd8af..7ca9,0xd87f..c03d,1771753607203,165
1789311989846,2,0xd8af..7ca9,0xd877..0bb7,1781107887643,196
1789311989846,2,0xd8af..7ca9,0xd85c..14be,1786584696822,168
1789311989846,2,0xd8af..7ca9,0xd84f..56a3,1763993167583,165
1789311989846,2,0xd8af..7ca9,0xd80c..9c90,1784811501626,214
1789311989846,2,0xd8af..7ca9,0xd841..1892,1764744188344,218
1789311989846,2,0xd8af..7ca9,0xd80f..7e71,1767972626714,165
1789311989846,2,0xd8af..7ca9,0xd81b..8bb9,1757930362077,165
1789311989846,2,0xd8af..7ca9,0xd846..de1f,1743505667684,165
1789311989846,2,0xd8af..7ca9,0xd848..3d2d,1311,200
1789311989846,2,0xd8af..7ca9,0xd847..0f88,1788381791284,165
1789311989846,2,0xd8af..7ca9,0xd812..98ad,1775586931300,165
1789311989846,2,0xd8af..7ca9,0xd84e..4e41,1767933372887,165
1789311989846,2,0xd8af..7ca9,0xd876..012b,1785931831309,140
1789311989846,2,0xd8af..7ca9,0xd87a..7379,54,237
1789311989868,2,0xd84b..2d22,0xd83b..b184,264,147
1789311989868,2,0xd84b..2d22,0xd834..1e1c,950,200
1789311989868,2,0xd84b..2d22,0xd812..98ad,1775586931300,165
1789311989868,2,0xd84b..2d22,0xd83e..f025,1787205736653,165
1789311989868,2,0xd84b..2d22,0xd809..aaef,2,153
1789311989868,2,0xd84b..2d22,0xd8ba..3fbf,1,153
1789311989868,2,0xd84b..2d22,0xd8d5..a837,320336,201
1789311989868,2,0xd84b..2d22,0xd8fb..a53b,1767732998814,165
1789311989868,2,0xd84b..2d22,0xd88b..98aa,2447,286
1789311989868,2,0xd84b..2d22,0xd8b5..a02e,90,237
1789311989868,2,0xd84b..2d22,0xd8b2..8b38,1782152379803,214
1789311989868,2,0xd84b..2d22,0xd8fa..f36d,1,153
1789311989868,2,0xd84b..2d22,0xd8ff..6d1b,34,202
1789311989868,2,0xd84b..2d22,0xd8cd..329c,4,154
1789311989868,2,0xd84b..2d22,0xd88b..366e,1784183448903,159
1789311989868,2,0xd84b..2d22,0xd895..7058,1784851845646,165
1789311989868,2,0xd88b..98aa,0xd8c4..1c97,1774648584590,218
1789311989868,2,0xd88b..98aa,0xd8fc..4c5d,1761155928195,165
1789311989868,2,0xd88b..98aa,0xd8d1..b2d3,2,153
1789311989868,2,0xd88b..98aa,0xd8ff..3b8d,1784974244100,214
1789311989868,2,0xd88b..98aa,0xd8f3..117f,1788935011723,219
1789311989868,2,0xd88b..98aa,0xd8f6..c8eb,1687756280959,165
1789311989868,2,0xd88b..98aa,0xd8ff..6d1b,34,202
1789311989868,2,0xd88b..98aa,0xd8d8..9812,1784147002979,165
1789311989868,2,0xd88b..98aa,0xd8f0..33ae,1742499069092,165
1789311989868,2,0xd88b..98aa,0xd8fa..4aa2,1788540229828,201
1789311989868,2,0xd88b..98aa,0xd8d0..9991,54,198
1789311989868,2,0xd88b..98aa,0xd8f9..ff82,1764936909454,160
1789311989868,2,0xd88b..98aa,0xd8f2..6353,1780949356382,159
1789311989868,2,0xd88b..98aa,0xd8cc..8aaf,1786883721932,165
1789311989868,2,0xd88b..98aa,0xd8cc..f73e,2,171
1789311989868,2,0xd88b..98aa,0xd8fb..a53b,1767732998814,165
1789311989935,2,0xd8cc..f73e,0xd8bc..7968,143,286
1789311989935,2,0xd8cc..f73e,0xd8b8..fde6,28,237
1789311989935,2,0xd8cc..f73e,0xd8b2..950e,7,185
1789311989935,2,0xd8cc..f73e,0xd8b0..0f6d,1762472397226,159
1789311989935,2,0xd8cc..f73e,0xd8ba..3fbf,1,153
1789311989935,2,0xd8cc..f73e,0xd88b..366e,1784183448903,159
1789311989935,2,0xd8cc..f73e,0xd8a9..d670,1755746514609,165
1789311989935,2,0xd8cc..f73e,0xd89a..c327,1675249341371,165
1789311989935,2,0xd8cc..f73e,0xd88a..3b3b,1761905478443,165
1789311989935,2,0xd8cc..f73e,0xd895..7058,1784851845646,165
1789311989935,2,0xd8cc..f73e,0xd88f..88e1,1763796354215,165
1789311989935,2,0xd8cc..f73e,0xd8b9..ffb6,1720309034533,159
1789311989935,2,0xd8cc..f73e,0xd8a0..0324,760,266
1789311989935,2,0xd8cc..f73e,0xd8bc..3049,1778486504884,168
1789311989935,2,0xd8cc..f73e,0xd8af..7ca9,1769696967434,165
1789311989935,2,0xd8cc..f73e,0xd8a6..f10a,1734642054899,165
1789311989986,2,0xd8b8..fde6,0xd8de..98d5,203,239
1789311989986,2,0xd8b8..fde6,0xd8f0..33ae,1742499069092,165
1789311989986,2,0xd8b8..fde6,0xd8ed..4742,838,256
1789311989986,2,0xd8b8..fde6,0xd8fc..99cf,2,154
1789311989986,2,0xd8b8..fde6,0xd8d0..9991,54,198
1789311989986,2,0xd8b8..fde6,0xd8dd..fa24,1762190949479,165
1789311989986,2,0xd8b8..fde6,0xd8f6..c8eb,1687756280959,165
1789311989986,2,0xd8b8..fde6,0xd8ff..3b8d,1784974244100,214
1789311989986,2,0xd8b8..fde6,0xd8f9..ff82,1764936909454,160
1789311989986,2,0xd8b8..fde6,0xd8cc..8aaf,1786883721932,165
1789311989986,2,0xd8b8..fde6,0xd8ff..6d1b,34,202
1789311989986,2,0xd8b8..fde6,0xd8f3..117f,1788935011723,219
1789311989986,2,0xd8b8..fde6,0xd8fb..a53b,1767732998814,165
1789311989986,2,0xd8b8..fde6,0xd8c5..b084,1779358051612,165
1789311989986,2,0xd8b8..fde6,0xd8f2..6353,1780949356382,159
1789311989986,2,0xd8b8..fde6,0xd8fa..4aa2,1788540229828,201
1789311990074,2,0xd8cc..8aaf,0xd853..d265,1763194502070,218
1789311990074,2,0xd8cc..8aaf,0xd846..de1f,1743505667684,165
1789311990074,2,0xd8cc..8aaf,0xd80c..9c90,1784811501626,214
1789311990074,2,0xd8cc..8aaf,0xd841..1892,1764744188344,218
1789311990074,2,0xd8cc..8aaf,0xd877..0bb7,1781107887643,196
1789311990074,2,0xd8cc..8aaf,0xd83b..b184,264,147
1789311990074,2,0xd8cc..8aaf,0xd85c..14be,1786584696822,168
1789311990074,2,0xd8cc..8aaf,0xd84f..56a3,1763993167583,165
1789311990074,2,0xd8cc..8aaf,0xd87f..c03d,1771753607203,165
1789311990074,2,0xd8cc..8aaf,0xd800..e370,260,143
1789311990074,2,0xd8cc..8aaf,0xd83e..37e2,1774489875281,161
1789311990074,2,0xd8cc..8aaf,0xd848..3d2d,1311,200
1789311990074,2,0xd8cc..8aaf,0xd838..7b90,231,236
1789311990074,2,0xd8cc..8aaf,0xd84e..4e41,1767933372887,165
1789311990074,2,0xd8cc..8aaf,0xd876..012b,1785931831309,140
1789311990074,2,0xd8cc..8aaf,0xd80f..7e71,1767972626714,165
1789311990074,2,0xd8b0..0f6d,0xd971..9623,1762345914532,159
1789311990074,2,0xd8b0..0f6d,0xd9dc..aabf,1762838144312,159
1789311990188,2,0xd8d0..9991,0xd88b..2aab,208,239
1789311990188,2,0xd8d0..9991,0xd8b8..fde6,28,237
1789311990188,2,0xd8d0..9991,0xd8a6..f10a,1734642054899,165
1789311990188,2,0xd8d0..9991,0xd88a..e9a6,24,237
1789311990188,2,0xd8d0..9991,0xd89a..c327,1675249341371,165
1789311990188,2,0xd8d0..9991,0xd8b0..0f6d,1762472397226,159
1789311990188,2,0xd8d0..9991,0xd8b2..8b38,1782152379803,214
1789311990188,2,0xd8d0..9991,0xd88f..4aa9,144,203
1789311990188,2,0xd8d0..9991,0xd88a..3b3b,1761905478443,165
1789311990188,2,0xd8d0..9991,0xd8a9..d670,1755746514609,165
1789311990188,2,0xd8d0..9991,0xd8bc..7968,143,286
1789311990188,2,0xd8d0..9991,0xd89c..e560,89,285
1789311990188,2,0xd8d0..9991,0xd8b9..ffb6,1720309034533,159
1789311990188,2,0xd8d0..9991,0xd88b..98aa,2447,286
1789311990188,2,0xd8d0..9991,0xd88b..366e,1784183448903,159
1789311990188,2,0xd8d0..9991,0xd8af..7ca9,1769696967434,165
1789311990208,2,0xd89a..3d78,0xd849..516e,1781487058742,214
1789311990208,2,0xd89a..3d78,0xd812..98ad,1775586931300,165
1789311990208,2,0xd89a..3d78,0xd839..4088,1774442838392,161
1789311990208,2,0xd89a..3d78,0xd853..d265,1763194502070,218
1789311990208,2,0xd89a..3d78,0xd841..1892,1764744188344,218
1789311990208,2,0xd89a..3d78,0xd871..f09b,1,153
1789311990208,2,0xd89a..3d78,0xd83e..f025,1787205736653,165
1789311990208,2,0xd89a..3d78,0xd844..788a,1787038072800,159
1789311990208,2,0xd89a..3d78,0xd876..012b,1785931831309,140
1789311990208,2,0xd89a..3d78,0xd84e..4e41,1767933372887,165
1789311990208,2,0xd89a..3d78,0xd87f..0370,1786001960518,219
1789311990208,2,0xd89a..3d78,0xd848..3d2d,1311,200
1789311990208,2,0xd89a..3d78,0xd877..0bb7,1781107887643,196
1789311990208,2,0xd89a..3d78,0xd87a..7379,54,237
1789311990208,2,0xd89a..3d78,0xd83b..b184,264,147
1789311990208,2,0xd89a..3d78,0xd80f..7e71,1767972626714,165
1789311990411,2,0xd88b..366e,0xd848..3d2d,1311,200
1789311990411,2,0xd88b..366e,0xd84e..4e41,1767933372887,165
1789311990411,2,0xd88b..366e,0xd874..eb94,1781617774070,159
1789311990411,2,0xd88b..366e,0xd87f..c03d,1771753607203,165
1789311990411,2,0xd88b..366e,0xd853..d265,1763194502070,218
1789311990411,2,0xd88b..366e,0xd800..e370,260,143
1789311990411,2,0xd88b..366e,0xd85b..788c,1,154
1789311990411,2,0xd88b..366e,0xd877..0bb7,1781107887643,196
1789311990411,2,0xd88b..366e,0xd85d..4d71,1,154
1789311990411,2,0xd88b..366e,0xd87a..7379,54,237
1789311990411,2,0xd88b..366e,0xd843..50de,125,237
1789311990411,2,0xd88b..366e,0xd840..6dc6,1745407344687,165
1789311990411,2,0xd88b..366e,0xd851..d15d,1771753051877,165
1789311990411,2,0xd88b..366e,0xd871..f09b,1,153
1789311990411,2,0xd88b..366e,0xd80c..9c90,1784811501626,214
1789311990411,2,0xd88b..366e,0xd84f..56a3,1763993167583,165
1789311990438,2,0xd895..7058,0xd80f..7e71,1767972626714,165
1789311990438,2,0xd895..7058,0xd848..3d2d,1311,200
1789311990438,2,0xd895..7058,0xd853..d265,1763194502070,218
1789311990438,2,0xd895..7058,0xd83e..37e2,1774489875281,161
1789311990438,2,0xd895..7058,0xd842..3570,140,214
1789311990438,2,0xd895..7058,0xd81b..8bb9,1757930362077,165
1789311990438,2,0xd895..7058,0xd834..1e1c,950,200
1789311990438,2,0xd895..7058,0xd83e..f025,1787205736653,165
1789311990438,2,0xd895..7058,0xd85d..4d71,1,154
1789311990438,2,0xd895..7058,0xd80f..ef61,1692361549160,165
1789311990438,2,0xd895..7058,0xd874..eb94,1781617774066,159
1789311990438,2,0xd895..7058,0xd80c..9c90,1784811501626,214
1789311990438,2,0xd895..7058,0xd80c..3fad,6903,239
1789311990438,2,0xd895..7058,0xd877..0bb7,1781107887643,196
1789311990438,2,0xd895..7058,0xd838..7b90,231,236
1789311990438,2,0xd895..7058,0xd86a..7a02,3,171
1789311990497,2,0xd88b..2aab,0xd8f5..88be,2,154
1789311990497,2,0xd88b..2aab,0xd8d0..9991,54,198
1789311990497,2,0xd88b..2aab,0xd8ff..3b8d,1784974244100,214
1789311990497,2,0xd88b..2aab,0xd8fb..a53b,1767732998814,165
1789311990497,2,0xd88b..2aab,0xd8cc..8aaf,1786883721932,165
1789311990497,2,0xd88b..2aab,0xd8f0..33ae,1742499069092,165
1789311990497,2,0xd88b..2aab,0xd8f6..c8eb,1687756280959,165
1789311990497,2,0xd88b..2aab,0xd8f2..6353,1780949356382,159
1789311990497,2,0xd88b..2aab,0xd83e..f025,1787205736653,165
1789311990497,2,0xd88b..2aab,0xd838..7b90,231,236
1789311990497,2,0xd88b..2aab,0xd8ff..6d1b,34,202
1789311990497,2,0xd88b..2aab,0xd8f9..ff82,1764936909454,160
1789311990497,2,0xd88b..2aab,0xd8c5..b084,1779358051612,165
1789311990497,2,0xd88b..2aab,0xd8de..98d5,203,239
1789311990497,2,0xd88b..2aab,0xd8d8..9812,1784147002979,165
1789311990497,2,0xd88b..2aab,0xd8f3..117f,1788935011723,219
1789311990549,2,0xd8a9..d670,0xd844..788a,1787038072800,159
1789311990549,2,0xd8a9..d670,0xd877..0bb7,1781107887643,196
1789311990549,2,0xd8a9..d670,0xd853..d265,1763194502070,218
1789311990549,2,0xd8a9..d670,0xd84f..56a3,1763993167583,165
1789311990549,2,0xd8a9..d670,0xd86a..7a02,3,171
1789311990549,2,0xd8a9..d670,0xd81b..8bb9,1757930362077,165
1789311990549,2,0xd8a9..d670,0xd871..f09b,1,153
1789311990549,2,0xd8a9..d670,0xd80f..7e71,1767972626714,165
1789311990549,2,0xd8a9..d670,0xd87f..0370,1786001960518,219
1789311990549,2,0xd8a9..d670,0xd848..3d2d,1311,200
1789311990549,2,0xd8a9..d670,0xd87a..7379,54,237
1789311990549,2,0xd8a9..d670,0xd84e..4e41,1767933372887,165
1789311990549,2,0xd8a9..d670,0xd812..98ad,1775586931300,165
1789311990549,2,0xd8a9..d670,0xd834..1e1c,950,200
1789311990549,2,0xd8a9..d670,0xd85c..14be,1786584696822,168
1789311990549,2,0xd8a9..d670,0xd80c..9c90,1784811501626,214
1789311990609,2,0xd88f..4aa9,0xd841..1892,1764744188344,218
1789311990609,2,0xd88f..4aa9,0xd871..f09b,1,153
1789311990609,2,0xd88f..4aa9,0xd85b..788c,1,154
1789311990609,2,0xd88f..4aa9,0xd844..788a,1787038072800,159
1789311990609,2,0xd88f..4aa9,0xd877..0bb7,1781107887643,196
1789311990609,2,0xd88f..4aa9,0xd855..7e75,1771083861020,165
1789311990609,2,0xd88f..4aa9,0xd85d..4d71,1,154
1789311990609,2,0xd88f..4aa9,0xd82c..f849,1782110005839,218
1789311990609,2,0xd88f..4aa9,0xd86a..7a02,3,171
1789311990609,2,0xd88f..4aa9,0xd83e..37e2,1774489875281,161
1789311990609,2,0xd88f..4aa9,0xd843..50de,125,237
1789311990609,2,0xd88f..4aa9,0xd87f..0370,1786001960518,219
1789311990609,2,0xd88f..4aa9,0xd849..516e,1781487058742,214
1789311990609,2,0xd88f..4aa9,0xd876..012b,1785931831309,140
1789311990609,2,0xd88f..4aa9,0xd80c..9c90,1784811501626,214
1789311990609,2,0xd88f..4aa9,0xd853..d265,1763194502070,218
1789311990775,2,0xd8b2..950e,0xd834..1e1c,950,200
1789311990775,2,0xd8b2..950e,0xd83b..b184,264,147
1789311990775,2,0xd8b2..950e,0xd838..7b90,231,236
1789311990775,2,0xd8b2..950e,0xd839..4088,1774442838392,161
1789311990775,2,0xd8b2..950e,0xd83e..37e2,1774489875281,161
1789311990775,2,0xd8b2..950e,0xd82d..30bd,1766422586399,165
1789311990775,2,0xd8b2..950e,0xd812..98ad,1775586931300,165
1789311990775,2,0xd8b2..950e,0xd81b..8bb9,1757930362077,165
1789311990775,2,0xd8b2..950e,0xd800..e370,260,143
1789311990775,2,0xd8b2..950e,0xd805..1277,1788413312729,165
1789311990775,2,0xd8b2..950e,0xd80f..7e71,1767972626714,165
1789311990775,2,0xd8b2..950e,0xd80f..ef61,1692361549160,165
1789311990775,2,0xd8b2..950e,0xd80c..9c90,1784811501626,214
1789311990775,2,0xd8b2..950e,0xd80c..5caf,7244,204
1789311990775,2,0xd8b2..950e,0xd80c..3fad,6903,239
1789311990775,2,0xd8b2..950e,0xd871..f09b,1,153
1789311990846,2,0xd8bc..7968,0xd8ed..4742,838,256
1789311990846,2,0xd8bc..7968,0xd8d1..b2d3,2,153
1789311990846,2,0xd8bc..7968,0xd8f6..c8eb,1687756280959,165
1789311990846,2,0xd8bc..7968,0xd8cd..329c,4,154
1789311990846,2,0xd8bc..7968,0xd8e4..582c,1786902529549,165
1789311990846,2,0xd8bc..7968,0xd8c5..b084,1779358051612,165
1789311990846,2,0xd8bc..7968,0xd8cc..8aaf,1786883721932,165
1789311990846,2,0xd8bc..7968,0xd8f2..6353,1780949356382,159
1789311990846,2,0xd8bc..7968,0xd8d0..9991,54,198
1789311990846,2,0xd8bc..7968,0xd8f9..ff82,1764936909454,160
1789311990846,2,0xd8bc..7968,0xd8fb..a53b,1767732998814,165
1789311990846,2,0xd8bc..7968,0xd8ff..6d1b,34,202
1789311990846,2,0xd8bc..7968,0xd8f0..33ae,1742499069092,165
1789311990846,2,0xd8bc..7968,0xd8d8..9812,1784147002979,165
1789311990846,2,0xd8bc..7968,0xd8ff..3b8d,1784974244100,214
1789311990846,2,0xd8bc..7968,0xd80c..3fad,6903,239
1789311990991,2,0xd88a..3b3b,0xd85f..e446,4518,205
1789311990991,2,0xd88a..3b3b,0xd87f..0370,1786001960518,219
1789311990991,2,0xd88a..3b3b,0xd87a..7379,54,237
1789311990991,2,0xd88a..3b3b,0xd86a..7a02,3,171
1789311990991,2,0xd88a..3b3b,0xd83e..f025,1787205736653,165
1789311990991,2,0xd88a..3b3b,0xd85d..4d71,1,154
1789311990991,2,0xd88a..3b3b,0xd851..d15d,1771753051877,165
1789311990991,2,0xd88a..3b3b,0xd816..d8a9,1788417807904,165
1789311990991,2,0xd88a..3b3b,0xd843..50de,125,237
1789311990991,2,0xd88a..3b3b,0xd840..6dc6,1745407344687,165
1789311990991,2,0xd88a..3b3b,0xd871..f09b,1,153
1789311990991,2,0xd88a..3b3b,0xd84f..56a3,1763993167583,165
1789311990991,2,0xd88a..3b3b,0xd83e..37e2,1774489875281,161
1789311990991,2,0xd88a..3b3b,0xd82d..30bd,1766422586399,165
1789311990991,2,0xd88a..3b3b,0xd877..0bb7,1781107887643,196
1789311990991,2,0xd88a..3b3b,0xd848..3d2d,1311,200
1789311991265,2,0xd8b9..ffb6,0xd842..3570,140,214
1789311991265,2,0xd8b9..ffb6,0xd846..de1f,1743505667684,165
1789311991265,2,0xd8b9..ffb6,0xd841..1892,1764744188344,218
1789311991265,2,0xd8b9..ffb6,0xd85b..788c,1,154
1789311991265,2,0xd8b9..ffb6,0xd82d..30bd,1766422586399,165
1789311991265,2,0xd8b9..ffb6,0xd84b..2d22,1757554671229,165
1789311991265,2,0xd8b9..ffb6,0xd84e..4e41,1767933372887,165
1789311991265,2,0xd8b9..ffb6,0xd874..eb94,1781617774070,159
1789311991265,2,0xd8b9..ffb6,0xd871..f09b,1,153
1789311991265,2,0xd8b9..ffb6,0xd80c..5caf,7244,204
1789311991265,2,0xd8b9..ffb6,0xd877..0bb7,1781107887643,196
1789311991265,2,0xd8b9..ffb6,0xd844..788a,1787038072800,159
1789311991265,2,0xd8b9..ffb6,0xd85f..e446,4516,205
1789311991265,2,0xd8b9..ffb6,0xd86a..7a02,3,171
1789311991265,2,0xd8b9..ffb6,0xd80f..ef61,1692361549160,165
1789311991265,2,0xd8b9..ffb6,0xd848..3d2d,1311,200
1789311991612,3,0x9520..953e,0x9128..ade1,1710488779825,196
1789311991612,3,0x9520..953e,0x9281..74bb,4,223
1789311991612,3,0x9520..953e,0x906d..e6e1,42,185
1789311991612,3,0x9520..953e,0x923b..59f2,1745174036524,204
1789311991612,3,0x9520..953e,0x934f..ff0c,4,198
1789311991612,3,0x9520..953e,0x9347..5c41,1746116805708,204
1789311991612,3,0x9520..953e,0x923d..66bf,1745958177539,204
1789311991612,3,0x9520..953e,0x93d4..5f3e,1707251913769,159
1789311991612,3,0x9520..953e,0x9298..f89c,52,230
1789311991612,3,0x9520..953e,0x91bb..c0c7,1746367914195,204
1789311991612,3,0x9520..953e,0x901d..d343,2568,200
1789311991612,3,0x9520..953e,0x90b5..ca2b,38,237
1789311991612,3,0x9520..953e,0x9cd6..2d25,1768399079244,165
1789311991612,3,0x9520..953e,0x9fb9..7d81,17,207
1789311991612,3,0x9520..953e,0x9f24..819a,4,190
1789311991612,3,0x9520..953e,0x9d6e..a53b,9,185
1789311992675,3,0x9e30..f114,0x9a2c..88e6,1773960682315,218
1789311992675,3,0x9e30..f114,0x9833..2faa,22,185
1789311992675,3,0x9e30..f114,0x9b17..abef,15070,225
1789311992675,3,0x9e30..f114,0x99ff..9ec9,20,237
1789311992675,3,0x9e30..f114,0x99fa..e566,159,238
1789311992675,3,0x9e30..f114,0x9b82..66d2,88,285
1789311992675,3,0x9e30..f114,0x9814..64e1,1769433837473,165
1789311992675,3,0x9e30..f114,0x985e..ce86,1772818553364,214
1789311992675,3,0x9e30..f114,0x98fe..70e0,1764997252072,165
1789311992675,3,0x9e30..f114,0x9b29..8bf4,1779,286
1789311992675,3,0x9e30..f114,0x9bfe..87c3,171,285
1789311992675,3,0x9e30..f114,0x9920..1d43,342,196
1789311992675,3,0x9e30..f114,0x9904..2e1a,17080970,241
1789311993363,3,0x9920..1d43,0x992a..1e57,1777156142166,218
1789311993363,3,0x9920..1d43,0x993b..8fc4,3,153
1789311993817,3,0x993b..8fc4,0x9936..57c9,1788927350481,145
1789311993817,3,0x993b..8fc4,0x9934..5838,1789104423856,145
1789311993817,3,0x993b..8fc4,0x9932..a26d,1786858249611,165
1789311993817,3,0x993b..8fc4,0x9933..4044,1788830529483,160
1789311993817,3,0x993b..8fc4,0x9930..dc98,4,191
1789311993817,3,0x993b..8fc4,0x9931..37b3,1788643075062,165
1789311993817,3,0x993b..8fc4,0x9932..1294,1789195111929,145
1789311993817,3,0x993b..8fc4,0x9932..eb12,1788982651573,165
1789311993817,3,0x993b..8fc4,0x9937..35af,1789121301590,165
1789311993817,3,0x993b..8fc4,0x9934..24e3,1788953306533,140
1789311993817,3,0x993b..8fc4,0x9930..1abb,1789278242602,210
1789311993817,3,0x993b..8fc4,0x9937..a9c1,149,286
1789311993817,3,0x993b..8fc4,0x9933..53ab,1,158
1789311993817,3,0x993b..8fc4,0x9930..5491,1786088646301,196
1789311993817,3,0x993b..8fc4,0x9935..bced,984,239
1789311993817,3,0x993b..8fc4,0x9930..302a,1788336133175,159
1789311994219,3,0x9930..302a,0x992a..b891,1764514781638,165
1789311994219,3,0x9930..302a,0x992d..ecef,2,154
1789311994219,3,0x9930..302a,0x992a..1e57,1777156142166,218
1789311994219,3,0x9930..302a,0x9922..0e86,1858,240
1789311994219,3,0x9930..302a,0x9922..a831,1788521427233,165
1789311994219,3,0x9930..302a,0x9924..6600,1782348079032,177
1789311994219,3,0x9930..302a,0x9920..1d43,342,196
1789311994219,3,0x9930..302a,0x9929..5331,1749839153312,165
1789311994219,3,0x9930..302a,0x9928..ffd4,1,185
1789311994219,3,0x9930..302a,0x992d..a86d,1783535118538,161
1789311994219,3,0x9930..302a,0x9926..ab9a,1,154
1789311994219,3,0x9930..302a,0x9923..c481,3,154
1789311994219,3,0x9930..302a,0x991c..cf2b,1731667050887,165
1789311994219,3,0x9930..302a,0x9901..97e0,1788381794360,165
1789311994219,3,0x9930..302a,0x991a..401b,1780488063974,214
1789311994219,3,0x9930..302a,0x9909..d5c8,1753972078554,165
1789311995161,3,0x9924..6600,0x9928..ffd4,1,185
1789311995161,3,0x9924..6600,0x992d..ecef,2,154
1789311995161,3,0x9924..6600,0x992d..a86d,1783535118538,161
1789311995161,3,0x9924..6600,0x992a..1e57,1777156142166,218
1789311995161,3,0x9924..6600,0x992a..b891,1764514781638,165
1789311995161,3,0x9924..6600,0x9929..5331,1749839153312,165
1789311995161,3,0x9924..6600,0x993a..3d7e,1777294522571,165
1789311995161,3,0x9924..6600,0x993b..8fc4,3,153
1789311995161,3,0x9924..6600,0x9930..302a,1788336133175,159
1789311995161,3,0x9924..6600,0x993b..a2ba,1734982133462,159
1789311995161,3,0x9924..6600,0x9930..5491,1786088646301,196
1789311995161,3,0x9924..6600,0x993c..7836,1784398276914,188
1789311995161,3,0x9924..6600,0x993b..4905,1776374310432,165
1789311995161,3,0x9924..6600,0x993a..f9d3,1788395307095,165
1789311995161,3,0x9924..6600,0x9938..162b,1789243811641,168
1789311995161,3,0x9924..6600,0x9923..c481,3,154
1789311995161,3,0x9923..c481,0x9924..2dfd,1788380252683,165
1789311995161,3,0x9923..c481,0x9926..ea6c,1788215733258,145
1789311995161,3,0x9923..c481,0x9924..8938,1788238148975,145
1789311995161,3,0x9923..c481,0x9924..ad06,1787770212065,159
1789311995161,3,0x9923..c481,0x9925..ca62,1788783450473,160
1789311995161,3,0x9923..c481,0x9927..2989,1788646788558,165
1789311995161,3,0x9923..c481,0x9926..f5ab,1,154
1789311995161,3,0x9923..c481,0x9927..7777,1,153
1789311995161,3,0x9923..c481,0x9926..ab9a,1,154
1789311995161,3,0x9923..c481,0x9924..6600,1782348079032,177
1789311995161,3,0x9923..c481,0x9929..299b,70,237
1789311995161,3,0x9923..c481,0x9928..1a5a,1788434335331,145
1789311995161,3,0x9923..c481,0x992a..e8e5,1788917585852,145
1789311995161,3,0x9923..c481,0x992d..f86b,1,154
1789311995162,3,0x9923..c481,0x992d..874f,1788230070789,165
1789311995162,3,0x9923..c481,0x992f..6f2c,1788812446314,145
1789311995205,3,0x9909..d5c8,0x993a..f9d3,1788395307095,165
1789311995205,3,0x9909..d5c8,0x9926..ab9a,1,154
1789311995205,3,0x9909..d5c8,0x9928..ffd4,1,185
1789311995205,3,0x9909..d5c8,0x993c..7836,1784398276914,188
1789311995205,3,0x9909..d5c8,0x9924..6600,1782348079032,177
1789311995205,3,0x9909..d5c8,0x9938..162b,1789243811641,168
1789311995205,3,0x9909..d5c8,0x992a..b891,1764514781638,165
1789311995205,3,0x9909..d5c8,0x993b..a2ba,1734982133462,159
1789311995205,3,0x9909..d5c8,0x993b..4905,1776374310432,165
1789311995205,3,0x9909..d5c8,0x9922..0e86,1858,240
1789311995205,3,0x9909..d5c8,0x9922..a831,1788521427233,165
1789311995205,3,0x9909..d5c8,0x993b..8fc4,3,153
1789311995205,3,0x9909..d5c8,0x9930..302a,1788336133175,159
1789311995205,3,0x9909..d5c8,0x9923..c481,3,154
1789311995205,3,0x9909..d5c8,0x993a..3d7e,1777294522571,165
1789311995205,3,0x9909..d5c8,0x992d..a86d,1783535118538,161
1789311995205,3,0x9922..a831,0x992d..ecef,2,154
1789311995205,3,0x9922..a831,0x992d..a86d,1783535118538,161
1789311995205,3,0x9922..a831,0x992a..b891,1764514781638,165
1789311995205,3,0x9922..a831,0x9928..ffd4,1,185
1789311995205,3,0x9922..a831,0x992a..1e57,1777156142166,218
1789311995205,3,0x9922..a831,0x9929..5331,1749839153312,165
1789311995205,3,0x9922..a831,0x9930..302a,1788336133175,159
1789311995205,3,0x9922..a831,0x9938..162b,1789243811641,168
1789311995205,3,0x9922..a831,0x993a..3d7e,1777294522571,165
1789311995205,3,0x9922..a831,0x993c..7836,1784398276914,188
1789311995205,3,0x9922..a831,0x993b..8fc4,3,153
1789311995205,3,0x9922..a831,0x993b..a2ba,1734982133462,159
1789311995205,3,0x9922..a831,0x9935..bced,984,239
1789311995205,3,0x9922..a831,0x993b..4905,1776374310432,165
1789311995205,3,0x9922..a831,0x993a..f9d3,1788395307095,165
1789311995205,3,0x9922..a831,0x9930..5491,1786088646301,196
1789311995209,3,0x991c..cf2b,0x9923..c481,3,154
1789311995209,3,0x991c..cf2b,0x992a..b891,1764514781638,165
1789311995209,3,0x991c..cf2b,0x992a..1e57,1777156142166,218
1789311995209,3,0x991c..cf2b,0x993b..8fc4,3,153
1789311995209,3,0x991c..cf2b,0x992d..a86d,1783535118538,161
1789311995209,3,0x991c..cf2b,0x993b..a2ba,1734982133462,159
1789311995209,3,0x991c..cf2b,0x9924..6600,1782348079032,177
1789311995209,3,0x991c..cf2b,0x9930..302a,1788336133175,159
1789311995209,3,0x991c..cf2b,0x993a..f9d3,1788395307095,165
1789311995209,3,0x991c..cf2b,0x9922..0e86,1858,240
1789311995209,3,0x991c..cf2b,0x9938..162b,1789243811641,168
1789311995209,3,0x991c..cf2b,0x9922..a831,1788521427233,165
1789311995209,3,0x991c..cf2b,0x993a..3d7e,1777294522571,165
1789311995209,3,0x991c..cf2b,0x992d..ecef,2,154
1789311995209,3,0x991c..cf2b,0x993b..4905,1776374310432,165
1789311995209,3,0x991c..cf2b,0x9920..1d43,342,196
1789311995218,3,0x9901..97e0,0x993a..3d7e,1777294522571,165
1789311995218,3,0x9901..97e0,0x9920..1d43,342,196
1789311995218,3,0x9901..97e0,0x993b..4905,1776374310432,165
1789311995218,3,0x9901..97e0,0x9922..a831,1788521427233,165
1789311995218,3,0x9901..97e0,0x9929..5331,1749839153312,165
1789311995218,3,0x9901..97e0,0x993b..8fc4,3,153
1789311995218,3,0x9901..97e0,0x993b..a2ba,1734982133462,159
1789311995218,3,0x9901..97e0,0x992d..a86d,1783535118538,161
1789311995218,3,0x9901..97e0,0x993c..7836,1784398276914,188
1789311995218,3,0x9901..97e0,0x993a..f9d3,1788395307095,165
1789311995218,3,0x9901..97e0,0x992a..b891,1764514781638,165
1789311995218,3,0x9901..97e0,0x9938..162b,1789243811641,168
1789311995218,3,0x9901..97e0,0x9935..bced,984,239
1789311995218,3,0x9901..97e0,0x9930..302a,1788336133175,159
1789311995218,3,0x9901..97e0,0x9922..0e86,1858,240
1789311995218,3,0x9901..97e0,0x9924..6600,1782348079032,177
1789311995237,3,0x9928..ffd4,0x9929..5331,1749839153312,165
1789311995237,3,0x9928..ffd4,0x992a..1e57,1777156142166,218
1789311995237,3,0x9928..ffd4,0x992f..c1ff,5,202
1789311995237,3,0x9928..ffd4,0x992d..ecef,2,154
1789311995237,3,0x9928..ffd4,0x992d..a86d,1783535118538,161
1789311995321,3,0x991a..401b,0x992a..1e57,1777156142166,218
1789311995321,3,0x991a..401b,0x993b..4905,1776374310432,165
1789311995321,3,0x991a..401b,0x9920..1d43,342,196
1789311995321,3,0x991a..401b,0x9929..5331,1749839153312,165
1789311995321,3,0x991a..401b,0x993b..a2ba,1734982133462,159
1789311995321,3,0x991a..401b,0x992d..a86d,1783535118538,161
1789311995321,3,0x991a..401b,0x9922..a831,1788521427233,165
1789311995321,3,0x991a..401b,0x993b..8fc4,3,153
1789311995321,3,0x991a..401b,0x9924..6600,1782348079032,177
1789311995321,3,0x991a..401b,0x9930..302a,1788336133175,159
1789311995321,3,0x991a..401b,0x9922..0e86,1858,240
1789311995321,3,0x991a..401b,0x993a..3d7e,1777294522571,165
1789311995321,3,0x991a..401b,0x992a..b891,1764514781638,165
1789311995321,3,0x991a..401b,0x9928..ffd4,1,185
1789311995321,3,0x991a..401b,0x9923..c481,3,154
1789311995321,3,0x991a..401b,0x9938..162b,1789243811641,168
1789311995321,3,0x992d..a86d,0x9929..5331,1749839153312,165
1789311995321,3,0x992d..a86d,0x9928..ffd4,1,185
1789311995321,3,0x992d..a86d,0x992a..b891,1764514781638,165
1789311995321,3,0x992d..a86d,0x992a..1e57,1777156142166,218
1789311995321,3,0x992d..a86d,0x9920..1d43,342,196
1789311995321,3,0x992d..a86d,0x9926..ab9a,1,154
1789311995321,3,0x992d..a86d,0x9922..a831,1788521427233,165
1789311995321,3,0x992d..a86d,0x9926..db70,13916,286
1789311995321,3,0x992d..a86d,0x9922..0e86,1858,240
1789311995321,3,0x992d..a86d,0x9923..c481,3,154
1789311995321,3,0x992d..a86d,0x9924..6600,1782348079032,177
1789311995329,3,0x9922..0e86,0x9924..ee21,1787336230701,165
1789311995329,3,0x9922..0e86,0x9924..46c3,1787284589313,218
1789311995329,3,0x9922..0e86,0x9926..e41b,1787157957472,159
1789311995329,3,0x9922..0e86,0x9924..ad06,1787770212065,159
1789311995329,3,0x9922..0e86,0x9925..ca62,1788783450473,160
1789311995329,3,0x9922..0e86,0x9926..f5ab,1,154
1789311995329,3,0x9922..0e86,0x9927..2989,1788646788558,165
1789311995329,3,0x9922..0e86,0x9926..db70,13915,256
1789311995329,3,0x9922..0e86,0x9927..7777,1,153
1789311995329,3,0x9922..0e86,0x9926..ab9a,1,154
1789311995329,3,0x9922..0e86,0x9924..6600,1782348079032,177
1789311995329,3,0x9922..0e86,0x992b..fedf,1,154
1789311995329,3,0x9922..0e86,0x9929..6f22,7,202
1789311995329,3,0x9922..0e86,0x9929..e44f,1787257009349,165
1789311995329,3,0x9922..0e86,0x992d..ecef,2,154
1789311995329,3,0x9922..0e86,0x992d..b113,1787074880007,165
1789311995344,3,0x9929..5331,0x992a..b891,1764514781638,165
1789311995344,3,0x9929..5331,0x992a..1e57,1777156142166,218
1789311995344,3,0x9929..5331,0x992d..a86d,1783535118538,161
1789311995344,3,0x9929..5331,0x992d..ecef,2,154
1789311995344,3,0x9929..5331,0x9928..ffd4,1,185
1789311995642,3,0x9935..bced,0x993e..3e2b,1788676721703,145
1789311995642,3,0x9935..bced,0x993d..7f05,1785798118474,165
1789311995642,3,0x9935..bced,0x993d..c2af,1789001911903,165
1789311995642,3,0x9935..bced,0x993f..2e0f,1789114687853,165
1789311995642,3,0x9935..bced,0x993b..0d7b,1788569466090,186
1789311995642,3,0x9935..bced,0x993a..5ddb,1788241687070,210
1789311995642,3,0x9935..bced,0x9939..ba52,45,195
1789311995642,3,0x9935..bced,0x993b..a2ba,1734982133462,159
1789311995642,3,0x9935..bced,0x993b..4905,1776374310432,165
1789311995642,3,0x9935..bced,0x993a..3d7e,1777294522571,165
1789311995642,3,0x9935..bced,0x993b..0e7b,1789093438474,160
1789311995642,3,0x9935..bced,0x9938..162b,1789243811641,168
1789311995642,3,0x9935..bced,0x993a..f9d3,1788395307095,165
1789311995642,3,0x9935..bced,0x993b..8fc4,3,153
1789311995642,3,0x9935..bced,0x993c..7836,1784398276914,188
1789311995642,3,0x9935..bced,0x992e..7fe9,1789177817020,145
1789311997066,3,0x993a..3d7e,0x9923..c481,3,154
1789311997066,3,0x993a..3d7e,0x9920..1d43,342,196
1789311997066,3,0x993a..3d7e,0x9924..6600,1782348079032,177
1789311997066,3,0x993a..3d7e,0x9926..ab9a,1,154
1789311997066,3,0x993a..3d7e,0x9922..0e86,1858,240
1789311997066,3,0x993a..3d7e,0x9929..5331,1749839153312,165
1789311997066,3,0x993a..3d7e,0x992a..1e57,1777156142166,218
1789311997066,3,0x993a..3d7e,0x992d..a86d,1783535118538,161
1789311997066,3,0x993a..3d7e,0x992a..b891,1764514781638,165
1789311997066,3,0x993a..3d7e,0x9922..a831,1788521427233,165
1789311997066,3,0x993a..3d7e,0x9910..98f8,1788355938766,165
1789311997066,3,0x993a..3d7e,0x991c..cf2b,1731667050887,165
1789311997066,3,0x993a..3d7e,0x9909..95a3,168,238
1789311997066,3,0x993a..3d7e,0x9904..2e1a,43700116,288
1789311997066,3,0x993a..3d7e,0x990b..f5ee,1785231388095,165
1789311997066,3,0x993a..3d7e,0x9907..eb77,649,215
1789311997168,3,0x993a..f9d3,0x992a..1e57,1777156142166,218
1789311997168,3,0x993a..f9d3,0x9923..c481,3,154
1789311997168,3,0x993a..f9d3,0x9928..ffd4,1,185
1789311997168,3,0x993a..f9d3,0x9926..ab9a,1,154
1789311997168,3,0x993a..f9d3,0x9922..0e86,1858,240
1789311997168,3,0x993a..f9d3,0x9922..a831,1788521427233,165
1789311997168,3,0x993a..f9d3,0x9929..5331,1749839153312,165
1789311997168,3,0x993a..f9d3,0x992a..b891,1764514781638,165
1789311997168,3,0x993a..f9d3,0x9924..6600,1782348079032,177
1789311997168,3,0x993a..f9d3,0x992d..a86d,1783535118538,161
1789311997168,3,0x993a..f9d3,0x9920..1d43,342,196
1789311997168,3,0x993a..f9d3,0x9910..98f8,1788355938766,165
1789311997168,3,0x993a..f9d3,0x990e..dcc4,1775632388994,165
1789311997168,3,0x993a..f9d3,0x9908..383c,5,284
1789311997168,3,0x993a..f9d3,0x9909..95a3,168,238
1789311997168,3,0x993a..f9d3,0x991c..cf2b,1731667050887,165
1789311997478,3,0x993b..a2ba,0x9922..a831,1788521427233,165
1789311997478,3,0x993b..a2ba,0x9924..6600,1782348079032,177
1789311997478,3,0x993b..a2ba,0x9923..c481,3,154
1789311997478,3,0x993b..a2ba,0x9922..0e86,1858,240
1789311997478,3,0x993b..a2ba,0x9928..ffd4,1,185
1789311997478,3,0x993b..a2ba,0x9929..5331,1749839153312,165
1789311997478,3,0x993b..a2ba,0x992d..ecef,2,154
1789311997478,3,0x993b..a2ba,0x992a..b891,1764514781638,165
1789311997478,3,0x993b..a2ba,0x992d..a86d,1783535118538,161
1789311997478,3,0x993b..a2ba,0x992a..1e57,1777156142166,218
1789311997478,3,0x993b..a2ba,0x9920..1d43,342,196
1789311997478,3,0x993b..a2ba,0x9926..ab9a,1,154
1789311997478,3,0x993b..a2ba,0x9905..7775,1774323061407,159
1789311997478,3,0x993b..a2ba,0x9901..10f3,2,134
1789311997478,3,0x993b..a2ba,0x9910..98f8,1788355938766,165
1789311997478,3,0x993b..a2ba,0x991a..401b,1780488063974,214
1789311997559,3,0x9938..162b,0x992a..b891,1764514781638,165
1789311997559,3,0x9938..162b,0x9924..6600,1782348079032,177
1789311997559,3,0x9938..162b,0x9928..ffd4,1,185
1789311997559,3,0x9938..162b,0x992d..ecef,2,154
1789311997559,3,0x9938..162b,0x9929..5331,1749839153312,165
1789311997559,3,0x9938..162b,0x9923..c481,3,154
1789311997559,3,0x9938..162b,0x9920..1d43,342,196
1789311997559,3,0x9938..162b,0x9922..a831,1788521427233,165
1789311997559,3,0x9938..162b,0x992d..a86d,1783535118538,161
1789311997559,3,0x9938..162b,0x9926..ab9a,1,154
1789311997559,3,0x9938..162b,0x992a..1e57,1777156142166,218
1789311997559,3,0x9938..162b,0x9922..0e86,1858,240
1789311997559,3,0x9938..162b,0x9909..d5c8,1753972078554,165
1789311997559,3,0x9938..162b,0x9909..95a3,168,238
1789311997559,3,0x9938..162b,0x990e..dcc4,1775632388994,165
1789311997559,3,0x9938..162b,0x991b..54e6,1770996846838,162
1789311997567,3,0x990b..f5ee,0x992d..ecef,2,154
1789311997567,3,0x990b..f5ee,0x993a..3d7e,1777294522571,165
1789311997567,3,0x990b..f5ee,0x9922..a831,1788521427233,165
1789311997567,3,0x990b..f5ee,0x993a..f9d3,1788395307095,165
1789311997567,3,0x990b..f5ee,0x9923..c481,3,154
1789311997567,3,0x990b..f5ee,0x993b..a2ba,1734982133462,159
1789311997567,3,0x990b..f5ee,0x9938..162b,1789243811641,168
1789311997567,3,0x990b..f5ee,0x9929..5331,1749839153312,165
1789311997567,3,0x990b..f5ee,0x9922..0e86,1858,240
1789311997567,3,0x990b..f5ee,0x993b..4905,1776374310432,165
1789311997567,3,0x990b..f5ee,0x9930..302a,1788336133175,159
1789311997567,3,0x990b..f5ee,0x993b..8fc4,3,153
1789311997567,3,0x990b..f5ee,0x992a..b891,1764514781638,165
1789311997567,3,0x990b..f5ee,0x9924..6600,1782348079032,177
1789311997567,3,0x990b..f5ee,0x9920..1d43,342,196
1789311997567,3,0x990b..f5ee,0x992d..a86d,1783535118538,161
1789311997576,3,0x9908..383c,0x9915..b40d,1,154
1789311997576,3,0x9908..383c,0x9914..212c,1787414753543,145
1789311997576,3,0x9908..383c,0x9912..2861,1789059471924,165
1789311997576,3,0x9908..383c,0x991e..1e5e,1787069856407,165
1789311997576,3,0x9908..383c,0x9913..10e9,1788134375837,159
1789311997576,3,0x9908..383c,0x9910..9298,1782065635560,165
1789311997576,3,0x9908..383c,0x991b..fa88,1788660007721,140
1789311997576,3,0x9908..383c,0x991c..be7b,1789177786592,145
1789311997576,3,0x9908..383c,0x9915..9e49,1789209616296,145
1789311997576,3,0x9908..383c,0x9916..6024,1789242859560,145
1789311997576,3,0x9908..383c,0x9912..47a1,9,161
1789311997576,3,0x9908..383c,0x991b..54e6,1770996846838,162
1789311997576,3,0x9908..383c,0x991d..931a,12,237
1789311997576,3,0x9908..383c,0x991c..cf2b,1731667050887,165
1789311997576,3,0x9908..383c,0x9910..98f8,1788355938766,165
1789311997576,3,0x9908..383c,0x9930..302a,1788336133170,159
1789311997607,3,0x9909..95a3,0x9928..5731,4,237
1789311997607,3,0x9909..95a3,0x992a..1e57,1777156142166,218
1789311997607,3,0x9909..95a3,0x9935..bced,984,239
1789311997607,3,0x9909..95a3,0x9926..ab9a,1,154
1789311997607,3,0x9909..95a3,0x9920..1d43,342,196
1789311997607,3,0x9909..95a3,0x9930..5491,1786088646301,196
1789311997607,3,0x9909..95a3,0x993a..3d7e,1777294522571,165
1789311997607,3,0x9909..95a3,0x9922..0e86,1858,240
1789311997607,3,0x9909..95a3,0x993a..f9d3,1788395307095,165
1789311997607,3,0x9909..95a3,0x993b..a2ba,1734982133462,159
1789311997607,3,0x9909..95a3,0x993c..7836,1784398276914,188
1789311997607,3,0x9909..95a3,0x993b..8fc4,3,153
1789311997607,3,0x9909..95a3,0x9923..c481,3,154
1789311997607,3,0x9909..95a3,0x992d..a86d,1783535118538,161
1789311997607,3,0x9909..95a3,0x9938..162b,1789243811641,168
1789311997607,3,0x9909..95a3,0x9929..5331,1749839153312,165
1789311997787,3,0x993c..7836,0x9922..a831,1788521427233,165
1789311997787,3,0x993c..7836,0x992d..a86d,1783535118538,161
1789311997787,3,0x993c..7836,0x992a..1e57,1777156142166,218
1789311997787,3,0x993c..7836,0x992a..b891,1764514781638,165
1789311997787,3,0x993c..7836,0x9926..db70,13916,286
1789311997787,3,0x993c..7836,0x9923..c481,3,154
1789311997787,3,0x993c..7836,0x9928..ffd4,1,185
1789311997787,3,0x993c..7836,0x9920..1d43,342,196
1789311997787,3,0x993c..7836,0x9924..6600,1782348079032,177
1789311997787,3,0x993c..7836,0x9922..0e86,1858,240
1789311997787,3,0x993c..7836,0x992d..ecef,2,154
1789311997787,3,0x993c..7836,0x9929..5331,1749839153312,165
1789311997787,3,0x993c..7836,0x9901..10f3,2,134
1789311997787,3,0x993c..7836,0x9910..9298,1782065635560,165
1789311997787,3,0x993c..7836,0x9909..d5c8,1753972078554,165
1789311997787,3,0x993c..7836,0x9905..7775,1774323061407,159
1789311997826,3,0x9907..eb77,0x993b..8fc4,3,153
1789311997826,3,0x9907..eb77,0x9929..5331,1749839153312,165
1789311997826,3,0x9907..eb77,0x992a..b891,1764514781638,165
1789311997826,3,0x9907..eb77,0x9922..0e86,1858,240
1789311997826,3,0x9907..eb77,0x993c..7836,1784398276914,188
1789311997826,3,0x9907..eb77,0x9924..6600,1782348079032,177
1789311997826,3,0x9907..eb77,0x9938..162b,1789243811641,168
1789311997826,3,0x9907..eb77,0x992d..ecef,2,154
1789311997826,3,0x9907..eb77,0x9923..c481,3,154
1789311997826,3,0x9907..eb77,0x993b..a2ba,1734982133462,159
1789311997826,3,0x9907..eb77,0x992d..a86d,1783535118538,161
1789311997826,3,0x9907..eb77,0x993d..092e,546,204
1789311997826,3,0x9907..eb77,0x992a..1e57,1777156142166,218
1789311997826,3,0x9907..eb77,0x993a..3d7e,1777294522571,165
1789311997826,3,0x9907..eb77,0x9928..ffd4,1,185
1789311997826,3,0x9907..eb77,0x9930..302a,1788336133175,159
1789311997866,3,0x990e..dcc4,0x993a..f9d3,1788395307095,165
1789311997866,3,0x990e..dcc4,0x993b..4905,1776374310432,165
1789311997866,3,0x990e..dcc4,0x9938..162b,1789243811641,168
1789311997866,3,0x990e..dcc4,0x9928..ffd4,1,185
1789311997866,3,0x990e..dcc4,0x992a..1e57,1777156142166,218
1789311997866,3,0x990e..dcc4,0x992a..b891,1764514781638,165
1789311997866,3,0x990e..dcc4,0x992d..a86d,1783535118538,161
1789311997866,3,0x990e..dcc4,0x993c..7836,1784398276914,188
1789311997866,3,0x990e..dcc4,0x9924..6600,1782348079032,177
1789311997866,3,0x990e..dcc4,0x993a..3d7e,1777294522571,165
1789311997866,3,0x990e..dcc4,0x9922..a831,1788521427233,165
1789311997866,3,0x990e..dcc4,0x9923..c481,3,154
1789311997866,3,0x990e..dcc4,0x993b..a2ba,1734982133462,159
1789311997866,3,0x990e..dcc4,0x993b..8fc4,3,153
1789311997866,3,0x990e..dcc4,0x9922..0e86,1858,240
1789311997866,3,0x990e..dcc4,0x9920..1d43,342,196
1789311997894,3,0x991b..54e6,0x993b..a2ba,1734982133462,159
1789311997894,3,0x991b..54e6,0x993a..3d7e,1777294522571,165
1789311997894,3,0x991b..54e6,0x993c..7836,1784398276914,188
1789311997894,3,0x991b..54e6,0x992d..a86d,1783535118538,161
1789311997894,3,0x991b..54e6,0x9922..0e86,1858,240
1789311997895,3,0x991b..54e6,0x9923..c481,3,154
1789311997895,3,0x991b..54e6,0x993a..f9d3,1788395307095,165
1789311997895,3,0x991b..54e6,0x9938..162b,1789243811641,168
1789311997895,3,0x991b..54e6,0x9922..a831,1788521427233,165
1789311997895,3,0x991b..54e6,0x993b..4905,1776374310432,165
1789311997895,3,0x991b..54e6,0x992a..b891,1764514781638,165
1789311997895,3,0x991b..54e6,0x9935..bced,984,239
1789311997895,3,0x991b..54e6,0x993b..8fc4,3,153
1789311997895,3,0x991b..54e6,0x9928..ffd4,1,185
1789311997895,3,0x991b..54e6,0x9924..6600,1782348079032,177
1789311997895,3,0x991b..54e6,0x9930..302a,1788336133175,159
1789311997997,3,0x9901..10f3,0x9919..877f,1789246518545,145
1789311997997,3,0x9901..10f3,0x9914..d035,6,237
1789311997997,3,0x9901..10f3,0x9912..47a1,9,161
1789311997997,3,0x9901..10f3,0x9910..98f8,1788355938766,165
1789311997997,3,0x9901..10f3,0x991d..931a,12,237
1789311997997,3,0x9901..10f3,0x991c..cf2b,1731667050887,165
1789311997997,3,0x9901..10f3,0x991f..9bd3,52,238
1789311997997,3,0x9901..10f3,0x991a..401b,1780488063974,214
1789311997997,3,0x9901..10f3,0x9910..9298,1782065635560,165
1789311997997,3,0x9901..10f3,0x991b..54e6,1770996846838,162
1789311997997,3,0x9901..10f3,0x992d..a86d,1783535118538,161
1789311997997,3,0x9901..10f3,0x993c..7836,1784398276914,188
1789311997997,3,0x9901..10f3,0x992a..1e57,1777156142166,218
1789311997997,3,0x9901..10f3,0x9929..5331,1749839153312,165
1789311997997,3,0x9901..10f3,0x9923..c481,3,154
1789311997997,3,0x9901..10f3,0x9922..a831,1788521427233,165
1789311998240,3,0x991d..931a,0x990d..1e98,1789284160216,159
1789311998240,3,0x991d..931a,0x9901..a8f3,1781790898520,159
1789311998240,3,0x991d..931a,0x990a..68ec,1731297093602,167
1789311998240,3,0x991d..931a,0x9908..383c,5,284
1789311998240,3,0x991d..931a,0x9905..7775,1774323061407,159
1789311998240,3,0x991d..931a,0x990b..f5ee,1785231388095,165
1789311998240,3,0x991d..931a,0x9901..97e0,1788381794360,165
1789311998240,3,0x991d..931a,0x9909..d5c8,1753972078554,165
1789311998240,3,0x991d..931a,0x9901..10f3,2,134
1789311998240,3,0x991d..931a,0x990f..959a,36,237
1789311998240,3,0x991d..931a,0x9907..eb77,649,215
1789311998240,3,0x991d..931a,0x990e..dcc4,1775632388994,165
1789311998240,3,0x991d..931a,0x9939..ba52,45,195
1789311998240,3,0x991d..931a,0x993a..f9d3,1788395307095,165
1789311998240,3,0x991d..931a,0x9920..1d43,342,196
1789311998240,3,0x991d..931a,0x9922..0e86,1858,240
1789311998486,3,0x9910..98f8,0x992d..a86d,1783535118538,161
1789311998486,3,0x9910..98f8,0x993b..8fc4,3,153
1789311998486,3,0x9910..98f8,0x9922..0e86,1858,240
1789311998486,3,0x9910..98f8,0x992d..ecef,2,154
1789311998486,3,0x9910..98f8,0x9929..5331,1749839153312,165
1789311998486,3,0x9910..98f8,0x9923..c481,3,154
1789311998486,3,0x9910..98f8,0x993b..a2ba,1734982133462,159
1789311998486,3,0x9910..98f8,0x9920..1d43,342,196
1789311998486,3,0x9910..98f8,0x9938..162b,1789243811641,168
1789311998486,3,0x9910..98f8,0x993c..7836,1784398276914,188
1789311998486,3,0x9910..98f8,0x993a..3d7e,1777294522571,165
1789311998486,3,0x9910..98f8,0x9924..6600,1782348079032,177
1789311998486,3,0x9910..98f8,0x993a..f9d3,1788395307095,165
1789311998486,3,0x9910..98f8,0x993b..4905,1776374310432,165
1789311998486,3,0x9910..98f8,0x992a..b891,1764514781638,165
1789311998486,3,0x9910..98f8,0x9935..bced,984,239
